Open,High,Low,Close,Volume
2.75,2.78,2.74,2.76,19805718
2.72,2.73,2.6,2.64,32212155
2.68,2.73,2.68,2.73,13849581
2.71,2.73,2.67,2.67,19585998
2.72,2.76,2.68,2.72,60637558
2.63,2.64,2.57,2.61,11605068
2.66,2.67,2.59,2.63,12688365
2.71,2.73,2.62,2.65,27316077
2.62,2.73,2.62,2.7,36027459
2.66,2.72,2.62,2.62,44674201
2.46,2.67,2.45,2.65,71811136
2.45,2.48,2.42,2.46,17194422
2.41,2.53,2.4,2.45,78583254
2.37,2.42,2.34,2.39,21298076
2.4,2.4,2.35,2.35,8416681
2.43,2.43,2.37,2.39,12730585
2.34,2.42,2.33,2.42,23280091
2.39,2.4,2.33,2.35,10615090
2.42,2.52,2.4,2.41,88518213
2.29,2.35,2.28,2.35,42125396
2.31,2.34,2.27,2.29,23481998
2.22,2.3,2.21,2.3,45536521
2.16,2.19,2.14,2.16,17115116
2.18,2.19,2.15,2.15,23605841
2.19,2.23,2.17,2.18,21249002
2.24,2.28,2.18,2.18,26362295
2.2,2.26,2.2,2.23,30598295
2.1,2.21,2.1,2.21,50244469
2.3,2.34,2.26,2.28,49666018
2.36,2.4,2.34,2.37,42009102
2.31,2.36,2.3,2.36,41190484
2.3,2.34,2.27,2.31,31961706
2.34,2.34,2.28,2.29,28336633
2.35,2.37,2.31,2.34,47795473
2.34,2.41,2.34,2.35,55957151
2.37,2.39,2.33,2.33,53078593
2.36,2.4,2.33,2.38,56158411
2.29,2.38,2.28,2.35,80822462
2.17,2.28,2.17,2.27,50141117
2.17,2.2,2.16,2.18,20902957
2.14,2.16,2.11,2.14,20206118
2.16,2.18,2.14,2.14,20788991
2.16,2.19,2.16,2.17,25898567
2.18,2.21,2.16,2.16,26436920
2.21,2.21,2.18,2.18,30026599
2.18,2.21,2.14,2.21,41086220
2.22,2.22,2.16,2.17,60367695
2.24,2.25,2.22,2.23,30940446
2.22,2.25,2.21,2.24,41548361
2.22,2.25,2.18,2.22,54268859
2.17,2.23,2.14,2.22,67614726
2.25,2.26,2.19,2.19,62811131
2.24,2.3,2.24,2.26,69218941
2.2,2.26,2.19,2.25,95551043
2.15,2.24,2.13,2.19,71560804
2.18,2.23,2.11,2.11,72910211
2.03,2.17,2.0,2.11,77926427
1.92,2.13,1.89,2.04,123786938
1.69,1.77,1.68,1.77,46582384
1.67,1.75,1.65,1.7,29198441
1.66,1.66,1.65,1.66,23958584
1.65,1.67,1.64,1.65,32453719
1.69,1.7,1.65,1.66,29764552
1.71,1.74,1.69,1.7,43820659
1.7,1.73,1.63,1.7,64018345
1.6,1.64,1.59,1.6,34685187
1.63,1.7,1.62,1.62,45843581
1.62,1.63,1.46,1.62,62147727
1.51,1.58,1.5,1.5,40316682
1.5,1.54,1.46,1.52,45457775
1.63,1.66,1.6,1.62,30915778
1.61,1.71,1.6,1.62,37160706
1.69,1.81,1.65,1.7,49412580
1.66,1.67,1.63,1.66,22398265
1.63,1.69,1.61,1.63,36404896
1.6,1.62,1.53,1.6,44171602
1.61,1.69,1.59,1.6,41335906
1.69,1.75,1.67,1.67,30277926
1.77,1.82,1.72,1.72,67827857
1.82,1.86,1.82,1.82,19861955
1.85,1.91,1.85,1.85,25950711
1.85,1.86,1.8,1.84,24233051
1.82,1.82,1.76,1.8,23850918
1.76,1.77,1.73,1.76,19015688
1.78,1.8,1.72,1.77,29121979
1.71,1.73,1.68,1.72,21249311
1.72,1.72,1.56,1.72,38789695
1.66,1.76,1.63,1.64,23618249
1.75,1.8,1.72,1.73,25060989
1.8,1.86,1.79,1.79,25206314
1.84,1.9,1.82,1.83,25452224
1.91,1.91,1.88,1.91,17426459
1.92,1.93,1.89,1.91,17652199
1.89,1.92,1.88,1.92,24722296
1.9,1.95,1.87,1.89,21554854
1.95,1.96,1.92,1.94,19994198
1.91,1.95,1.9,1.91,21005458
1.96,2.02,1.95,1.95,20918505
1.96,1.97,1.93,1.97,15006010
1.95,1.98,1.94,1.94,18740331
1.95,1.99,1.93,1.96,17500848
1.95,1.97,1.87,1.97,20034889
1.93,1.96,1.91,1.92,14237846
1.96,1.98,1.95,1.95,16800529
1.97,2.01,1.96,1.97,20076916
2.0,2.01,1.98,2.01,16623894
1.99,2.04,1.99,2.0,24169699
2.03,2.06,2.02,2.03,17040519
2.05,2.06,2.02,2.05,13242158
2.03,2.09,2.02,2.03,24203832
2.09,2.11,2.07,2.09,17857183
2.11,2.12,2.08,2.11,17188781
2.12,2.13,2.09,2.13,15090137
2.12,2.13,2.11,2.11,21815491
2.12,2.13,2.11,2.12,20483108
2.12,2.14,2.11,2.11,19471279
2.14,2.16,2.13,2.13,14104343
2.15,2.19,2.15,2.16,14621813
2.19,2.2,2.16,2.19,21015641
2.18,2.18,2.12,2.17,18497943
2.11,2.13,2.1,2.11,20118051
2.14,2.14,2.09,2.14,21730733
2.13,2.15,2.13,2.13,15243691
2.13,2.15,2.12,2.13,18442306
2.15,2.17,2.12,2.13,19742015
2.17,2.19,2.15,2.15,20814007
2.17,2.17,2.14,2.17,20719916
2.22,2.23,2.16,2.16,27269246
2.13,2.21,2.13,2.2,35303850
2.08,2.15,2.07,2.13,25030242
2.12,2.13,2.07,2.08,15917408
2.15,2.18,2.12,2.12,23822912
2.0,2.16,1.99,2.14,52324165
2.0,2.01,1.99,2.01,14488283
2.07,2.09,2.0,2.0,27639516
2.06,2.11,2.06,2.07,30784134
2.0,2.06,2.0,2.04,24827486
2.0,2.01,1.99,1.99,21223326
2.0,2.01,1.99,2.0,17765935
1.99,2.02,1.98,2.0,15204162
1.96,1.99,1.94,1.99,24528751
1.98,2.0,1.95,1.95,19298574
2.0,2.01,1.96,1.96,20310231
2.01,2.02,1.96,1.99,19455611
1.94,2.05,1.92,2.01,29561796
1.95,1.97,1.92,1.92,22626309
2.02,2.03,1.95,1.95,25949417
2.05,2.05,2.03,2.04,14317144
2.04,2.08,2.03,2.04,21646164
2.05,2.07,2.03,2.04,23453124
2.04,2.06,2.01,2.06,21208635
2.08,2.08,2.03,2.05,22779315
1.98,2.1,1.96,2.08,29713139
2.02,2.04,1.98,1.98,29571032
2.05,2.09,2.01,2.01,25108904
2.08,2.08,2.04,2.04,25875621
2.11,2.11,2.06,2.07,23368815
2.12,2.16,2.1,2.1,25128690
2.12,2.13,2.1,2.12,21356309
2.13,2.15,2.12,2.12,29075861
2.17,2.19,2.12,2.13,19297693
2.22,2.22,2.15,2.17,21465636
2.21,2.24,2.21,2.22,16871980
2.24,2.24,2.21,2.22,20899612
2.25,2.26,2.22,2.24,15158284
2.23,2.27,2.21,2.24,22663153
2.24,2.24,2.21,2.23,17804785
2.24,2.25,2.22,2.23,18375827
2.23,2.26,2.21,2.25,24597909
2.25,2.26,2.22,2.23,17958633
2.25,2.27,2.23,2.25,17809548
2.27,2.3,2.24,2.25,26450425
2.25,2.29,2.24,2.26,23650720
2.22,2.26,2.19,2.24,18737464
2.24,2.25,2.2,2.22,20989404
2.27,2.27,2.24,2.25,29318112
2.27,2.27,2.23,2.27,20630729
2.26,2.28,2.25,2.27,18059188
2.3,2.3,2.24,2.28,22651762
2.3,2.32,2.28,2.29,22027390
2.23,2.29,2.22,2.25,25404475
2.18,2.28,2.16,2.27,32548632
2.23,2.24,2.17,2.17,15704716
2.23,2.26,2.22,2.23,20643934
2.22,2.27,2.21,2.23,18774368
2.25,2.25,2.22,2.23,17073864
2.27,2.27,2.24,2.24,17124894
2.27,2.28,2.25,2.27,19009547
2.26,2.28,2.25,2.27,20326148
2.29,2.32,2.25,2.25,24206032
2.26,2.29,2.21,2.26,24748307
2.3,2.33,2.26,2.26,20476234
2.29,2.38,2.27,2.3,41334175
2.21,2.28,2.2,2.27,29122294
2.31,2.31,2.13,2.2,35640612
2.34,2.35,2.26,2.28,28942844
2.43,2.47,2.32,2.34,43279571
2.4,2.45,2.35,2.37,40427067
2.43,2.54,2.42,2.47,94122245
2.28,2.39,2.26,2.36,49638174
2.31,2.38,2.31,2.32,41678659
2.27,2.33,2.25,2.31,33085950
2.2,2.31,2.2,2.27,39155215
2.25,2.25,2.2,2.22,19440305
2.27,2.31,2.23,2.25,26401320
2.27,2.35,2.26,2.26,54082310
2.13,2.29,2.12,2.26,67955350
2.16,2.16,2.11,2.12,20801308
2.14,2.17,2.13,2.16,20623704
2.08,2.15,2.08,2.14,23342064
2.07,2.09,2.05,2.08,15026844
2.08,2.1,2.05,2.06,21556998
2.13,2.13,2.06,2.06,20622047
2.15,2.17,2.12,2.13,19558157
2.16,2.18,2.13,2.14,20062088
2.14,2.16,2.13,2.15,19993487
2.14,2.18,2.14,2.14,22860574
2.15,2.16,2.12,2.14,22252664
2.18,2.19,2.15,2.16,25240662
2.15,2.21,2.15,2.17,25646041
2.14,2.19,2.13,2.13,74705229
2.14,2.14,2.12,2.14,19023950
2.17,2.17,2.14,2.15,17744182
2.17,2.18,2.15,2.16,14598941
2.2,2.22,2.15,2.17,23860662
2.21,2.24,2.2,2.2,23126998
2.15,2.23,2.14,2.2,31893414
2.14,2.15,2.13,2.14,18991015
2.13,2.15,2.13,2.14,18449602
2.14,2.16,2.12,2.13,15797669
2.14,2.14,2.12,2.14,18177771
2.11,2.13,2.08,2.12,20052566
2.12,2.14,2.1,2.1,20386529
2.15,2.16,2.1,2.1,24453253
2.15,2.19,2.14,2.14,22790738
2.16,2.21,2.13,2.14,29605278
2.15,2.18,2.08,2.13,28077904
2.17,2.24,2.14,2.14,22040246
2.1,2.17,2.1,2.15,24611953
2.2,2.2,2.07,2.07,26429652
2.33,2.34,2.25,2.29,20876440
2.3,2.41,2.29,2.33,24369906
2.36,2.37,2.28,2.3,24250816
2.21,2.41,2.2,2.38,41501397
2.22,2.25,2.17,2.22,26918842
2.25,2.31,2.23,2.23,21294670
2.29,2.29,2.21,2.25,21030346
2.33,2.34,2.29,2.29,19250903
2.34,2.36,2.3,2.33,18223146
2.37,2.38,2.33,2.34,17776042
2.43,2.45,2.34,2.37,25918710
2.41,2.46,2.38,2.43,24518787
2.34,2.41,2.31,2.4,29123957
2.33,2.37,2.29,2.33,23350593
2.25,2.36,2.23,2.33,40225382
2.19,2.26,2.19,2.23,36698360
2.08,2.21,2.07,2.18,41630009
2.06,2.08,2.05,2.07,19845491
2.07,2.1,2.04,2.06,19330953
2.06,2.08,2.02,2.08,19007645
2.03,2.07,2.03,2.06,15082132
2.09,2.09,2.02,2.03,21910950
2.1,2.1,2.05,2.09,19329169
2.14,2.15,2.07,2.1,24294732
2.06,2.15,2.04,2.13,34727970
2.0,2.07,1.98,2.05,39178137
1.98,2.0,1.97,2.0,18379601
2.03,2.03,1.97,1.97,21508832
2.03,2.07,2.01,2.03,27869584
1.95,2.02,1.95,2.02,30031768
1.98,2.01,1.94,1.94,23185420
2.03,2.03,1.97,1.99,18961874
2.01,2.08,2.01,2.02,20245809
1.95,2.03,1.94,2.0,22261290
1.98,2.01,1.95,1.95,21298977
2.08,2.1,1.96,1.97,30136880
2.0,2.1,2.0,2.05,27663064
1.88,2.03,1.87,2.0,29467811
1.9,1.9,1.86,1.88,19897943
1.88,1.92,1.88,1.88,21272654
1.85,1.89,1.82,1.88,28801958
1.88,1.9,1.84,1.84,31975740
1.91,1.93,1.88,1.88,24019003
1.96,1.97,1.89,1.89,40586712
1.95,1.97,1.88,1.95,27309483
1.99,2.0,1.93,1.93,18400502
2.08,2.08,1.98,1.98,24885545
2.0,2.09,1.99,2.07,27453500
2.08,2.08,1.95,2.02,30763983
2.16,2.18,2.0,2.05,38293592
2.23,2.24,2.15,2.18,25702734
2.26,2.27,2.21,2.24,23288451
2.24,2.26,2.23,2.25,19411322
2.25,2.29,2.24,2.25,20769138
2.29,2.29,2.22,2.26,27246210
2.32,2.32,2.25,2.29,21444061
2.36,2.39,2.31,2.31,24416888
2.3,2.36,2.29,2.35,25675911
2.29,2.31,2.29,2.29,18545781
2.32,2.33,2.28,2.29,15133111
2.32,2.35,2.29,2.31,25252361
2.35,2.35,2.29,2.31,20381618
2.31,2.39,2.31,2.33,21056608
2.29,2.41,2.26,2.38,45716868
2.33,2.36,2.29,2.29,24274132
2.29,2.37,2.28,2.31,23038355
2.35,2.37,2.28,2.3,23757936
2.37,2.41,2.32,2.35,24346416
2.4,2.42,2.37,2.37,20341724
2.42,2.44,2.37,2.4,23651379
2.43,2.45,2.41,2.41,21346916
2.45,2.47,2.39,2.42,24259356
2.43,2.52,2.42,2.43,28960061
2.46,2.5,2.41,2.43,26335131
2.61,2.61,2.47,2.49,24595885
2.62,2.68,2.57,2.59,24829194
2.75,2.95,2.61,2.61,55257983
2.31,2.71,2.3,2.71,57030124
2.23,2.38,2.23,2.36,30130157
2.19,2.25,2.18,2.24,21799757
2.16,2.2,2.14,2.19,20908214
2.18,2.19,2.14,2.17,28847372
2.23,2.24,2.16,2.19,24710191
2.24,2.27,2.24,2.24,16095443
2.26,2.26,2.24,2.24,17613314
2.27,2.27,2.24,2.25,19644659
2.27,2.29,2.26,2.26,22783457
2.28,2.29,2.26,2.26,20396615
2.29,2.3,2.27,2.29,19247847
2.26,2.29,2.25,2.29,19258207
2.27,2.28,2.25,2.26,21976350
2.25,2.28,2.25,2.27,16126291
2.22,2.28,2.22,2.25,21712040
2.26,2.27,2.22,2.22,22559029
2.29,2.33,2.25,2.27,34087074
2.21,2.3,2.21,2.3,27913916
2.22,2.23,2.19,2.21,16263368
2.21,2.24,2.2,2.21,21814205
2.22,2.23,2.2,2.22,21650085
2.21,2.23,2.16,2.22,24634943
2.26,2.26,2.2,2.21,23862896
2.32,2.35,2.24,2.24,23680917
2.34,2.36,2.3,2.33,19177973
2.26,2.35,2.21,2.33,25002499
2.25,2.27,2.2,2.27,37087524
2.23,2.26,2.17,2.24,27287969
2.23,2.24,2.09,2.23,32048305
2.23,2.3,2.21,2.22,26292043
2.35,2.4,2.22,2.22,38466877
2.45,2.49,2.35,2.35,30507612
2.51,2.53,2.44,2.47,21929415
2.58,2.59,2.49,2.51,24810980
2.63,2.64,2.59,2.59,20049103
2.56,2.64,2.55,2.64,24012860
2.5,2.56,2.5,2.56,21513737
2.48,2.54,2.45,2.5,20685828
2.52,2.6,2.45,2.5,21535400
2.6,2.63,2.55,2.55,22724619
2.67,2.67,2.62,2.64,20558031
2.72,2.73,2.65,2.66,27126474
2.64,2.75,2.56,2.71,21492365
2.87,2.87,2.63,2.65,27311668
2.86,2.89,2.85,2.86,16688422
2.9,2.91,2.85,2.85,19678715
2.9,2.96,2.87,2.89,18826457
2.91,2.93,2.88,2.89,36862447
2.98,3.02,2.91,2.91,25007108
2.91,2.97,2.86,2.96,27965065
3.0,3.0,2.88,2.92,22767432
3.0,3.03,2.97,2.99,19857775
3.06,3.07,2.92,2.99,31292729
3.12,3.12,3.01,3.08,29661194
3.15,3.15,3.09,3.12,22235142
3.15,3.16,3.11,3.14,20309540
3.19,3.2,3.12,3.15,24109763
3.2,3.22,3.18,3.19,25115098
3.25,3.27,3.2,3.2,20277966
3.22,3.32,3.2,3.26,43639340
3.18,3.22,3.16,3.22,18891719
3.19,3.23,3.18,3.2,23984617
3.19,3.24,3.19,3.19,22969637
3.19,3.21,3.18,3.18,19623934
3.19,3.21,3.16,3.19,23495127
3.25,3.25,3.19,3.19,22162425
3.25,3.27,3.22,3.23,18877490
3.2,3.28,3.19,3.25,26628156
3.17,3.21,3.17,3.2,24274675
3.2,3.21,3.18,3.18,10337572
3.18,3.21,3.17,3.19,17098025
3.19,3.24,3.16,3.17,18318567
3.17,3.19,3.15,3.19,17368003
3.19,3.2,3.13,3.17,17239737
3.22,3.27,3.15,3.19,22676207
3.16,3.23,3.15,3.21,15239120
3.18,3.2,3.15,3.16,22489739
3.2,3.21,3.16,3.19,19804642
3.25,3.25,3.19,3.2,20842267
3.27,3.33,3.22,3.22,27963998
3.21,3.27,3.18,3.27,20532484
3.2,3.22,3.18,3.2,20232859
3.22,3.22,3.17,3.2,25813938
3.27,3.27,3.18,3.22,21567155
3.4,3.4,3.25,3.25,26485088
3.36,3.41,3.35,3.4,21055251
3.35,3.45,3.3,3.4,23140759
3.39,3.4,3.35,3.37,19501018
3.51,3.51,3.38,3.4,25299494
3.52,3.52,3.49,3.51,31771140
3.54,3.54,3.49,3.53,20627239
3.54,3.55,3.49,3.55,21072185
3.54,3.55,3.48,3.54,21692404
3.49,3.55,3.48,3.53,21673157
3.47,3.51,3.43,3.49,23106723
3.5,3.51,3.45,3.47,20578948
3.52,3.53,3.48,3.5,22955373
3.56,3.56,3.5,3.52,22860466
3.58,3.59,3.52,3.56,23544572
3.61,3.62,3.57,3.59,26101879
3.62,3.63,3.59,3.63,20688170
3.65,3.66,3.59,3.61,20440411
3.6,3.71,3.6,3.65,22002709
3.7,3.7,3.6,3.6,24199035
3.68,3.7,3.65,3.69,23015436
3.66,3.67,3.63,3.67,23917288
3.65,3.68,3.64,3.66,23404164
3.62,3.66,3.61,3.65,20986925
3.6,3.62,3.57,3.61,20903290
3.54,3.67,3.54,3.6,30431047
3.39,3.54,3.34,3.54,26473528
3.27,3.41,3.26,3.4,28745476
3.21,3.27,3.2,3.26,21305374
3.24,3.25,3.19,3.19,22187622
3.32,3.35,3.23,3.23,22848062
3.17,3.35,3.16,3.31,29416517
3.19,3.21,3.12,3.14,24484084
3.23,3.31,3.16,3.16,22448695
3.37,3.47,3.22,3.23,30255074
3.49,3.5,3.36,3.42,27305220
3.64,3.64,3.47,3.47,24984727
3.62,3.68,3.58,3.65,23829783
3.6,3.69,3.57,3.57,24797132
3.78,3.78,3.54,3.61,32016779
3.86,3.93,3.71,3.78,65965058
3.8,3.91,3.8,3.85,24670718
3.78,3.86,3.78,3.79,20311201
3.89,3.9,3.73,3.8,22358869
3.91,3.96,3.9,3.91,18913581
3.98,3.99,3.9,3.9,22043010
4.01,4.03,3.97,4.0,21753519
4.01,4.03,3.98,4.03,21543713
4.01,4.02,3.98,4.02,19996777
4.02,4.03,3.99,4.0,21682442
4.02,4.04,3.99,4.03,24849031
4.02,4.06,3.99,4.01,25531502
4.02,4.04,4.0,4.02,23977345
4.03,4.03,3.95,4.0,24756808
4.03,4.05,4.0,4.03,23302986
4.01,4.06,3.99,4.05,27878362
4.05,4.06,3.97,4.0,27370808
4.07,4.11,4.03,4.03,38604815
4.03,4.09,4.01,4.08,35135981
4.1,4.1,4.01,4.01,28325113
4.09,4.13,4.05,4.1,32196006
4.06,4.08,3.98,4.08,28853559
4.03,4.11,4.03,4.05,41675989
4.0,4.06,3.98,4.03,37595094
3.97,4.05,3.93,4.0,40927226
3.9,3.98,3.87,3.97,32019108
3.96,3.97,3.9,3.9,32918366
3.94,4.0,3.87,3.95,30521015
3.81,4.0,3.81,3.95,30305861
3.79,3.86,3.79,3.81,35018111
3.96,4.0,3.81,3.81,28941923
3.98,4.0,3.95,3.97,28167257
4.0,4.05,3.93,3.98,29115042
3.87,4.04,3.87,4.0,82724607
3.8,3.87,3.75,3.87,32799066
3.83,3.89,3.74,3.79,29192825
3.68,3.93,3.66,3.83,69568646
3.57,3.72,3.57,3.67,43763537
3.57,3.57,3.52,3.56,20145150
3.55,3.59,3.52,3.55,22129176
3.56,3.56,3.46,3.55,22733947
3.65,3.69,3.54,3.57,27801817
3.7,3.75,3.66,3.66,26845857
3.56,3.74,3.56,3.66,36440617
3.58,3.63,3.57,3.58,20114448
3.55,3.65,3.53,3.6,28392476
3.6,3.62,3.49,3.52,25255742
3.4,3.69,3.34,3.58,54254913
3.44,3.53,3.43,3.43,23144744
3.6,3.65,3.4,3.44,42147558
3.27,3.76,3.23,3.63,93678974
3.24,3.29,3.21,3.27,20581023
3.15,3.26,3.13,3.23,28209411
3.16,3.18,3.13,3.14,19387304
3.24,3.24,3.17,3.17,19435196
3.25,3.25,3.21,3.23,17944445
3.29,3.29,3.24,3.24,20790011
3.25,3.29,3.21,3.28,21649093
3.26,3.29,3.23,3.23,18483162
3.29,3.34,3.26,3.26,17237503
3.28,3.29,3.24,3.29,14695238
3.29,3.3,3.24,3.27,17354584
3.26,3.29,3.26,3.29,18290317
3.23,3.31,3.23,3.25,18832192
3.33,3.33,3.22,3.23,22028089
3.34,3.36,3.25,3.31,22133574
3.32,3.38,3.32,3.34,15282782
3.39,3.4,3.32,3.32,20048409
3.38,3.48,3.33,3.39,25905895
3.37,3.42,3.36,3.38,20246224
3.27,3.45,3.26,3.36,36849285
3.17,3.25,3.16,3.25,26332625
3.18,3.19,3.11,3.16,22192271
3.14,3.19,3.13,3.19,20117265
3.14,3.17,3.13,3.14,18100881
3.16,3.16,3.12,3.16,16363631
3.14,3.17,3.1,3.15,21918273
3.18,3.18,3.12,3.13,14897208
3.18,3.22,3.16,3.19,76268842
3.22,3.24,3.15,3.17,18872611
3.25,3.28,3.19,3.22,17389258
3.23,3.35,3.19,3.24,41646459
3.24,3.27,3.2,3.22,16421828
3.08,3.32,3.06,3.23,24222760
3.12,3.12,3.05,3.08,19709518
3.1,3.14,3.09,3.12,16576354
3.11,3.19,3.1,3.1,17324644
3.23,3.25,3.15,3.18,15212192
3.16,3.24,3.05,3.22,21492344
3.34,3.36,3.11,3.15,18765006
3.48,3.5,3.31,3.31,105419730
3.47,3.58,3.46,3.48,25589969
3.35,3.54,3.32,3.47,26291494
3.26,3.36,3.22,3.35,14537909
3.29,3.34,3.26,3.26,14999587
3.25,3.32,3.23,3.31,20723506
3.29,3.3,3.23,3.25,19756118
3.11,3.28,3.11,3.28,29486952
3.13,3.15,3.09,3.11,16430332
3.05,3.13,3.05,3.13,27409741
2.9,3.08,2.82,3.06,21543930
2.95,2.99,2.84,2.92,22580511
3.08,3.1,2.98,2.98,15809015
3.12,3.13,3.06,3.07,15557111
3.12,3.18,3.08,3.1,22967042
3.07,3.11,3.03,3.11,19926914
3.06,3.07,3.0,3.05,26079120
3.11,3.11,3.01,3.07,19272840
3.15,3.15,3.09,3.09,14061853
3.16,3.16,3.07,3.13,16815056
3.15,3.16,3.09,3.13,12853499
3.2,3.25,3.11,3.15,26458247
3.36,3.4,3.25,3.25,31163240
3.22,3.37,3.22,3.36,36164762
3.15,3.27,3.13,3.24,25054229
3.16,3.19,3.13,3.15,16799644
3.26,3.26,3.15,3.15,16221773
3.18,3.29,3.18,3.25,29395213
3.15,3.2,3.13,3.18,21358600
3.13,3.17,3.12,3.15,27482397
3.05,3.12,3.04,3.12,15282865
3.09,3.12,3.04,3.05,13302903
3.16,3.17,3.08,3.09,18447709
3.16,3.19,3.13,3.16,14825386
3.18,3.22,3.16,3.19,16395626
3.16,3.2,3.14,3.19,21428408
3.22,3.23,3.12,3.17,29953498
3.3,3.3,3.18,3.21,20570885
3.32,3.33,3.26,3.3,18026934
3.3,3.32,3.28,3.32,18369209
3.29,3.32,3.25,3.29,18027984
3.34,3.35,3.24,3.24,16664611
3.31,3.37,3.3,3.33,17982499
3.28,3.32,3.26,3.3,21251832
3.3,3.33,3.21,3.27,17080763
3.37,3.37,3.24,3.29,13962841
3.4,3.41,3.35,3.38,12628919
3.4,3.5,3.35,3.41,16244548
3.53,3.55,3.4,3.5,18096477
3.42,3.55,3.4,3.5,18394748
3.47,3.47,3.36,3.4,13616512
3.25,3.48,3.25,3.48,32319940
3.3,3.33,3.04,3.27,18737681
3.38,3.46,3.31,3.31,17728834
3.6,3.65,3.27,3.35,29895212
3.75,3.75,3.58,3.58,16116214
3.81,3.84,3.74,3.77,19641595
3.85,3.92,3.82,3.85,20754381
3.92,3.94,3.83,3.85,16091482
4.03,4.03,3.9,3.91,14357088
4.08,4.09,3.98,4.01,19224980
4.14,4.15,4.07,4.07,21887064
4.03,4.17,4.02,4.12,20213752
3.94,4.03,3.9,4.03,16719860
3.88,4.0,3.85,4.0,19700394
3.88,3.92,3.8,3.88,10936742
3.89,3.9,3.85,3.87,9599079
3.92,3.95,3.75,3.88,17594281
3.93,3.97,3.88,3.92,10974399
4.05,4.05,3.93,3.94,12928408
4.07,4.09,4.02,4.07,12136515
4.07,4.18,4.03,4.04,25504655
3.93,4.08,3.91,4.07,17490188
3.86,3.96,3.85,3.94,14447842
3.87,3.95,3.71,3.91,22710847
4.08,4.09,3.83,3.86,20989430
4.15,4.15,4.03,4.04,293238885
4.2,4.21,4.09,4.12,18795691
4.2,4.24,4.16,4.19,20571050
4.24,4.3,4.17,4.2,21630299
4.22,4.28,4.16,4.23,16062563
4.08,4.23,4.07,4.16,16098415
4.08,4.15,4.05,4.09,16101334
4.01,4.3,4.01,4.05,37978008
4.06,4.14,4.0,4.04,30296836
4.29,4.32,3.9,4.15,58810141
4.6,4.67,4.24,4.33,22623231
4.7,4.7,4.65,4.65,12159127
4.65,4.7,4.56,4.7,17969279
4.66,4.66,4.55,4.6,17229941
4.66,4.7,4.61,4.65,20525738
4.71,4.73,4.67,4.68,20767207
4.75,4.75,4.71,4.73,21929844
4.76,4.78,4.72,4.75,20230745
4.76,4.79,4.75,4.78,17781395
4.75,4.79,4.74,4.79,23544196
4.77,4.78,4.73,4.78,20745627
4.71,4.77,4.68,4.76,21030071
4.75,4.76,4.71,4.71,19948077
4.77,4.79,4.7,4.75,21019235
4.75,4.82,4.73,4.79,20300831
4.77,4.8,4.7,4.79,26738711
4.86,4.89,4.71,4.77,21250783
4.89,4.92,4.86,4.86,19318440
4.82,4.97,4.8,4.89,25770570
4.64,4.86,4.62,4.82,26851943
4.62,4.66,4.55,4.64,23587024
4.65,4.7,4.57,4.64,23223028
4.69,4.7,4.6,4.68,28548309
4.74,4.8,4.55,4.69,26011488
4.83,4.84,4.73,4.73,26925382
4.84,4.84,4.77,4.83,28143094
4.85,4.85,4.8,4.84,21010168
4.88,4.92,4.82,4.82,18487401
4.9,4.95,4.87,4.88,20142327
4.88,5.0,4.86,4.95,25637464
4.88,4.99,4.8,4.96,31227873
4.75,4.9,4.75,4.89,23009557
4.79,4.82,4.72,4.75,22141754
4.98,4.98,4.66,4.76,26906435
4.97,5.0,4.95,4.98,32056065
4.98,4.99,4.95,4.98,26029813
5.0,5.0,4.95,4.98,17571650
5.0,5.01,4.94,5.0,50600844
4.95,5.04,4.95,5.0,46214930
4.8,5.04,4.77,4.97,63686016
4.74,4.86,4.65,4.86,304767149
4.91,4.92,4.71,4.73,49181437
4.95,5.08,4.85,4.9,58598725
4.82,5.0,4.81,4.92,62470813
4.82,4.83,4.8,4.8,25104375
4.82,4.83,4.8,4.82,36757517
4.83,4.84,4.81,4.83,30226577
4.81,4.84,4.78,4.82,29017289
4.86,4.86,4.78,4.8,28606014
4.89,4.93,4.84,4.85,43677461
4.87,4.89,4.81,4.89,34996791
4.92,4.93,4.81,4.87,29735791
4.88,4.94,4.87,4.91,41145092
4.7,4.92,4.65,4.82,80788528
4.6,4.6,4.54,4.59,29726551
4.55,4.63,4.53,4.6,32441285
4.55,4.68,4.48,4.54,42770471
4.5,4.55,4.45,4.53,35633287
4.57,4.57,4.38,4.4,24454210
4.58,4.62,4.4,4.53,50760628
4.52,4.83,4.51,4.6,96123217
3.98,4.5,3.9,4.48,98778381
3.98,4.03,3.88,3.96,78800997
3.96,4.12,3.95,3.96,78074503
3.64,3.95,3.63,3.94,87296683
3.58,3.67,3.52,3.64,47709996
3.5,3.66,3.49,3.54,51970953
3.58,3.59,3.47,3.49,23495915
3.55,3.62,3.53,3.55,28397295
3.59,3.62,3.55,3.55,24974482
3.6,3.64,3.54,3.58,32656351
3.7,3.74,3.57,3.6,46397185
3.46,3.65,3.45,3.65,57691582
3.3,3.46,3.28,3.43,56869111
3.21,3.28,3.21,3.26,27426030
3.2,3.25,3.19,3.2,32615837
3.25,3.27,3.2,3.2,23476334
3.3,3.3,3.21,3.24,29265574
3.38,3.39,3.34,3.35,32353029
3.28,3.4,3.27,3.37,67553181
3.11,3.3,3.09,3.26,65501351
3.03,3.13,3.03,3.08,48856872
3.07,3.07,2.96,2.96,38786433
3.08,3.12,3.03,3.07,27743787
3.13,3.21,3.05,3.07,44038136
3.11,3.14,3.08,3.1,22400756
3.15,3.21,3.09,3.11,36551190
3.2,3.25,3.08,3.15,38586882
3.28,3.34,3.23,3.3,28191212
3.2,3.36,3.18,3.3,66416030
3.1,3.35,3.06,3.17,92232025
3.21,3.24,2.97,3.12,60823862
3.11,3.48,3.09,3.15,100007340
2.94,3.1,2.92,3.1,84130067
2.57,2.9,2.54,2.9,150814199
2.43,2.64,2.38,2.53,88671455
2.41,2.58,2.39,2.46,139076698
2.26,2.4,2.26,2.38,77688010
2.22,2.27,2.22,2.26,52517756
2.16,2.22,2.16,2.21,74853632
2.14,2.16,2.11,2.16,48598434
2.11,2.17,2.1,2.15,55107005
2.12,2.13,2.08,2.1,48642012
2.13,2.14,2.09,2.11,40291947
2.16,2.17,2.11,2.11,43906006
2.19,2.2,2.14,2.16,46753291
2.17,2.21,2.17,2.18,58698771
2.11,2.2,2.1,2.17,60667801
2.07,2.13,2.07,2.13,55830635
2.05,2.1,2.04,2.07,48950336
2.04,2.05,2.03,2.05,41122828
2.06,2.06,2.03,2.05,41538955
2.02,2.06,2.02,2.06,34818323
2.04,2.07,2.03,2.04,43709529
2.03,2.08,2.03,2.04,45170631
2.01,2.05,2.0,2.02,42081085
2.01,2.04,1.98,2.01,44126796
2.06,2.07,2.0,2.02,46043825
2.08,2.11,2.05,2.06,47758793
2.13,2.13,2.07,2.1,42138447
2.09,2.15,2.09,2.12,73631280
2.03,2.12,2.02,2.1,67681976
2.01,2.03,1.98,2.03,48335816
2.07,2.08,1.98,2.01,57946513
2.02,2.28,2.01,2.06,136142882
1.84,2.06,1.84,2.04,117605914
1.79,1.87,1.78,1.83,57177967
1.78,1.8,1.78,1.8,34194472
1.79,1.82,1.78,1.78,74098205
1.82,1.84,1.8,1.8,34231634
1.82,1.85,1.8,1.82,49042102
1.79,1.83,1.76,1.81,47568790
1.82,1.82,1.79,1.79,33408703
1.77,1.82,1.77,1.81,38427202
1.75,1.76,1.73,1.76,29777872
1.74,1.76,1.73,1.75,37179869
1.74,1.74,1.72,1.74,35599252
1.75,1.75,1.72,1.73,29774976
1.76,1.77,1.73,1.73,23798686
1.79,1.79,1.74,1.75,34212651
1.8,1.8,1.77,1.78,41410935
1.78,1.82,1.78,1.8,37447994
1.79,1.81,1.77,1.78,29421981
1.77,1.8,1.77,1.79,37553754
1.8,1.81,1.77,1.77,36181519
1.81,1.82,1.78,1.8,35460426
1.8,1.82,1.76,1.81,33809414
1.8,1.82,1.79,1.8,28393585
1.8,1.84,1.79,1.81,43007865
1.76,1.81,1.76,1.79,24048893
1.77,1.79,1.75,1.76,49874493
1.81,1.81,1.77,1.78,55804983
1.81,1.82,1.8,1.81,42666657
1.82,1.83,1.8,1.8,48083816
1.82,1.85,1.81,1.81,47398158
1.87,1.87,1.79,1.82,49910236
1.87,1.9,1.86,1.9,192427695
1.9,1.92,1.86,1.86,52986104
1.88,1.91,1.88,1.9,48793577
1.89,1.92,1.86,1.9,42457883
1.88,1.9,1.86,1.9,50673544
1.91,1.92,1.91,1.91,32990032
1.92,1.92,1.9,1.92,35394602
1.92,1.94,1.91,1.92,42251041
1.94,1.95,1.9,1.91,51568262
1.93,1.97,1.92,1.94,36741070
1.89,1.94,1.88,1.93,46148701
1.89,1.9,1.87,1.88,37948620
1.88,1.91,1.88,1.89,40066280
1.91,1.92,1.87,1.88,32255367
1.87,1.94,1.87,1.91,36099730
1.86,1.88,1.84,1.85,26865028
1.85,1.89,1.84,1.85,43382051
1.81,1.86,1.78,1.85,34205439
1.88,1.91,1.78,1.81,62863778
1.95,1.96,1.87,1.87,36444641
1.92,1.95,1.9,1.92,32042443
1.9,1.96,1.85,1.92,23536955
1.95,2.0,1.94,1.97,42238057
1.85,1.97,1.85,1.95,58929761
1.79,1.88,1.78,1.8,27325508
1.93,1.95,1.75,1.77,56042828
2.0,2.02,1.92,1.94,41981709
1.99,2.0,1.92,1.99,53820364
2.01,2.03,1.98,1.99,36991155
2.01,2.04,1.98,2.02,43039534
1.88,2.08,1.88,2.04,94350143
1.88,1.93,1.87,1.89,40083758
1.85,1.89,1.81,1.87,35381933
1.87,1.87,1.82,1.84,22063567
1.89,1.91,1.85,1.87,26646521
1.88,1.9,1.84,1.86,37979149
1.82,1.91,1.8,1.89,82997359
1.79,1.83,1.76,1.81,39872877
1.81,1.82,1.76,1.79,31198211
1.83,1.83,1.8,1.81,31760952
1.79,1.86,1.78,1.81,51897713
1.77,1.78,1.76,1.77,15765003
1.77,1.79,1.76,1.77,26051184
1.72,1.82,1.71,1.76,55019230
1.73,1.74,1.71,1.72,28474833
1.69,1.73,1.68,1.73,40504926
1.71,1.71,1.68,1.69,23936955
1.71,1.73,1.69,1.71,37546067
1.65,1.72,1.65,1.7,48611813
1.65,1.67,1.64,1.65,45500231
1.67,1.67,1.66,1.66,22405776
1.64,1.67,1.64,1.67,34520030
1.64,1.65,1.62,1.64,31276069
1.65,1.65,1.62,1.64,38325996
1.64,1.66,1.62,1.64,39954276
1.66,1.67,1.65,1.65,19401450
1.66,1.67,1.65,1.66,27062194
1.66,1.68,1.65,1.66,26803474
1.62,1.67,1.62,1.66,39841074
1.62,1.64,1.62,1.62,17059886
1.62,1.63,1.62,1.62,26756731
1.61,1.65,1.6,1.63,41507653
1.61,1.61,1.6,1.61,29607569
1.59,1.6,1.58,1.6,24548781
1.6,1.6,1.58,1.59,24960379
1.59,1.62,1.59,1.6,23396068
1.59,1.61,1.58,1.59,15153218
1.58,1.6,1.58,1.59,32057311
1.58,1.59,1.57,1.58,14365800
1.58,1.59,1.56,1.58,27169177
1.6,1.63,1.57,1.59,32467675
1.58,1.62,1.58,1.6,39356386
1.57,1.59,1.57,1.57,17780965
1.56,1.58,1.56,1.57,16935729
1.56,1.58,1.56,1.57,15667947
1.56,1.59,1.55,1.57,42247707
1.55,1.57,1.55,1.56,20455970
1.56,1.58,1.51,1.55,34627465
1.58,1.59,1.56,1.57,16877982
1.59,1.6,1.58,1.58,20573333
1.6,1.61,1.58,1.59,21673966
1.6,1.62,1.59,1.6,14439752
1.61,1.62,1.6,1.6,18681374
1.61,1.64,1.6,1.6,27802918
1.55,1.61,1.55,1.6,29557211
1.59,1.6,1.55,1.56,23178771
1.63,1.63,1.59,1.6,25287459
1.62,1.63,1.61,1.62,17324589
1.62,1.63,1.61,1.62,26901800
1.6,1.64,1.6,1.61,31707608
1.63,1.63,1.59,1.6,19920740
1.6,1.64,1.59,1.62,24484061
1.65,1.65,1.59,1.6,24921490
1.63,1.66,1.6,1.63,24345505
1.58,1.65,1.54,1.64,30255348
1.6,1.61,1.55,1.56,28634441
1.66,1.66,1.61,1.61,20664507
1.66,1.69,1.64,1.65,67149662
1.69,1.71,1.66,1.66,26580620
1.66,1.7,1.65,1.69,28845575
1.69,1.7,1.65,1.67,25368026
1.69,1.72,1.69,1.69,11515667
1.72,1.74,1.7,1.7,21337242
1.74,1.74,1.72,1.73,17583075
1.7,1.78,1.69,1.74,25316565
1.71,1.73,1.66,1.7,26509613
1.69,1.72,1.65,1.69,11618159
1.68,1.69,1.64,1.68,12605337
1.75,1.75,1.65,1.69,20737140
1.78,1.78,1.72,1.75,20622242
1.8,1.81,1.74,1.78,20480603
1.8,1.81,1.79,1.8,15566889
1.81,1.82,1.78,1.79,23148406
1.83,1.85,1.81,1.83,20089565
1.84,1.86,1.81,1.85,26351820
1.83,1.9,1.8,1.85,32996876
1.84,1.85,1.82,1.84,65522451
1.8,1.84,1.79,1.83,31927355
1.8,1.83,1.79,1.8,19787180
1.81,1.83,1.79,1.8,19121630
1.87,1.91,1.77,1.81,40474461
1.91,1.93,1.86,1.86,29513206
1.96,1.96,1.9,1.9,34845110
1.9,1.97,1.9,1.93,29980496
1.89,1.97,1.87,1.9,25874352
2.01,2.02,1.87,1.89,63987093
2.02,2.02,2.0,2.0,78720535
2.02,2.03,2.01,2.02,29865443
2.05,2.06,2.01,2.02,68955899
2.03,2.08,2.03,2.05,52529302
2.03,2.04,2.0,2.03,54582758
2.05,2.05,2.01,2.02,40185716
2.05,2.1,2.0,2.05,74394492
2.16,2.19,2.04,2.05,68179568
2.02,2.13,2.0,2.12,93272298
2.35,2.35,1.6,2.0,197699739
