Date,Open,High,Low,Close,Volume,Dividends,Stock Splits,Capital Gains
2023-02-16,395.2094972725008,399.19262104018924,394.5810969797095,394.7164306640625,76431500,0.0,0.0,0.0
2023-02-17,392.57013945359233,393.9719803089983,390.62690491007976,393.73028564453125,89257800,0.0,0.0,0.0
2023-02-21,389.6698696958863,390.73333230100206,385.57073693116547,385.8317565917969,82655900,0.0,0.0,0.0
2023-02-22,386.24744262042213,387.8039717782475,383.8304957013582,385.3000183105469,83742300,0.0,0.0,0.0
2023-02-23,388.2196738346871,388.8384263986289,383.08608101470145,387.3495788574219,96242400,0.0,0.0,0.0
2023-02-24,382.28366214576,384.0528542573553,380.5627971696402,383.2117614746094,108194400,0.0,0.0,0.0
2023-02-27,386.5857978345967,387.9586365836898,383.5694529816539,384.51690673828125,80444700,0.0,0.0,0.0
2023-02-28,384.0335407455385,386.0154254190155,382.98940315369714,383.09576416015625,96438600,0.0,0.0,0.0
2023-03-01,382.2739754241372,383.511450999788,380.31141581188444,381.626220703125,99706800,0.0,0.0,0.0
2023-03-02,379.6346587523475,385.4450082711098,379.2962803013244,384.59423828125,85127800,0.0,0.0,0.0
2023-03-03,386.43108905800466,391.01363995863846,385.77368665158235,390.76226806640625,90120000,0.0,0.0,0.0
2023-03-06,391.59370817710715,393.91400070480057,390.58827955243476,391.0329895019531,72795900,0.0,0.0,0.0
2023-03-07,390.9846530099192,391.2263476837906,384.4202174065238,385.0389404296875,108310600,0.0,0.0,0.0
2023-03-08,385.154966885639,386.4310923018348,383.41474758470093,385.6673583984375,74746600,0.0,0.0,0.0
2023-03-09,386.4601228702266,388.1423379350798,377.55609896389603,378.5518798828125,111945300,0.0,0.0,0.0
2023-03-10,378.00079187237594,380.09871461859655,371.552394509817,373.0895690917969,189253000,0.0,0.0,0.0
2023-03-13,369.1257781796911,377.4207560622375,368.0043113317684,372.5578308105469,157790000,0.0,0.0,0.0
2023-03-14,377.52706866178323,380.3790775248741,374.1916704662189,378.7162170410156,149752400,0.0,0.0,0.0
2023-03-15,373.07023090261066,376.5506104721961,370.96263100303673,376.34759521484375,172996900,0.0,0.0,0.0
2023-03-16,373.9693012188662,383.2987087104746,373.45690974637864,382.9506530761719,143254200,0.0,0.0,0.0
2023-03-17,381.607585016245,382.7527306190726,377.07548456199856,378.47296142578125,140553400,1.506,0.0,0.0
2023-03-20,379.2590639980232,382.52956760041235,378.5506409735536,382.11224365234375,93055800,0.0,0.0,0.0
2023-03-21,385.50885188456004,387.614781311772,383.8978708110625,387.1295471191406,91524200,0.0,0.0,0.0
2023-03-22,386.95489092721976,390.60383211481064,380.4915675764856,380.5303649902344,111746600,0.0,0.0,0.0
2023-03-23,383.42236481400363,387.49834402783915,378.82235397671315,381.55908203125,119351300,0.0,0.0,0.0
2023-03-24,380.2683614595609,384.15023533679164,377.90041602514236,384.0628967285156,107682400,0.0,0.0,0.0
2023-03-27,386.36290473064685,387.1392972808618,383.87850780265404,384.7810363769531,74010400,0.0,0.0,0.0
2023-03-28,384.0822909335534,384.78102940791774,382.06372957224914,383.9173278808594,62871700,0.0,0.0,0.0
2023-03-29,388.1194194018951,389.7401146581548,386.90633390408976,389.49749755859375,77497900,0.0,0.0,0.0
2023-03-30,392.1566045137155,392.40893579573674,389.89542598659796,391.77813720703125,69840000,0.0,0.0,0.0
2023-03-31,392.70975307263075,397.6009221855854,392.60298614628937,397.3000793457031,112062600,0.0,0.0,0.0
2023-04-03,396.77606654924597,399.2216365961225,396.3781708958426,398.8140563964844,67391100,0.0,0.0,0.0
2023-04-04,399.4642129941079,399.75537129479324,395.21355650468024,396.6013488769531,66601500,0.0,0.0,0.0
2023-04-05,395.86380062270194,396.6304790133016,393.89375079598193,395.5629577636719,65200200,0.0,0.0,0.0
2023-04-06,394.75738019371727,397.3873706135789,393.6995732994333,397.1059265136719,63743300,0.0,0.0,0.0
2023-04-10,394.6021748790041,397.5912343859073,393.98109045160913,397.5135803222656,63681000,0.0,0.0,0.0
2023-04-11,398.1443920612367,399.0372064417564,396.8439679043257,397.6203308105469,59297900,0.0,0.0,0.0
2023-04-12,399.70683032555564,399.99798862640296,395.4076622584617,395.9996337890625,86420400,0.0,0.0,0.0
2023-04-13,397.09626466658324,401.6186510996425,395.9414048667764,401.25958251953125,85814800,0.0,0.0,0.0
2023-04-14,400.61908883486547,402.8317557734293,397.95030052835284,400.2794189453125,78161500,0.0,0.0,0.0
2023-04-17,400.19202532024826,401.73506642955937,398.9498270275507,401.7156677246094,66436400,0.0,0.0,0.0
2023-04-18,403.30722856678597,403.44310835321613,400.5899290016235,401.9776916503906,63560000,0.0,0.0,0.0
2023-04-19,400.0464777139592,402.8220030713363,399.988251980332,401.9097900390625,55227300,0.0,0.0,0.0
2023-04-20,399.0663258371117,401.48281243371395,398.1540831183915,399.716552734375,75840400,0.0,0.0,0.0
2023-04-21,400.01741596465905,400.49293605549497,398.05708024389907,400.0271301269531,73457400,0.0,0.0,0.0
2023-04-24,399.8233134257065,400.8714360055101,398.4743775923548,400.4444274902344,64332100,0.0,0.0,0.0
2023-04-25,398.4549377749173,399.0178260817038,394.0296038500173,394.08782958984375,97766700,0.0,0.0,0.0
2023-04-26,394.7089612654626,395.7958812792329,391.85578142114093,392.41864013671875,80447000,0.0,0.0,0.0
2023-04-27,394.9806581410436,400.5026259767458,394.7283268674572,400.23089599609375,92968400,0.0,0.0,0.0
2023-04-28,399.337999394755,403.6565952639423,399.2797736648806,403.6468811035156,89433100,0.0,0.0,0.0
2023-05-01,403.200522335213,405.28702354957994,403.00641680145253,403.2393493652344,62122300,0.0,0.0,0.0
2023-05-02,402.5212094915716,402.5697506864298,395.7764711795363,398.707275390625,103998500,0.0,0.0,0.0
2023-05-03,399.2119118044912,401.64779724027744,395.7279334097633,395.9705505371094,91531800,0.0,0.0,0.0
2023-05-04,394.9126942901624,395.242649988346,391.81689776102417,393.1658630371094,94901900,0.0,0.0,0.0
2023-05-05,396.834283435125,401.5022346160565,396.57226759834845,400.4444274902344,87891800,0.0,0.0,0.0
2023-05-08,400.7743353366889,401.03635114215353,399.1342413754571,400.5511169433594,50046800,0.0,0.0,0.0
2023-05-09,398.98872224726796,399.9203637219375,398.5617137346385,398.79461669921875,49220100,0.0,0.0,0.0
2023-05-10,401.6575098429273,402.29802261059564,396.7954531525601,400.6579284667969,96142900,0.0,0.0,0.0
2023-05-11,399.7845207714483,400.2503267090445,397.8629824298167,399.9591979980469,70157100,0.0,0.0,0.0
2023-05-12,401.2110935391288,401.4245977901843,396.9895497120096,399.43511962890625,70481500,0.0,0.0,0.0
2023-05-15,400.046462583587,401.2207209891155,398.11524005319023,400.8131408691406,54289400,0.0,0.0,0.0
2023-05-16,399.69705275664563,400.6287236319427,398.1248988770516,398.1346130371094,57705500,0.0,0.0,0.0
2023-05-17,400.17266700485845,403.5789910888455,398.5131742656675,402.9676208496094,87287000,0.0,0.0,0.0
2023-05-18,402.64737265374487,407.2765263293751,402.42418385435684,406.8495178222656,97177200,0.0,0.0,0.0
2023-05-19,407.7617205962154,408.2954663695949,405.0249926007152,406.2574768066406,103793300,0.0,0.0,0.0
2023-05-22,406.2769210091644,407.975240775284,405.0250084318478,406.4224853515625,60745400,0.0,0.0,0.0
2023-05-23,404.76301968309855,406.3546023597971,401.4634324558254,401.861328125,86383500,0.0,0.0,0.0
2023-05-24,400.24056858786025,400.6287500032819,397.77557069460045,398.9498291015625,89213700,0.0,0.0,0.0
2023-05-25,402.492093249067,403.87017154011295,400.23091469191013,402.4047546386719,90961600,0.0,0.0,0.0
2023-05-26,403.0646504780238,408.3440012437636,402.98702603279827,407.61614990234375,93830000,0.0,0.0,0.0
2023-05-30,409.5667958829626,410.100541680163,406.3739464123829,407.77142333984375,72216000,0.0,0.0,0.0
2023-05-31,405.92751768917344,406.83976034666455,403.9283551716108,405.5102233886719,110811800,0.0,0.0,0.0
2023-06-01,405.74317887766006,410.43055840176334,404.4815816516049,409.363037109375,88865000,0.0,0.0,0.0
2023-06-02,411.9638523391995,416.07862904316585,411.4301065443092,415.2828674316406,91426200,0.0,0.0,0.0
2023-06-05,415.63226735745394,416.932691654072,413.7786688821428,414.48712158203125,65460200,0.0,0.0,0.0
2023-06-06,414.0697645963024,415.9233331749512,413.4098235769365,415.38958740234375,64022200,0.0,0.0,0.0
2023-06-07,415.78744639775664,416.93259189919297,413.5262386432782,413.9532470703125,85373300,0.0,0.0,0.0
2023-06-08,414.0212679011985,416.9132747012552,413.2449049455442,416.4571533203125,61952800,0.0,0.0,0.0
2023-06-09,417.2625714359286,419.2326210393688,416.204764468204,417.204345703125,85742800,0.0,0.0,0.0
2023-06-12,418.1943028671511,421.0668813607855,417.4664514855096,420.9892272949219,76104300,0.0,0.0,0.0
2023-06-13,422.4643462971103,424.4149678049898,421.7947206758486,423.7647705078125,95899700,0.0,0.0,0.0
2023-06-14,424.1044156151187,426.09386403855734,420.7854005725501,424.2693786621094,100612100,0.0,0.0,0.0
2023-06-15,423.4444714620379,430.7909244884486,423.3474483133907,429.5293273925781,110303100,0.0,0.0,0.0
2023-06-16,431.5339523095055,432.10865200218734,427.5889672468764,428.0662536621094,114165800,1.638,0.0,0.0
2023-06-20,426.10841678966347,427.00454766263437,423.7511461038106,425.84539794921875,76160400,0.0,0.0,0.0
2023-06-21,424.8518227878064,425.66029056375044,423.06925196557376,423.6634521484375,76982300,0.0,0.0,0.0
2023-06-22,422.6991540726303,425.29991334389166,422.35822244522035,425.1927795410156,70637200,0.0,0.0,0.0
2023-06-23,421.70559315449873,423.7803742685924,421.2575277104513,421.97833251953125,92074500,0.0,0.0,0.0
2023-06-26,421.4036108524512,423.3420073200014,420.0106930865871,420.25421142578125,72823600,0.0,0.0,0.0
2023-06-27,421.1406050558911,425.48496373154705,420.68278940729704,424.861572265625,72813700,0.0,0.0,0.0
2023-06-28,423.7706127264039,426.0986623768165,423.14722121995817,425.0758972167969,75636000,0.0,0.0,0.0
2023-06-29,424.656969144141,426.9168262365468,424.24787502262757,426.751220703125,67882300,0.0,0.0,0.0
2023-06-30,429.99497044748864,432.7808061441269,429.6735095739617,431.7872619628906,104964000,0.0,0.0,0.0
2023-07-03,431.4365880280361,432.5664869725604,431.154098428725,432.2840270996094,32793400,0.0,0.0,0.0
2023-07-05,430.4526817795417,432.3813573740177,430.44293153532556,431.64105224609375,58418400,0.0,0.0,0.0
2023-07-06,428.02734029826433,428.68970306632883,425.72851164990533,428.2611083984375,80658300,0.0,0.0,0.0
2023-07-07,427.2578131229402,431.1638569046927,426.93635225950135,427.17987060546875,86134200,0.0,0.0,0.0
2023-07-10,426.8194690858612,428.43643447356743,426.2447693553616,428.2611083984375,62443500,0.0,0.0,0.0
2023-07-11,429.0306276136978,431.4852818040741,428.0468039977766,430.9884948730469,64463800,0.0,0.0,0.0
2023-07-12,434.81660886072825,435.8783452252513,433.37496962814225,434.4561767578125,91924500,0.0,0.0,0.0
2023-07-13,436.28742318974287,438.7031356645178,435.84910804250165,437.9043884277344,72425200,0.0,0.0,0.0
2023-07-14,438.80058328646396,439.65774288361575,436.8621570624074,437.6316833496094,69815800,0.0,0.0,0.0
2023-07-17,437.48558793783974,440.2129815488396,437.4368664323528,439.1512451171875,52680200,0.0,0.0,0.0
2023-07-18,438.8200347136693,443.06698015944903,438.3816898250766,442.41436767578125,80668200,0.0,0.0,0.0
2023-07-19,443.21314755271635,444.59631513490996,442.33645771102164,443.3982238769531,65891700,0.0,0.0,0.0
2023-07-20,442.3949081213455,443.30078920594343,439.7356771643042,440.45648193359375,70591600,0.0,0.0,0.0
2023-07-21,442.1903313140933,442.3949081213455,440.4467614139815,440.45648193359375,71275600,0.0,0.0,0.0
2023-07-24,441.6156053010378,443.2423207844018,440.57333974034657,442.4241027832031,54023400,0.0,0.0,0.0
2023-07-25,442.15137725366066,444.89824144117244,442.10265575154136,443.6319580078125,55191200,0.0,0.0,0.0
2023-07-26,442.6870897313658,445.1417437230947,441.625353411383,443.70013427734375,71052900,0.0,0.0,0.0
2023-07-27,447.11915133944154,447.52827523786544,439.8428220155656,440.7584533691406,92194400,0.0,0.0,0.0
2023-07-28,444.0605333424016,445.91126663621435,440.7584106419101,445.0735778808594,80011800,0.0,0.0,0.0
2023-07-31,445.55086790076825,446.2814228695057,444.2261127664183,445.9210205078125,62040400,0.0,0.0,0.0
2023-08-01,444.44044272200057,445.39504531941805,443.6806666877654,444.64501953125,55291500,0.0,0.0,0.0
2023-08-02,441.49872922522655,441.7617183183118,437.69984924886916,438.4596252441406,93933400,0.0,0.0,0.0
2023-08-03,436.4238476650977,439.1025494733954,435.7712054176592,437.2030944824219,64276100,0.0,0.0,0.0
2023-08-04,439.03433834610644,441.15781109952064,434.69970007921177,435.2257080078125,100128900,0.0,0.0,0.0
2023-08-07,437.0763896774146,439.1803914164071,436.37505576441714,439.0245361328125,58357500,0.0,0.0,0.0
2023-08-08,436.4627752538802,439.01487241076063,433.7256315080444,437.11541748046875,71361300,0.0,0.0,0.0
2023-08-09,437.3881355250402,437.5537410667036,433.42365003419826,434.19317626953125,78789600,0.0,0.0,0.0
2023-08-10,436.56991547990276,439.98892228140517,433.1704091693041,434.3490295410156,93005500,0.0,0.0,0.0
2023-08-11,432.4593281355523,435.11855897030244,431.8554074402598,434.09576416015625,68690900,0.0,0.0,0.0
2023-08-14,433.17044035569324,436.49200439453125,432.8587297423723,436.49200439453125,47867400,0.0,0.0,0.0
2023-08-15,434.6996914970112,435.06012359694716,430.83261921259293,431.4073486328125,75707500,0.0,0.0,0.0
2023-08-16,430.98844111659446,432.6638482927137,428.13441363341985,428.2415771484375,80107200,0.0,0.0,0.0
2023-08-17,429.72218687393826,429.985175967292,424.45244667677787,424.97845458984375,95711300,0.0,0.0,0.0
2023-08-18,422.1341292996382,426.22524893422104,421.78347719022906,425.1829833984375,98852000,0.0,0.0,0.0
2023-08-21,426.2057109750598,428.6993359550498,424.0335467934582,427.9493103027344,68719000,0.0,0.0,0.0
2023-08-22,429.7416631589512,429.7416631589512,426.22527271805467,426.79022216796875,64994200,0.0,0.0,0.0
2023-08-23,427.86173547363484,432.1671529261271,427.7156304107771,431.5437316894531,68441000,0.0,0.0,0.0
2023-08-24,433.16065654981514,433.6769142078476,425.5336459923203,425.5628967285156,88517300,0.0,0.0,0.0
2023-08-25,427.30648638229246,429.8585537812075,423.7219036193333,428.56304931640625,102325100,0.0,0.0,0.0
2023-08-28,430.77422450987956,431.9041532567325,428.56308852352925,431.28076171875,61595400,0.0,0.0,0.0
2023-08-29,431.17360391199486,437.7973211650255,430.9885275795814,437.51483154296875,83081900,0.0,0.0,0.0
2023-08-30,437.85569304703046,439.959694915532,437.1446088455522,439.3168029785156,69053900,0.0,0.0,0.0
2023-08-31,439.9402336917453,441.089633139444,438.4888738760301,438.6739501953125,66084600,0.0,0.0,0.0
2023-09-01,441.4208022646098,441.9078389055889,438.02126629665247,439.49212646484375,58944100,0.0,0.0,0.0
2023-09-05,439.04410194146914,439.36553307483445,437.5245498582943,437.59271240234375,55166200,0.0,0.0,0.0
2023-09-06,436.7745043608563,436.8816678920111,432.3035110450911,434.6510314941406,70758500,0.0,0.0,0.0
2023-09-07,431.62165090443455,433.99839238349426,431.27099874835744,433.3165588378906,70355400,0.0,0.0,0.0
2023-09-08,433.3651955346585,435.5178891561439,433.0047931779344,433.9691162109375,61659700,0.0,0.0,0.0
2023-09-11,436.6186043573603,437.1348620147967,434.89450532622925,436.82318115234375,60180100,0.0,0.0,0.0
2023-09-12,435.3621032708454,436.9011261111057,433.8425511964354,434.4269714355469,67565400,0.0,0.0,0.0
2023-09-13,434.65101260162095,436.1023723846113,433.54055471096495,434.9335021972656,60199300,0.0,0.0,0.0
2023-09-14,437.4271520106992,439.38501934482065,436.11214696599234,438.6836853027344,83430800,0.0,0.0,0.0
2023-09-15,437.0835447685581,437.41589436757664,432.9584541212297,433.3983154296875,111848900,1.583,0.0,0.0
2023-09-18,433.0854327520232,434.9622635141281,432.6064627970625,433.65240478515625,55752200,0.0,0.0,0.0
2023-09-19,432.7237581931341,433.32005430730095,430.04539257632695,432.7530822753906,66514600,0.0,0.0,0.0
2023-09-20,434.0238470457339,434.4441688205573,428.56932928566505,428.7746276855469,82562600,0.0,0.0,0.0
2023-09-21,425.9007451211827,426.1646618502985,421.53127806299625,421.68768310546875,104095800,0.0,0.0,0.0
2023-09-22,422.7238749981699,424.336759248272,420.3191808335087,420.7395324707031,100829700,0.0,0.0,0.0
2023-09-25,419.5176437627186,422.547898470282,419.077752682607,422.5088195800781,70874500,0.0,0.0,0.0
2023-09-26,419.439432018477,420.15302449578013,415.4609622919606,416.3016357421875,96168400,0.0,0.0,0.0
2023-09-27,417.48442192763537,418.0513939980137,412.7923894609656,416.4678039550781,104705800,0.0,0.0,0.0
2023-09-28,415.9106564703267,420.5733649661584,415.3143603011989,418.88226318359375,92258300,0.0,0.0,0.0
2023-09-29,421.96139691596545,422.1373414072314,416.3309345457559,417.8656311035156,115111300,0.0,0.0,0.0
2023-10-02,417.0250096098541,418.96048874831854,414.91358595822464,417.6994934082031,83798600,0.0,0.0,0.0
2023-10-03,415.5001436293909,417.75818795934913,410.72989297920776,412.1081848144531,103760600,0.0,0.0,0.0
2023-10-04,412.5773245188018,415.86174118597603,411.10127604748675,415.10906982421875,87453000,0.0,0.0,0.0
2023-10-05,414.8157711179293,415.8030649114694,411.69754435502875,414.95263671875,70142700,0.0,0.0,0.0
2023-10-06,412.47961126039746,421.4336002614177,411.14042825750295,419.8793640136719,113273300,0.0,0.0,0.0
2023-10-09,417.9633542177549,423.14417067329146,417.40619666732874,422.56744384765625,80374400,0.0,0.0,0.0
2023-10-10,423.2028250552407,427.38656313538394,422.80204271332445,424.766845703125,78607300,0.0,0.0,0.0
2023-10-11,425.8421063481672,426.7609375172326,423.43741232724693,426.5068054199219,62451700,0.0,0.0,0.0
2023-10-12,427.1226603756323,427.50387345452793,421.5313065125249,423.9066467285156,81154200,0.0,0.0,0.0
2023-10-13,425.421777892383,426.63390960644494,420.2116668925535,421.79522705078125,95143100,0.0,0.0,0.0
2023-10-16,424.06305214240336,427.3083898752736,423.8186748401911,426.2331237792969,75433200,0.0,0.0,0.0
2023-10-17,423.07576574877464,428.28590662920664,422.72387674637235,426.21356201171875,75324700,0.0,0.0,0.0
2023-10-18,424.4247690271469,425.39249369653385,419.4394655877528,420.5342712402344,93559800,0.0,0.0,0.0
2023-10-19,421.2576248349315,423.0855623664448,416.15502533712146,416.8392639160156,121323000,0.0,0.0,0.0
2023-10-20,416.3993486036533,416.9467513282041,411.60953001701756,411.7170715332031,123919900,0.0,0.0,0.0
2023-10-23,410.1726511918485,414.9038223184938,408.40336179651354,411.0035400390625,92035100,0.0,0.0,0.0
2023-10-24,413.1442641159414,415.26547224008635,411.2772179339079,414.10223388671875,78564200,0.0,0.0,0.0
2023-10-25,412.4013823638362,412.4307064474165,407.64088736705776,408.1589660644531,94223200,0.0,0.0,0.0
2023-10-26,407.0837332248422,407.94391629421784,402.3428074644633,403.27142333984375,115156800,0.0,0.0,0.0
2023-10-27,404.8745791501567,405.2753615427014,400.00657209936367,401.4435119628906,107367700,0.0,0.0,0.0
2023-10-30,404.2587298918982,407.3085540305697,402.9488710544542,406.2430725097656,86562700,0.0,0.0,0.0
2023-10-31,406.8197848189247,409.11693747926455,404.8940904395608,408.79437255859375,79665200,0.0,0.0,0.0
2023-11-01,409.77187916766434,413.9751569038601,409.23423119503474,413.154052734375,98068100,0.0,0.0,0.0
2023-11-02,416.9858880255394,421.2283044757911,416.96634857952904,421.0718994140625,94938900,0.0,0.0,0.0
2023-11-03,423.39838572539827,426.47753400473437,423.27130474544333,424.91351318359375,100167800,0.0,0.0,0.0
2023-11-06,425.67593799092367,426.3406370959797,423.92618814768423,425.8909912109375,67831700,0.0,0.0,0.0
2023-11-07,425.89101694564454,427.7482785955101,424.73756316460566,427.1031188964844,64256100,0.0,0.0,0.0
2023-11-08,427.7091649178737,428.2370282711835,425.089447259724,427.4159240722656,61746000,0.0,0.0,0.0
2023-11-09,428.5693749791291,428.60848370202086,423.6525046258201,424.0826110839844,83174400,0.0,0.0,0.0
2023-11-10,426.17444461566754,431.0130969488053,424.07277610453497,430.7002868652344,89462200,0.0,0.0,0.0
2023-11-13,429.351394403823,431.40413994370897,428.5596143055894,430.289794921875,52236100,0.0,0.0,0.0
2023-11-14,436.2818946614164,439.9377693672147,436.0570568157868,438.6376953125,97176900,0.0,0.0,0.0
2023-11-15,439.98666702600025,441.22812284523997,438.7061323158723,439.56634521484375,77327600,0.0,0.0,0.0
2023-11-16,439.1167404589384,440.426599375555,438.0414742344868,440.1040344238281,66665800,0.0,0.0,0.0
2023-11-17,440.11371924516214,441.2672027377204,439.185103432199,440.6513671875,83133200,0.0,0.0,0.0
2023-11-20,440.39721493671476,444.8937631847096,440.3874302988097,444.0433349609375,69936200,0.0,0.0,0.0
2023-11-21,442.98758927971426,443.9162349043682,441.7950269238906,443.0755615234375,49244600,0.0,0.0,0.0
2023-11-22,444.7471759906997,446.1156829950313,443.68169447192673,444.7862548828125,59394900,0.0,0.0,0.0
2023-11-24,444.8351589966796,445.25548083116666,444.50280941839566,445.0599670410156,29737400,0.0,0.0,0.0
2023-11-27,444.42452166365433,445.2456257562044,443.86733429796317,444.25836181640625,50506000,0.0,0.0,0.0
2023-11-28,443.8673534218269,446.0081009033273,443.30041122559606,444.6982421875,62115000,0.0,0.0,0.0
2023-11-29,446.8683186984809,448.01201757256354,443.9846844966707,444.38543701171875,63146000,0.0,0.0,0.0
2023-11-30,445.2359315687219,446.48714223694196,443.1440474188456,446.1352233886719,79752700,0.0,0.0,0.0
2023-12-01,445.5193527894594,449.3120932196739,444.92308650253847,448.77447509765625,89183400,0.0,0.0,0.0
2023-12-04,445.3531892258051,448.79401080674774,444.12151811066195,446.4186706542969,72430900,0.0,0.0,0.0
2023-12-05,445.0208602097659,447.29844358283805,444.63961729227043,446.3307189941406,69793500,0.0,0.0,0.0
2023-12-06,448.4910357083995,448.5203597938999,444.09224389604356,444.5321350097656,69124700,0.0,0.0,0.0
2023-12-07,446.6337224725188,448.5789561923744,446.027671554647,447.9240417480469,66995400,0.0,0.0,0.0
2023-12-08,447.1713663732682,450.38738010975453,446.92698906447293,449.8497619628906,83194400,0.0,0.0,0.0
2023-12-11,449.351227969924,451.7754616408042,449.1361747424168,451.5994873046875,65002200,0.0,0.0,0.0
2023-12-12,451.2475689468702,453.75977470681374,450.2407356815716,453.6620178222656,68327600,0.0,0.0,0.0
2023-12-13,454.04325082622603,460.17225276505405,453.6815771856103,459.9180908203125,93278000,0.0,0.0,0.0
2023-12-14,461.87313504052287,463.0754821947867,458.69622987886845,461.3941650390625,119026000,0.0,0.0,0.0
2023-12-15,460.7914996384339,461.9791028908427,458.76966874955366,460.63446044921875,141553700,1.906,0.0,0.0
2023-12-18,462.2539072749284,464.21685218338376,461.1841058940797,463.2255554199219,70375300,0.0,0.0,0.0
2023-12-19,463.7751595137513,466.1208929649243,463.6966548994257,466.0423583984375,55761800,0.0,0.0,0.0
2023-12-20,465.17866442919757,467.0827233391325,459.1524392855077,459.58428955078125,102921000,0.0,0.0,0.0
2023-12-21,462.5974351086996,464.2168887474615,460.15357808987403,463.94207763671875,86667500,0.0,0.0,0.0
2023-12-22,465.08052099400504,466.57237828807547,462.9605668589321,464.8744201660156,67160400,0.0,0.0,0.0
2023-12-26,465.2866280947504,467.75010345254253,465.2080935295003,466.83734130859375,55387000,0.0,0.0,0.0
2023-12-27,466.63124433624307,467.82864187280944,466.0914464923829,467.6814270019531,68000300,0.0,0.0,0.0
2023-12-28,468.0445448891357,468.7021145986156,467.4360368169031,467.8580627441406,77158100,0.0,0.0,0.0
2023-12-29,467.6617618043553,468.19176527280877,464.53086253578005,466.5036315917969,122283100,0.0,0.0,0.0
2024-01-02,463.4120324234117,464.89406539748853,461.77296026414723,463.8929443359375,123623700,0.0,0.0,0.0
2024-01-03,461.71406085489247,462.4599894747497,459.4959535651588,460.1044616699219,103585900,0.0,0.0,0.0
2024-01-04,459.6235582048295,462.2342786402037,458.396717584005,458.6224670410156,84232200,0.0,0.0,0.0
2024-01-05,458.8285239371963,461.72387950592247,457.78816558654415,459.2505798339844,86118900,0.0,0.0,0.0
2024-01-08,459.751155747246,465.95406913253754,459.6235595299662,465.8068542480469,74879100,0.0,0.0,0.0
2024-01-09,463.1273895276289,466.13069275931775,462.617034648156,465.10015869140625,65931400,0.0,0.0,0.0
2024-01-10,465.3749410599913,468.6039935335334,465.09030568699995,467.73046875,67310600,0.0,0.0,0.0
2024-01-11,468.74146092978486,469.26164017140127,463.5102255358753,467.5244445800781,77940700,0.0,0.0,0.0
2024-01-12,468.9867476126987,469.7326761889293,466.42511913721097,467.8482360839844,58026400,0.0,0.0,0.0
2024-01-16,466.4546094711113,467.77957332625357,464.2953580849732,466.1307067871094,85014900,0.0,0.0,0.0
2024-01-17,463.07831858670363,464.03034802025326,461.16443541083595,463.53961181640625,68843900,0.0,0.0,0.0
2024-01-18,465.2277413021966,468.2212201374299,463.6672037824903,467.6617736816406,91856200,0.0,0.0,0.0
2024-01-19,468.8002625779235,473.7763345872133,467.7108426450868,473.49169921875,110834500,0.0,0.0,0.0
2024-01-22,475.04245049913897,476.2300236780112,473.83522870352135,474.4928283691406,75844900,0.0,0.0,0.0
2024-01-23,475.04251184301586,476.12210762567906,473.9432674410699,475.8767395019531,49945300,0.0,0.0,0.0
2024-01-24,478.77205810079477,479.7142632360057,475.8963511029374,476.39691162109375,81765000,0.0,0.0,0.0
2024-01-25,478.546362490478,479.2628482193967,476.396965208051,478.988037109375,72525000,0.0,0.0,0.0
2024-01-26,478.5561439348536,480.0577955715659,477.52560985262113,478.3794860839844,76641600,0.0,0.0,0.0
2024-01-29,478.69354747987603,482.31518305508706,478.14392532855254,482.1679382324219,61322800,0.0,0.0,0.0
2024-01-30,481.4710802569821,482.51143856615084,481.0294057125299,481.79498291015625,58618400,0.0,0.0,0.0
2024-01-31,479.56708367475477,480.0185526339287,473.91379254290825,473.9334411621094,126011100,0.0,0.0,0.0
2024-02-01,475.6510160857212,480.1657955155809,474.8363771484392,480.1363525390625,91891600,0.0,0.0,0.0
2024-02-02,480.5779854127902,486.85940318418886,480.23446406038255,485.19091796875,99228200,0.0,0.0,0.0
2024-02-05,484.55297267858543,485.22036677277737,481.14726199372336,483.42425537109375,75757100,0.0,0.0,0.0
2024-02-06,484.3762903976259,485.161486357545,482.93352464544796,484.8277893066406,55918600,0.0,0.0,0.0
2024-02-07,487.0949363124921,489.29342486105764,486.18214423459654,488.87139892578125,70556500,0.0,0.0,0.0
2024-02-08,488.87144668318996,489.4701305169981,488.04701339693975,489.0873718261719,52343600,0.0,0.0,0.0
2024-02-09,489.59771091928417,492.3556460938414,489.25418957306687,491.91400146484375,63979400,0.0,0.0,0.0
2024-02-12,491.8845412362321,494.17135877415075,490.97174913066334,491.69805908203125,56502300,0.0,0.0,0.0
2024-02-13,485.3675779113311,487.8801450306983,481.62817020820404,484.9259033203125,113099200,0.0,0.0,0.0
2024-02-14,487.58568295930564,489.82343883770176,485.23994954156973,489.33270263671875,68387800,0.0,0.0,0.0
2024-02-15,490.0393781661973,492.8954665329509,489.5584363078264,492.708984375,61683000,0.0,0.0,0.0
2024-02-16,492.40473710700155,493.553043093204,489.50938141650533,490.25531005859375,75532900,0.0,0.0,0.0
2024-02-20,488.49844902332507,489.1756673822871,485.2890450259284,487.5562438964844,71736700,0.0,0.0,0.0
2024-02-21,486.2410802182536,488.1549334688022,484.4155259392156,487.9978942871094,59293400,0.0,0.0,0.0
2024-02-22,494.67193031656035,499.06890764502174,493.70025224086135,498.0972595214844,76402500,0.0,0.0,0.0
2024-02-23,499.8344700214938,500.678551914076,497.7046915518174,498.4407958984375,61321800,0.0,0.0,0.0
2024-02-26,498.88243333368956,499.324107916151,496.48763816441505,496.615234375,50386700,0.0,0.0,0.0
2024-02-27,497.31209178999444,497.76356072076084,495.3982085724458,497.5378112792969,48854500,0.0,0.0,0.0
2024-02-28,495.9674568869859,497.469108528036,495.6043168750962,496.8802490234375,56506600,0.0,0.0,0.0
2024-02-29,498.6567400663033,500.2957823674434,495.98713366927257,498.6665344238281,83924800,0.0,0.0,0.0
2024-03-01,499.5498504371015,503.7799642809751,499.1376188357078,503.3481140136719,76844800,0.0,0.0,0.0
2024-03-04,502.5433622679051,504.6731406897514,502.5138893406261,502.8083190917969,49799300,0.0,0.0,0.0
2024-03-05,500.7865372067014,501.2380361388406,495.5553017685362,497.7832336425781,72855600,0.0,0.0,0.0
2024-03-06,501.0907079094967,502.5825650854079,499.00019691542497,500.3055419921875,68382400,0.0,0.0,0.0
2024-03-07,503.63277788095183,506.33182706759834,500.36445791082036,505.2718200683594,58652100,0.0,0.0,0.0
2024-03-08,505.90983271523226,508.61864647578443,501.6600400481044,502.2391052246094,86532500,0.0,0.0,0.0
2024-03-11,501.0220849693592,502.3961404580466,499.0787586661106,501.8072509765625,62557200,0.0,0.0,0.0
2024-03-12,503.93706312836593,507.7942428344025,501.39502301552585,507.20538330078125,73114400,0.0,0.0,0.0
2024-03-13,507.529171217544,507.70582905852996,504.9577183582143,506.4102783203125,55104100,0.0,0.0,0.0
2024-03-14,507.3917436626117,507.54881278863235,502.3371968867751,505.4092102050781,110171800,0.0,0.0,0.0
2024-03-15,502.31296594420184,503.7799241687898,500.25531855022524,501.9388427734375,107646300,1.595,0.0,0.0
2024-03-18,506.0442443605613,507.5013175083765,504.5083926373261,504.921875,88893300,0.0,0.0,0.0
2024-03-19,504.2229181393416,508.01330344085073,503.2088317328564,507.7278137207031,60755300,0.0,0.0,0.0
2024-03-20,507.78689040545135,512.5617976859555,507.107567876367,512.4239501953125,69594600,0.0,0.0,0.0
2024-03-21,515.2888929469045,515.9977198182323,513.8317597828803,514.1173095703125,60256100,0.0,0.0,0.0
2024-03-22,514.0286727434162,514.5209336531528,512.9063034475105,513.1426391601562,79070800,0.0,0.0,0.0
2024-03-25,511.75444947705085,512.8866736492802,511.5673879205202,511.7249450683594,48512100,0.0,0.0,0.0
2024-03-26,513.1623112385308,513.5069299447247,510.3761576323609,510.77978515625,65463700,0.0,0.0,0.0
2024-03-27,513.6349022204347,515.1116849558275,511.4492325250227,515.072265625,82999800,0.0,0.0,0.0
2024-03-28,515.1117244407011,516.490019045119,514.6883872349583,514.973876953125,96294900,0.0,0.0,0.0
2024-04-01,515.722075543962,516.2635505203092,512.9062975041601,514.077880859375,62477500,0.0,0.0,0.0
2024-04-02,510.21866847403214,510.9472051350024,508.4859001503982,510.8094177246094,74230300,0.0,0.0,0.0
2024-04-03,509.70660859885675,512.8866549438985,509.65739452586894,511.3704528808594,59155800,0.0,0.0,0.0
2024-04-04,515.4168969179741,515.7614555284786,504.82343222263887,505.1286315917969,96858100,0.0,0.0,0.0
2024-04-05,506.497147152504,512.3845687559082,506.0541002891712,510.4056701660156,74546500,0.0,0.0,0.0
2024-04-08,511.1145899413743,512.1286162940363,509.87408268067173,510.6911926269531,48401800,0.0,0.0,0.0
2024-04-09,512.4436500202913,512.6897804958054,506.388816286466,511.28192138671875,68049200,0.0,0.0,0.0
2024-04-10,505.5322756084268,508.170787035425,504.1638358642507,506.1623840332031,82652800,0.0,0.0,0.0
2024-04-11,507.69823236556715,511.4394034656721,504.1539776581933,509.9823303222656,70099000,0.0,0.0,0.0
2024-04-12,506.4085299882091,507.83609877565436,501.20040067217343,502.9430236816406,92561100,0.0,0.0,0.0
2024-04-15,507.1567766386015,507.3241285380858,495.7855305434991,496.64208984375,92101400,0.0,0.0,0.0
2024-04-16,497.1244770540518,498.66032877261614,494.4367215239526,495.7362976074219,73484000,0.0,0.0,0.0
2024-04-17,498.21729969506373,498.38468163937944,491.3945700811529,492.80242919921875,75910300,0.0,0.0,0.0
2024-04-18,494.21030606249184,496.32702210368694,490.84322799988655,491.7883605957031,74548100,0.0,0.0,0.0
2024-04-19,491.70966354670344,492.71386515707155,486.21601403441025,487.49591064453125,102212600,0.0,0.0,0.0
2024-04-22,490.12452969399504,494.60412241582105,487.7616831168291,491.98529052734375,67961000,0.0,0.0,0.0
2024-04-23,494.0133914313267,498.2566783621757,491.79821718479525,497.823486328125,64633600,0.0,0.0,0.0
2024-04-24,498.71941341913725,499.51687375797127,495.34251049837377,497.58721923828125,55928100,0.0,0.0,0.0
2024-04-25,491.4536428767912,496.46485582440346,489.7897984349343,495.6969299316406,69122400,0.0,0.0,0.0
2024-04-26,498.5126565404513,501.98801755129347,497.872723331869,500.3930969238281,64306100,0.0,0.0,0.0
2024-04-29,502.1947871416069,502.8445752201524,499.3987484687662,502.1652526855469,46415400,0.0,0.0,0.0
2024-04-30,500.6884682005526,501.6729901263906,494.2103271484375,494.2103271484375,77483600,0.0,0.0,0.0
2024-05-01,493.619586122049,500.32417773644914,492.13294846540316,492.60552978515625,80242800,0.0,0.0,0.0
2024-05-02,496.34672015087597,498.05980872309107,491.8179133080799,497.2131042480469,62550200,0.0,0.0,0.0
2024-05-03,503.24822804633646,504.61669789111306,500.6884650462391,503.376220703125,72756700,0.0,0.0,0.0
2024-05-06,505.79813439396054,508.6138526522853,505.35508751362784,508.5744934082031,47264700,0.0,0.0,0.0
2024-05-07,509.5491940766101,510.54357089188056,508.4563890994219,509.1357116699219,52561300,0.0,0.0,0.0
2024-05-08,507.2847858670889,509.72638105631506,507.1666480411876,509.1849060058594,42047200,0.0,0.0,0.0
2024-05-09,509.37191905270333,512.1581327107517,508.7123062391851,512.1187133789062,43643700,0.0,0.0,0.0
2024-05-10,513.7333386886002,514.5505086407458,511.5477290482268,512.7783813476562,52233200,0.0,0.0,0.0
2024-05-13,514.4717752531619,514.5800582433153,511.6954162109544,512.8472900390625,36716400,0.0,0.0,0.0
2024-05-14,513.0442119381321,515.7221428526045,512.5027368911151,515.2003173828125,57535900,0.0,0.0,0.0
2024-05-15,517.6910831651352,521.8753005584832,517.0511199982126,521.5799560546875,59504900,0.0,0.0,0.0
2024-05-16,521.678419290077,523.2930494733743,520.3591336304459,520.5068359375,50244800,0.0,0.0,0.0
2024-05-17,520.6250185214858,521.324050696315,519.1580905190848,521.255126953125,59187600,0.0,0.0,0.0
2024-05-20,521.373367718647,523.332557053152,520.9795348484978,521.8557739257812,37764200,0.0,0.0,0.0
2024-05-21,521.087796729706,523.2931162417177,520.8810254915362,523.1355590820312,33437000,0.0,0.0,0.0
2024-05-22,522.436648786276,523.1553306523407,519.4338084676317,521.6293334960938,48390000,0.0,0.0,0.0
2024-05-23,524.7107441870762,524.8190271600738,516.5982343260697,517.819091796875,57211200,0.0,0.0,0.0
2024-05-24,519.679883962637,522.0624703315923,518.7249265206334,521.2453002929688,41291100,0.0,0.0,0.0
2024-05-28,522.0625209111829,522.2987965860978,518.9513976169195,521.609619140625,36269600,0.0,0.0,0.0
2024-05-29,517.5434268376468,519.1482022229889,517.2382274748762,517.9569091796875,45190300,0.0,0.0,0.0
2024-05-30,516.4014053895721,517.0708730177894,513.2607783732564,514.5209350585938,46377600,0.0,0.0,0.0
2024-05-31,515.4859352961895,519.3353901368334,510.3368440263071,519.2073974609375,90785800,0.0,0.0,0.0
2024-06-03,520.8317631264383,521.1172528275335,514.5110896472963,519.630615234375,46835700,0.0,0.0,0.0
2024-06-04,518.3114277709847,520.9597941196552,516.8346449019963,520.2115478515625,34632700,0.0,0.0,0.0
2024-06-05,522.5546879019944,526.4139967755568,520.5462248457087,526.394287109375,47610400,0.0,0.0,0.0
2024-06-06,526.6995146727619,527.1327067188278,524.4351262871471,526.3844604492188,30808500,0.0,0.0,0.0
2024-06-07,525.3999491397393,528.5799958497668,524.2972893803054,525.7445678710938,43224500,0.0,0.0,0.0
2024-06-10,524.927362515156,527.6938665613864,524.3268185972163,527.3689575195312,35686100,0.0,0.0,0.0
2024-06-11,525.8036102503464,528.6981069954104,523.8148568140152,528.6390380859375,36383400,0.0,0.0,0.0
2024-06-12,533.246614073991,535.6980640483052,531.9371830907995,532.9807739257812,63251300,0.0,0.0,0.0
2024-06-13,534.7431324757749,534.9203392196645,531.2382366633478,534.053955078125,44760900,0.0,0.0,0.0
2024-06-14,532.508229500441,534.4083496258869,531.4941430630411,534.3788452148438,40089900,0.0,0.0,0.0
2024-06-17,533.6896379923317,540.039816141854,533.2268814613034,538.6318969726562,55839500,0.0,0.0,0.0
2024-06-18,538.6910571325956,540.1284809546763,538.2677198629765,540.00048828125,41376400,0.0,0.0,0.0
2024-06-20,540.9356829623472,541.6051506036705,536.7416103033577,538.533447265625,70328200,0.0,0.0,0.0
2024-06-21,537.7028911104192,538.9375137844564,536.3398628555373,537.8115234375,64338600,1.759,0.0,0.0
2024-06-24,537.6336988535306,540.2214629334219,535.9447134780866,536.063232421875,45528700,0.0,0.0,0.0
2024-06-25,537.2978705616919,538.4930069445525,535.7669505898007,538.1275634765625,37936200,0.0,0.0,0.0
2024-06-26,537.0015765793066,539.5201946501434,536.3497223654682,538.7991943359375,38550600,0.0,0.0,0.0
2024-06-27,538.6609224788729,540.2313890252565,537.9102622571704,539.6486206054688,35041500,0.0,0.0,0.0
2024-06-28,540.42885920361,543.5105326991545,536.2706888358666,537.5250244140625,76144500,0.0,0.0,0.0
2024-07-01,538.9176362885623,539.1645607756076,535.8459101379522,538.6312255859375,40297800,0.0,0.0,0.0
2024-07-02,537.0114898478076,542.2561645507812,536.962116997755,542.2561645507812,40434800,0.0,0.0,0.0
2024-07-03,541.9400823151169,545.041468871229,541.9005960927817,544.676025390625,32789900,0.0,0.0,0.0
2024-07-05,544.9822057765736,548.2218242315001,544.3401778909604,547.81689453125,41488400,0.0,0.0,0.0
2024-07-08,548.6070408170895,549.4070738750903,547.3724181791679,548.4490356445312,36110500,0.0,0.0,0.0
2024-07-09,549.4169504117833,550.3256157769998,548.6860634690456,548.9823608398438,27289700,0.0,0.0,0.0
2024-07-10,550.2169561678987,554.760343052966,549.9206588117951,554.4146728515625,38701200,0.0,0.0,0.0
2024-07-11,554.5332205594168,555.4122863317111,548.9922487177857,549.6342163085938,53054200,0.0,0.0,0.0
2024-07-12,550.7700602883441,556.7357347196536,550.2959845223418,553.1010131835938,53084400,0.0,0.0,0.0
2024-07-15,555.1159803872545,557.8914095784243,552.7454808834603,554.6221313476562,40584300,0.0,0.0,0.0
2024-07-16,555.9456232442218,558.2074301848496,555.1850764182681,557.9111328125,36475300,0.0,0.0,0.0
2024-07-17,551.9257271809707,553.6147127596594,549.7626657700799,550.088623046875,57119000,0.0,0.0,0.0
2024-07-18,551.639276116981,552.6368608446285,543.6586585801087,545.8612060546875,56270400,0.0,0.0,0.0
2024-07-19,545.6241865270397,547.2637991893615,541.1696582953947,542.2363891601562,65509100,0.0,0.0,0.0
2024-07-22,546.1970562271703,548.4391502335842,544.2414332553465,547.8267822265625,43346700,0.0,0.0,0.0
2024-07-23,547.7180681590119,549.8910159782978,546.4736192248041,546.9674682617188,34439600,0.0,0.0,0.0
2024-07-24,542.1079180206098,542.414101993874,533.6433387983191,534.57177734375,74515300,0.0,0.0,0.0
2024-07-25,534.6903338025456,540.7252149134714,530.8383474445005,531.7864990234375,61158300,0.0,0.0,0.0
2024-07-26,535.6089691765218,540.4585404543662,534.828649074335,537.7423706054688,53763800,0.0,0.0,0.0
2024-07-29,539.3029198591126,540.320217524103,536.0434679983305,538.0584106445312,39515800,0.0,0.0,0.0
2024-07-30,539.5399397118119,540.6066704721179,531.8951665456115,535.3323364257812,46853600,0.0,0.0,0.0
2024-07-31,542.2264921510769,546.6909069240734,540.8437509599753,544.0339965820312,65663400,0.0,0.0,0.0
2024-08-01,545.7722853894631,548.043978708858,532.7939193368863,536.3298950195312,76428700,0.0,0.0,0.0
2024-08-02,529.1592759231037,530.3840119652383,522.0972101428371,526.3443603515625,82789100,0.0,0.0,0.0
2024-08-05,505.3459113976493,517.1390300808872,503.9927395713321,511.0152893066406,146267400,0.0,0.0,0.0
2024-08-06,512.8326148471089,523.23310551279,511.49924643144766,515.7266235351562,84826300,0.0,0.0,0.0
2024-08-07,521.9687339288903,525.0504071552026,511.67693763261536,512.2794189453125,70698300,0.0,0.0,0.0
2024-08-08,517.4649338517983,524.7541513400422,515.4204516421592,524.1220703125,63276600,0.0,0.0,0.0
2024-08-09,523.2922939838902,527.9344868094374,522.0576714390269,526.4331665039062,45619600,0.0,0.0,0.0
2024-08-12,527.6382775873748,529.1395378593587,524.418371807059,526.7098388671875,42542100,0.0,0.0,0.0
2024-08-13,529.9296605871888,535.608924341297,529.6827360761406,535.371826171875,52333100,0.0,0.0,0.0
2024-08-14,536.171899630215,538.2559884767765,533.4755030571044,537.0608520507812,42446900,0.0,0.0,0.0
2024-08-15,542.7400850013888,546.5525850520006,542.1277170257696,546.2661743164062,60846800,0.0,0.0,0.0
2024-08-16,544.6364439181536,548.1921930822297,544.4784387546481,547.4909057617188,44430700,0.0,0.0,0.0
2024-08-19,547.9057365553024,552.7257080078125,547.04644404856,552.7257080078125,39121800,0.0,0.0,0.0
2024-08-20,552.2713804695546,553.9405925603355,550.4737628114597,551.826904296875,33732300,0.0,0.0,0.0
2024-08-21,552.8837473869856,555.1949270256794,547.9057107172382,553.7232666015625,41514600,0.0,0.0,0.0
2024-08-22,555.6394125324648,556.2517805006497,548.1526444347239,549.3773803710938,56121500,0.0,0.0,0.0
2024-08-23,552.6466700550034,556.1628723911551,550.4341759795476,555.2146606445312,50639400,0.0,0.0,0.0
2024-08-26,556.2518484473743,556.9728488208845,552.1726501803229,553.8912353515625,35788600,0.0,0.0,0.0
2024-08-27,552.60719113133,555.1455824402227,551.4516012531584,554.6517333984375,32693900,0.0,0.0,0.0
2024-08-28,554.3059975373232,554.7405870539986,548.211857678712,551.4317626953125,41066000,0.0,0.0,0.0
2024-08-29,553.4171111191611,556.7456488400046,550.3256112930245,551.481201171875,38715200,0.0,0.0,0.0
2024-08-30,553.8714915129334,557.2592888149386,550.2861425309688,556.7456665039062,62700100,0.0,0.0,0.0
2024-09-03,553.5751324654079,553.910976348929,542.7499997287141,545.2883911132812,60600100,0.0,0.0,0.0
2024-09-04,543.4314676890833,547.6094110613637,542.7005807930091,544.1722412109375,47224900,0.0,0.0,0.0
2024-09-05,544.1130986032705,546.9872739602764,540.3696836868822,542.8488159179688,44264300,0.0,0.0,0.0
2024-09-06,543.1746889776059,544.8142412787463,532.8038590526223,533.7125244140625,68493800,0.0,0.0,0.0
2024-09-09,537.9497514376588,540.9721049715934,536.0039549877774,539.6880493164062,40445800,0.0,0.0,0.0
2024-09-10,541.6141154106779,542.3944354912933,536.6953981658095,542.038818359375,36394600,0.0,0.0,0.0
2024-09-11,541.9499443030138,548.5279869391354,533.3174727969968,547.5995483398438,75248600,0.0,0.0,0.0
2024-09-12,548.1823330685932,552.5183422032788,545.9402390867614,552.212158203125,51819600,0.0,0.0,0.0
2024-09-13,552.824497945327,556.1036627094621,552.5676868065235,555.09619140625,39310500,0.0,0.0,0.0
2024-09-16,554.8295115629904,556.1826531141121,553.0121808492725,555.916015625,36656100,0.0,0.0,0.0
2024-09-17,558.1481843152566,559.6100185283265,553.8912078231978,556.1431884765625,49321000,0.0,0.0,0.0
2024-09-18,556.8048930733479,561.6940105129354,553.9307182522333,554.4937133789062,59044900,0.0,0.0,0.0
2024-09-19,563.9854704246966,565.8324609464421,561.0915223864308,563.955810546875,75315500,0.0,0.0,0.0
2024-09-20,562.5748463140295,564.0311870143781,559.9295598052497,562.9810180664062,77503100,1.746,0.0,0.0
2024-09-23,564.0608597882709,565.0416704048506,562.8323068106478,564.3877563476562,44116900,0.0,0.0,0.0
2024-09-24,565.1902816302061,566.0621267861817,562.3369812050523,566.002685546875,46805700,0.0,0.0,0.0
2024-09-25,565.8441701263542,566.5872158186719,563.6348064821314,564.7543334960938,38428600,0.0,0.0,0.0
2024-09-26,569.0541998533447,569.3811569364648,564.6157589617205,566.9934692382812,48336000,0.0,0.0,0.0
2024-09-27,568.0733221030284,568.8955824862597,565.1308296402824,566.1710815429688,42100900,0.0,0.0,0.0
2024-09-30,565.1308235636413,569.054126648712,562.8125548304923,568.4398803710938,63557400,0.0,0.0,0.0
2024-10-01,568.083302774505,568.7371564677812,560.7518934079841,563.3475952148438,72668800,0.0,0.0,0.0
2024-10-02,562.4460266108737,564.6157226242663,560.0286486802867,563.5853271484375,38097800,0.0,0.0,0.0
2024-10-03,562.0992361787922,564.5166141116738,560.2465802739564,562.5549926757812,40846500,0.0,0.0,0.0
2024-10-04,567.0429509955953,568.0435956054741,562.8323584481524,567.6671142578125,42939100,0.0,0.0,0.0
2024-10-07,566.0027030784669,566.6566172003112,561.3760218130078,562.53515625,49964700,0.0,0.0,0.0
2024-10-08,565.1308456591693,568.4597364990252,564.2491440127698,567.8553466796875,37398700,0.0,0.0,0.0
2024-10-09,567.8454976408286,572.3533573347315,567.2411682184314,571.7886352539062,37912200,0.0,0.0,0.0
2024-10-10,570.4312554050144,572.2244699604879,569.1630950388911,570.7879028320312,44138100,0.0,0.0,0.0
2024-10-11,570.7085744196827,574.9489172202314,570.5698580546086,574.2058715820312,42268000,0.0,0.0,0.0
2024-10-14,575.8306855964628,579.8431808838789,575.3452387315617,578.9019775390625,36217200,0.0,0.0,0.0
2024-10-15,579.1695114121999,579.4766345691163,573.1755606726477,574.4041137695312,54203600,0.0,0.0,0.0
2024-10-16,574.4041032535349,577.4258104780474,573.5916993280316,576.9006958007812,30725400,0.0,0.0,0.0
2024-10-17,580.4771831597582,580.6852577252666,576.7619546491962,576.9501953125,34393700,0.0,0.0,0.0
2024-10-18,578.6542969086659,579.9620646428958,577.1781224079018,579.1694946289062,37416800,0.0,0.0,0.0
2024-10-21,578.4363148470578,579.427042498055,575.2164499813167,578.2183837890625,36439000,0.0,0.0,0.0
2024-10-22,575.6622837872882,579.0803062430451,574.9985131991087,577.9112548828125,34183800,0.0,0.0,0.0
2024-10-23,575.8703751003621,576.3162146456757,569.0937712315641,572.6306762695312,49314600,0.0,0.0,0.0
2024-10-24,574.6022083825129,574.681483526623,571.2238536713916,573.8690795898438,34979900,0.0,0.0,0.0
2024-10-25,576.1180270991449,579.0406856675128,572.7198386240539,573.6708984375,47268200,0.0,0.0,0.0
2024-10-28,577.1781092588861,577.306908686012,575.1372127964802,575.4443359375,30174700,0.0,0.0,0.0
2024-10-29,574.4733698377371,577.5049938494554,573.0665535889564,576.3756103515625,42899700,0.0,0.0,0.0
2024-10-30,575.900057964771,577.9112641336919,573.9186026507842,574.6319580078125,41435800,0.0,0.0,0.0
2024-10-31,570.2232506098582,570.2926088073559,563.1692740005201,563.367431640625,60182500,0.0,0.0,0.0
2024-11-01,566.0224889002787,570.213247218257,565.328967499654,565.7450561523438,45667500,0.0,0.0,0.0
2024-11-04,565.8837200453727,567.1914875874687,562.6242483747016,564.5264282226562,38217000,0.0,0.0,0.0
2024-11-05,565.4479024326085,571.3922684708153,565.2299713697657,571.3526611328125,39478300,0.0,0.0,0.0
2024-11-06,583.7367872329222,586.4414545700248,579.9621170222276,585.5596923828125,68182000,0.0,0.0,0.0
2024-11-07,587.5807707664578,591.1176757282863,587.5014956231886,590.0872802734375,47233200,0.0,0.0,0.0
2024-11-08,590.6421432207285,594.0799999422925,590.6421432207285,592.6434326171875,46444900,0.0,0.0,0.0
2024-11-11,594.2483207362625,594.6049681604908,591.4643785924768,593.2080688476562,37586800,0.0,0.0,0.0
2024-11-12,593.1288814294384,593.7332108436276,588.8588472506333,591.3654174804688,43006100,0.0,0.0,0.0
2024-11-13,591.8310337003902,593.6737728106243,589.4434064191801,591.6527099609375,47388600,0.0,0.0,0.0
2024-11-14,591.7814256378922,592.2668724936673,587.1547446119931,587.8482055664062,38904100,0.0,0.0,0.0
2024-11-15,584.2518239135525,584.7274142583682,578.4461749617711,580.3186645507812,75988800,0.0,0.0,0.0
2024-11-18,580.7843146541127,584.0240133120835,579.912529982768,582.6964721679688,37001700,0.0,0.0,0.0
2024-11-19,579.2883437539291,585.5596057832407,578.614656257366,584.8264770507812,49412000,0.0,0.0,0.0
2024-11-20,584.9057757265481,585.3119474433167,579.2090919252475,585.024658203125,50032600,0.0,0.0,0.0
2024-11-21,587.8977668419427,589.6017892447042,582.0029256803672,588.1652221679688,46750300,0.0,0.0,0.0
2024-11-22,588.1553986646036,590.6223615109767,587.6501783155228,589.98828125,38226400,0.0,0.0,0.0
2024-11-25,593.9610402356872,595.2885813795765,589.6810896743615,591.989501953125,42441400,0.0,0.0,0.0
2024-11-26,593.2476840361431,595.7542539284485,592.5244722270152,595.08056640625,45621300,0.0,0.0,0.0
2024-11-27,594.8922955539285,595.2786333477459,591.7417891529773,593.2774047851562,34000200,0.0,0.0,0.0
2024-11-29,594.0997341515284,597.7555217105382,593.8223618450431,596.9629516601562,30177400,0.0,0.0,0.0
2024-12-02,597.3790448477079,598.7165635076802,596.8836810038409,598.032958984375,31746000,0.0,0.0,0.0
2024-12-03,597.7951044978051,598.5579235840632,596.7548526753004,598.3102416992188,26906600,0.0,0.0,0.0
2024-12-04,600.0143670916415,602.273194597734,599.3406795733608,602.0255126953125,42787600,0.0,0.0,0.0
2024-12-05,602.0255176569135,602.8379215598571,600.6781426092477,601.0347900390625,28762200,0.0,0.0,0.0
2024-12-06,601.807629928482,603.4225208993674,601.3915412304118,602.1741943359375,31241500,0.0,0.0,0.0
2024-12-09,602.0552810191066,602.2236877862599,598.4787687569694,599.0731811523438,34742700,0.0,0.0,0.0
2024-12-10,599.7568097134952,600.1828153588143,596.5468617112069,597.2106323242188,37234500,0.0,0.0,0.0
2024-12-11,600.162977513686,602.7883692976188,599.8855447683401,601.827392578125,28677700,0.0,0.0,0.0
2024-12-12,600.9555775780522,601.5301560606846,598.7264404296875,598.7264404296875,31543800,0.0,0.0,0.0
2024-12-13,600.777301060768,601.5005129311277,597.2205620137203,598.6076049804688,35904700,0.0,0.0,0.0
2024-12-16,600.3809821451114,602.1445064644264,599.5983290363165,601.1636352539062,43695200,0.0,0.0,0.0
2024-12-17,598.5877190044964,599.5586127152293,597.2997852012516,598.686767578125,55773500,0.0,0.0,0.0
2024-12-18,598.3796413211339,600.7871021522338,580.4574127554304,580.8438110351562,108248700,0.0,0.0,0.0
2024-12-19,585.8766419728512,587.5014497021764,580.4177233806457,580.6654052734375,85919500,0.0,0.0,0.0
2024-12-20,578.3155242409914,592.2124929094322,577.4605847282822,587.6398315429688,125716700,1.966,0.0,0.0
2024-12-23,587.3813894981963,591.7651768174416,584.170527544758,591.1588134765625,57635800,0.0,0.0,0.0
2024-12-24,592.5206168084125,597.7692934996265,591.9340935091342,597.7294921875,33160100,0.0,0.0,0.0
2024-12-26,595.9402471287322,598.9025328618192,594.5286958920398,597.7693481445312,41219100,0.0,0.0,0.0
2024-12-27,593.9918131022456,594.2304389583717,587.2521039804407,591.4768676757812,64969300,0.0,0.0,0.0
2024-12-30,584.3991760465713,588.2262908200153,580.9397987194927,584.7271728515625,56578800,0.0,0.0,0.0
2024-12-31,586.4071285917476,587.1328351597793,580.949737539049,582.5999145507812,57052700,0.0,0.0,0.0
2025-01-02,585.8902518139051,587.619910089809,577.0530255434378,581.16845703125,50204000,0.0,0.0,0.0
2025-01-03,584.041321201932,589.0811625401365,582.9478165136304,588.43505859375,37888500,0.0,0.0,0.0
2025-01-06,592.7293985094617,596.139024063344,590.0752091491731,591.8247680664062,47679400,0.0,0.0,0.0
2025-01-07,593.8725494454198,594.2006069194122,583.2957750504285,585.134765625,60393100,0.0,0.0,0.0
2025-01-08,585.2043978050098,587.0732394943316,581.7251802921057,585.9896850585938,47304700,0.0,0.0,0.0
2025-01-10,582.4011000274055,582.470691654181,575.1146079458084,577.0430908203125,73105000,0.0,0.0,0.0
2025-01-13,572.3511203282558,578.2955919136582,571.9335705869851,577.937744140625,47910100,0.0,0.0,0.0
2025-01-14,580.8900687914388,581.526283047168,574.9157463297618,578.7329711914062,48420600,0.0,0.0,0.0
2025-01-15,586.8246676759398,590.4132171193324,585.7013727042602,589.2601318359375,56900200,0.0,0.0,0.0
2025-01-16,590.6418375533192,590.8207614434976,587.4210861846398,588.1268920898438,43319700,0.0,0.0,0.0
2025-01-17,593.4153025943957,595.8010151082805,592.0732824246488,594.0316162109375,58070600,0.0,0.0,0.0
2025-01-21,597.1032436422324,599.4790665392256,595.1151195120758,599.4691162109375,42532900,0.0,0.0,0.0
2025-01-22,602.3220575789143,604.2107997343253,601.7653852603825,602.8389892578125,48196000,0.0,0.0,0.0
2025-01-23,602.2027762737087,606.1293334960938,601.9244704502144,606.1293334960938,41152100,0.0,0.0,0.0
2025-01-24,606.1889641125276,607.1532358314879,603.1968276944665,604.35986328125,34604700,0.0,0.0,0.0
2025-01-27,591.2781141094356,596.1291423298717,591.1091405297034,595.81103515625,70361100,0.0,0.0,0.0
2025-01-28,597.0535535930056,601.7753484093994,593.7035692823513,600.930419921875,44433300,0.0,0.0,0.0
2025-01-29,600.1351431494525,600.5427425880405,595.661863690058,598.2365112304688,37177400,0.0,0.0,0.0
2025-01-30,600.3737832488266,602.9980611492583,597.1529709966264,601.4473266601562,39281300,0.0,0.0,0.0
2025-01-31,603.8927254049834,606.3381400117711,597.4810127290995,598.2464599609375,66566900,0.0,0.0,0.0
2025-02-03,589.1507669136772,596.7255152502233,586.9837188197341,594.2205200195312,65857200,0.0,0.0,0.0
2025-02-04,594.2801079680467,598.7235360264071,593.7333859975146,598.2066650390625,33457800,0.0,0.0,0.0
2025-02-05,597.0734426682163,600.7812746894733,595.0256772776311,600.6321411132812,30653100,0.0,0.0,0.0
2025-02-06,602.3916690883134,602.8489594864907,599.051635066865,602.7197265625,35771500,0.0,0.0,0.0
2025-02-07,603.2863528555321,604.518980132331,596.4869415034437,597.2026977539062,50788500,0.0,0.0,0.0
2025-02-10,600.4433453406357,601.904587470542,599.1609664310816,601.2584228515625,26048700,0.0,0.0,0.0
2025-02-11,598.9721380280099,602.2624813268295,598.8528554234945,601.7157592773438,30056700,0.0,0.0,0.0
2025-02-12,595.6420111533067,600.9602190183091,594.9561058904112,599.7772827148438,45076100,0.0,0.0,0.0
2025-02-13,600.8906102579848,606.3182109084269,599.6182423802287,606.1094360351562,40921300,0.0,0.0,0.0
2025-02-14,606.3182160659691,607.3619690957353,605.4533869264999,606.0796508789062,26910400,0.0,0.0,0.0
2025-02-18,607.2526454845143,607.8590087890625,604.767490295972,607.8590087890625,26749000,0.0,0.0,0.0
2025-02-19,606.4574136362269,609.5886727994638,605.9404819368957,609.2904663085938,31011100,0.0,0.0,0.0
2025-02-20,607.9087005473524,608.0478837995475,603.415581218095,606.755615234375,36554000,0.0,0.0,0.0
2025-02-21,606.5369101497928,606.6760934066054,595.9103837703437,596.3776245117188,76519800,0.0,0.0,0.0
2025-02-24,598.4452543900395,599.4492667675623,592.948062133992,593.663818359375,50737200,0.0,0.0,0.0
2025-02-25,593.6041803376665,594.3397765506367,586.0592226451632,590.71142578125,58266500,0.0,0.0,0.0
2025-02-26,592.3914043988187,596.0197552375269,588.3455644774521,591.0096435546875,43321600,0.0,0.0,0.0
2025-02-27,593.3059087957712,594.469005075742,581.178400354161,581.5759887695312,74196700,0.0,0.0,0.0
2025-02-28,582.0829842300604,591.1885661100836,578.9815154204292,590.6517944335938,88744100,0.0,0.0,0.0
2025-03-03,592.6399338326904,593.7930798421835,576.456634439968,580.3036499023438,74249200,0.0,0.0,0.0
2025-03-04,576.2677446518286,581.9140099307576,568.8520197647429,573.4346313476562,109648200,0.0,0.0,0.0
2025-03-05,573.2656687004999,581.4070396387077,569.6771191196135,579.5978393554688,71230500,0.0,0.0,0.0
2025-03-06,572.0628369267654,576.7249905948024,566.7346786412188,569.309326171875,80094900,0.0,0.0,0.0
2025-03-07,567.5100330091421,573.9614858286079,562.2713067344182,572.5001831054688,81158800,0.0,0.0,0.0
2025-03-10,564.2197277241329,566.1581002592635,552.2909826575575,557.2513427734375,99326600,0.0,0.0,0.0
2025-03-11,556.0783347089355,560.6708965233902,548.7421519304726,552.6189575195312,88102100,0.0,0.0,0.0
2025-03-12,558.8319066604055,559.7663275163131,550.4022789715292,555.551513671875,69588200,0.0,0.0,0.0
2025-03-13,555.1737170498407,555.7900306808465,546.4160326198083,548.1456909179688,74079400,0.0,0.0,0.0
2025-03-14,552.807850521361,560.4820413534102,548.2152885508418,559.4680786132812,62660300,0.0,0.0,0.0
2025-03-17,559.448191732102,566.3271452015323,559.0108019778189,563.7823486328125,49008700,0.0,0.0,0.0
2025-03-18,561.4462437696595,561.6649689744013,555.7403372080155,557.688720703125,66041400,0.0,0.0,0.0
2025-03-19,559.4879962192153,567.5597757254244,558.2951095487034,563.762451171875,66556000,0.0,0.0,0.0
2025-03-20,559.9849937730086,567.1819933351081,559.2592872162537,562.1321411132812,62958200,0.0,0.0,0.0
2025-03-21,557.6315290750271,563.2249787707245,556.3852134999472,562.317626953125,83763000,1.696,0.0,0.0
2025-03-24,569.117517223541,573.4547318251052,568.5193101051706,572.3878784179688,58766800,0.0,0.0,0.0
2025-03-25,573.6042314829477,574.7109450377018,571.9989917299893,573.7637939453125,38355700,0.0,0.0,0.0
2025-03-26,573.494584132638,574.631238497171,565.5181647693191,566.9140625,51848300,0.0,0.0,0.0
2025-03-27,565.5081892015498,569.2172558810057,563.2748014981253,565.4085083007812,42164200,0.0,0.0,0.0
2025-03-28,563.8631197528184,564.600928853177,553.4339288758671,554.0221557617188,71662700,0.0,0.0,0.0
2025-03-31,548.209331507722,559.0572663570716,545.2580345314915,557.7411499023438,95328200,0.0,0.0,0.0
2025-04-01,555.8068841455135,561.2806921988606,552.0479770454208,559.3164672851562,54609600,0.0,0.0,0.0
2025-04-02,553.4139605782862,565.747494747627,553.1746777226398,562.8560791015625,76014500,0.0,0.0,0.0
2025-04-03,543.5032260055101,546.3547813001727,535.1180419921875,535.1180419921875,125986000,0.0,0.0,0.0
2025-04-04,522.1264277357504,524.3199552475792,503.57129666287966,503.7906494140625,217965100,0.0,0.0,0.0
2025-04-07,487.74808166979307,521.6279038372442,480.37984959166755,502.893310546875,256611400,0.0,0.0,0.0
2025-04-08,520.321766684984,523.432565399183,487.71817046987917,495.0166015625,165816600,0.0,0.0,0.0
2025-04-09,491.98558084417215,547.0029296875,491.5967157695939,547.0029296875,241867300,0.0,0.0,0.0
2025-04-10,530.6013458963056,531.9274425958545,507.8187234468108,523.0337524414062,162331200,0.0,0.0,0.0
2025-04-11,521.4683746979002,534.8488005902628,518.5370382681921,532.3661499023438,97866300,0.0,0.0,0.0
2025-04-14,542.4463448071801,542.6757082402244,532.2863784402284,537.5308837890625,68034000,0.0,0.0,0.0
2025-04-15,538.079255112781,541.6287592452915,535.2276998357879,536.0253295898438,56892900,0.0,0.0,0.0
2025-04-16,530.1128095536914,536.3045268284891,518.7563681804631,524.1105346679688,83484800,0.0,0.0,0.0
2025-04-17,526.0847532599682,529.604316656272,522.3657063534529,524.8583374023438,79868100,0.0,0.0,0.0
2025-04-21,519.6238052831814,520.1622525299349,506.96125797993665,512.3652954101562,69368100,0.0,0.0,0.0
2025-04-22,518.6068942866489,527.7398682752878,517.6596822546041,525.6959228515625,75948100,0.0,0.0,0.0
2025-04-23,538.8370393033936,543.8223014706125,532.306358035387,533.841796875,90590700,0.0,0.0,0.0
2025-04-24,535.137968583152,545.8164223668259,533.8717533370633,545.07861328125,64150400,0.0,0.0,0.0
2025-04-25,545.0387382920208,549.4257324957449,542.0874411745963,549.0169677734375,61119600,0.0,0.0,0.0
2025-04-28,549.7647656303432,551.9183721484593,543.4135463851055,549.226318359375,47613800,0.0,0.0,0.0
2025-04-29,547.2920086038646,553.8127702769649,546.9330843434874,552.6860961914062,47775100,0.0,0.0,0.0
2025-04-30,545.9560300157574,554.8796618213433,539.9238747243568,552.9054565429688,93101500,0.0,0.0,0.0
2025-05-01,558.7182765361568,562.4073827721945,556.2156651498251,556.8238525390625,63186100,0.0,0.0,0.0
2025-05-02,563.0653709624233,566.7046364907385,560.7223222120272,565.0894165039062,60717300,0.0,0.0,0.0
2025-05-05,560.9117673476358,564.9797581165675,560.0443366413908,561.8489990234375,38659200,0.0,0.0,0.0
2025-05-06,556.2854623092777,561.6894695117311,555.3183506499339,557.1528930664062,48264700,0.0,0.0,0.0
2025-05-07,558.4989192920236,562.1580845152806,554.4009877287364,559.4959716796875,55588000,0.0,0.0,0.0
2025-05-08,563.5739323580718,568.6289957190513,560.0443884974118,563.3944702148438,65130800,0.0,0.0,0.0
2025-05-09,564.8102205798259,565.8272334952061,561.1012148853195,562.6765747070312,37603400,0.0,0.0,0.0
2025-05-12,579.7560672258437,581.2815867067962,575.3391321114739,581.2716064453125,78993600,0.0,0.0,0.0
2025-05-13,581.6903470478828,587.343678293745,581.1220807001266,585.1102905273438,67947200,0.0,0.0,0.0
2025-05-14,586.0774155967079,587.2439499583633,583.8140869943453,585.8580932617188,66283500,0.0,0.0,0.0
2025-05-15,583.8340232035316,589.2280501171933,583.3753571741278,588.7196044921875,71268100,0.0,0.0,0.0
2025-05-16,589.5072306166389,592.7476509117832,587.5430666021017,592.4485473632812,76052100,0.0,0.0,0.0
2025-05-19,586.3665146930052,593.784587269064,586.3665146930052,593.0966186523438,68168500,0.0,0.0,0.0
2025-05-20,591.341882776371,592.2990142108393,587.8621184990102,591.1025390625,60614500,0.0,0.0,0.0
2025-05-21,586.7055374013049,590.8333490882792,580.1050551487234,581.1419677734375,95197700,0.0,0.0,0.0
2025-05-22,580.942551785946,584.8909013825514,579.6962362276395,581.371337890625,70860400,0.0,0.0,0.0
2025-05-23,574.2822361785879,580.0950688548037,573.9033513887334,577.4030151367188,76029000,0.0,0.0,0.0
2025-05-27,584.3425491795706,589.5670943925401,576.725053693289,589.4075927734375,72588500,0.0,0.0,0.0
2025-05-28,589.8163475692377,591.0228029471133,585.2598105493923,585.9976196289062,68445500,0.0,0.0,0.0
2025-05-29,591.3119286527991,591.4515306022613,584.342541704147,588.310791015625,69973300,0.0,0.0,0.0
2025-05-30,587.194104951146,589.3876325602934,581.5208739520402,587.6527709960938,90601200,0.0,0.0,0.0
2025-06-02,586.0275300945058,591.0426720366128,583.3354764354921,590.9629516601562,61630500,0.0,0.0,0.0
2025-06-03,590.5940612123461,595.3200799781005,590.1054544048488,594.3330078125,63606200,0.0,0.0,0.0
2025-06-04,595.2004551527299,596.1875273458553,593.7347563998676,594.1734619140625,57314200,0.0,0.0,0.0
2025-06-05,595.8684581600321,597.2344151426059,589.3078360260068,591.3019409179688,92278700,0.0,0.0,0.0
2025-06-06,596.8953968767723,599.0590445233215,595.1007146259882,597.3740234375,66588700,0.0,0.0,0.0
2025-06-09,597.9522747414663,599.477794222525,596.7259196839311,597.9124145507812,53016400,0.0,0.0,0.0
2025-06-10,598.4507520987654,601.6911723434343,597.3241388928317,601.3023681640625,66247000,0.0,0.0,0.0
2025-06-11,602.4091389302424,603.2765697174132,597.5036577794746,599.5874633789062,73658200,0.0,0.0,0.0
2025-06-12,598.2414316391353,601.9703979492188,597.7528856906831,601.9703979492188,64129000,0.0,0.0,0.0
2025-06-13,596.73587404184,600.0759753105004,593.7247562563699,595.2402954101562,89506000,0.0,0.0,0.0
2025-06-16,598.6303165073551,602.6683667667999,598.4507935133779,600.903564453125,79984100,0.0,0.0,0.0
2025-06-17,598.4408921774705,599.9763310919831,595.0010489432416,595.768798828125,82209400,0.0,0.0,0.0
2025-06-18,596.6760685598517,599.4478427165867,594.711843595377,595.6790161132812,76605000,0.0,0.0,0.0
2025-06-20,598.3800048828125,599.4600219726562,592.8599853515625,594.280029296875,94051400,1.761,0.0,0.0
2025-06-23,595.0399780273438,600.5399780273438,591.8900146484375,600.1500244140625,87426000,0.0,0.0,0.0
2025-06-24,604.3300170898438,607.8499755859375,603.4099731445312,606.780029296875,67735300,0.0,0.0,0.0
2025-06-25,607.9099731445312,608.6099853515625,605.5399780273438,607.1199951171875,62114800,0.0,0.0,0.0
2025-06-26,608.989990234375,612.3099975585938,608.3699951171875,611.8699951171875,78548400,0.0,0.0,0.0
2025-06-27,612.8800048828125,616.3900146484375,610.8300170898438,614.9099731445312,86258400,0.0,0.0,0.0
2025-06-30,617.3800048828125,619.219970703125,615.0399780273438,617.8499755859375,92502500,0.0,0.0,0.0
2025-07-01,616.3599853515625,618.8300170898438,615.52001953125,617.6500244140625,70030100,0.0,0.0,0.0
2025-07-02,617.239990234375,620.489990234375,616.6099853515625,620.4500122070312,66510400,0.0,0.0,0.0
2025-07-03,622.4500122070312,626.280029296875,622.4299926757812,625.3400268554688,51065800,0.0,0.0,0.0
2025-07-07,623.3599853515625,624.030029296875,617.8699951171875,620.6799926757812,74814500,0.0,0.0,0.0
2025-07-08,621.3499755859375,622.1099853515625,619.52001953125,620.3400268554688,59024600,0.0,0.0,0.0
2025-07-09,622.77001953125,624.719970703125,620.9099731445312,624.0599975585938,66113300,0.0,0.0,0.0
2025-07-10,624.2000122070312,626.8699951171875,623.010009765625,625.8200073242188,57529000,0.0,0.0,0.0
2025-07-11,622.739990234375,624.8599853515625,621.530029296875,623.6199951171875,63670200,0.0,0.0,0.0
2025-07-14,623.1599731445312,625.1599731445312,621.7999877929688,624.8099975585938,51898500,0.0,0.0,0.0
2025-07-15,627.52001953125,627.8599853515625,622.0599975585938,622.1400146484375,74317300,0.0,0.0,0.0
2025-07-16,623.739990234375,624.72998046875,618.0499877929688,624.219970703125,88987500,0.0,0.0,0.0
2025-07-17,624.4000244140625,628.4000244140625,624.1799926757812,628.0399780273438,68885700,0.0,0.0,0.0
2025-07-18,629.2999877929688,629.469970703125,626.4600219726562,627.5800170898438,65621600,0.0,0.0,0.0
2025-07-21,628.77001953125,631.5399780273438,628.3400268554688,628.77001953125,63375000,0.0,0.0,0.0
2025-07-22,629.0999755859375,629.72998046875,626.1900024414062,628.8599853515625,60046300,0.0,0.0,0.0
2025-07-23,631.5499877929688,634.2100219726562,629.72998046875,634.2100219726562,70511000,0.0,0.0,0.0
2025-07-24,634.5999755859375,636.1500244140625,633.989990234375,634.4199829101562,71307100,0.0,0.0,0.0
2025-07-25,635.0900268554688,637.5800170898438,634.8400268554688,637.0999755859375,56865400,0.0,0.0,0.0
2025-07-28,637.47998046875,638.0399780273438,635.5399780273438,636.9400024414062,54917100,0.0,0.0,0.0
2025-07-29,638.3499755859375,638.6699829101562,634.3400268554688,635.260009765625,60514000,0.0,0.0,0.0
