Date,Open,High,Low,Close,Adj Close,Volume,Dividends,StockSplits
2023-02-16,65.9000015258789,73.30000305175781,63.90999984741211,65.58999633789062,65.58999633789062,31704800,0.0,0.0
2023-02-17,64.94000244140625,67.9000015258789,61.5099983215332,65.19999694824219,65.19999694824219,23252200,0.0,0.0
2023-02-21,63.31999969482422,66.87000274658203,61.849998474121094,62.06999969482422,62.06999969482422,19845700,0.0,0.0
2023-02-22,62.5,67.4800033569336,57.349998474121094,61.18000030517578,61.18000030517578,32937500,0.0,0.0
2023-02-23,63.959999084472656,64.6500015258789,59.88999938964844,62.36000061035156,62.36000061035156,16698500,0.0,0.0
2023-02-24,60.880001068115234,61.59000015258789,56.79999923706055,58.439998626708984,58.439998626708984,14546200,0.0,0.0
2023-02-27,59.939998626708984,60.970001220703125,58.16999816894531,58.959999084472656,58.959999084472656,13043000,0.0,0.0
2023-02-28,59.68000030517578,67.5,59.41999816894531,64.83000183105469,64.83000183105469,24843900,0.0,0.0
2023-03-01,65.30000305175781,66.79000091552734,63.09000015258789,64.66999816894531,64.66999816894531,15827100,0.0,0.0
2023-03-02,61.06999969482422,63.900001525878906,57.5,63.70000076293945,63.70000076293945,18091700,0.0,0.0
2023-03-03,61.63999938964844,65.55999755859375,61.380001068115234,64.51000213623047,64.51000213623047,17579000,0.0,0.0
2023-03-06,64.5999984741211,69.81999969482422,62.63999938964844,62.77000045776367,62.77000045776367,19826100,0.0,0.0
2023-03-07,62.79999923706055,64.66000366210938,60.59000015258789,61.88999938964844,61.88999938964844,15821500,0.0,0.0
2023-03-08,61.20000076293945,65.45999908447266,60.349998474121094,63.0099983215332,63.0099983215332,15427800,0.0,0.0
2023-03-09,62.38999938964844,64.12000274658203,57.209999084472656,58.09000015258789,58.09000015258789,20996600,0.0,0.0
2023-03-10,56.38999938964844,56.40999984741211,51.56999969482422,53.439998626708984,53.439998626708984,25743800,0.0,0.0
2023-03-13,54.709999084472656,61.099998474121094,50.77000045776367,59.16999816894531,59.16999816894531,31431900,0.0,0.0
2023-03-14,65.44999694824219,66.20999908447266,61.099998474121094,62.650001525878906,62.650001525878906,25167800,0.0,0.0
2023-03-15,61.900001525878906,66.29000091552734,61.18000030517578,64.47000122070312,64.47000122070312,20825700,0.0,0.0
2023-03-16,64.4000015258789,68.62000274658203,63.119998931884766,67.77999877929688,67.77999877929688,15474500,0.0,0.0
2023-03-17,70.5199966430664,76.80000305175781,69.0999984741211,74.9800033569336,74.9800033569336,31006200,0.0,0.0
2023-03-20,76.76000213623047,77.05999755859375,72.87000274658203,75.13999938964844,75.13999938964844,19026400,0.0,0.0
2023-03-21,76.23999786376953,85.05000305175781,75.7699966430664,83.98999786376953,83.98999786376953,22991900,0.0,0.0
2023-03-22,84.25,85.37999725341797,76.86000061035156,77.13999938964844,77.13999938964844,24463200,0.0,0.0
2023-03-23,61.849998474121094,70.0,61.5099983215332,66.30000305175781,66.30000305175781,43152800,0.0,0.0
2023-03-24,64.18000030517578,68.7300033569336,63.529998779296875,67.83000183105469,67.83000183105469,21614100,0.0,0.0
2023-03-27,67.19999694824219,67.5999984741211,60.5099983215332,62.540000915527344,62.540000915527344,23531300,0.0,0.0
2023-03-28,62.31999969482422,64.05000305175781,61.11000061035156,63.040000915527344,63.040000915527344,11635900,0.0,0.0
2023-03-29,65.41999816894531,68.62999725341797,63.77000045776367,65.30000305175781,65.30000305175781,17673800,0.0,0.0
2023-03-30,66.52999877929688,67.16999816894531,63.68000030517578,64.16000366210938,64.16000366210938,11563100,0.0,0.0
2023-03-31,64.69999694824219,68.56999969482422,63.93000030517578,67.56999969482422,67.56999969482422,15926600,0.0,0.0
2023-04-03,66.01000213623047,68.33000183105469,62.70000076293945,63.61000061035156,63.61000061035156,14040300,0.0,0.0
2023-04-04,64.66000366210938,65.4000015258789,60.95000076293945,62.540000915527344,62.540000915527344,11654400,0.0,0.0
2023-04-05,62.540000915527344,63.04999923706055,59.220001220703125,60.779998779296875,60.779998779296875,10788900,0.0,0.0
2023-04-06,59.56999969482422,62.7400016784668,58.20000076293945,61.439998626708984,61.439998626708984,11875200,0.0,0.0
2023-04-10,61.369998931884766,66.19000244140625,59.65999984741211,66.12999725341797,66.12999725341797,14391800,0.0,0.0
2023-04-11,68.08999633789062,72.61000061035156,67.23999786376953,70.19000244140625,70.19000244140625,25348800,0.0,0.0
2023-04-12,70.7699966430664,72.0199966430664,66.2300033569336,67.83999633789062,67.83999633789062,16773400,0.0,0.0
2023-04-13,69.88999938964844,72.52999877929688,68.05000305175781,68.94999694824219,68.94999694824219,19718500,0.0,0.0
2023-04-14,69.30000305175781,71.69999694824219,67.87000274658203,69.91000366210938,69.91000366210938,12887200,0.0,0.0
2023-04-17,67.12000274658203,68.05000305175781,64.9000015258789,67.72000122070312,67.72000122070312,13344200,0.0,0.0
2023-04-18,70.38999938964844,71.79000091552734,66.55000305175781,67.26000213623047,67.26000213623047,14835500,0.0,0.0
2023-04-19,64.36000061035156,65.94000244140625,63.400001525878906,64.44000244140625,64.44000244140625,10327000,0.0,0.0
2023-04-20,63.22999954223633,65.33000183105469,60.16999816894531,60.5,60.5,11452900,0.0,0.0
2023-04-21,61.08000183105469,61.45000076293945,58.709999084472656,59.040000915527344,59.040000915527344,13235100,0.0,0.0
2023-04-24,58.959999084472656,59.09000015258789,54.08000183105469,54.75,54.75,21135700,0.0,0.0
2023-04-25,55.709999084472656,56.09000015258789,53.619998931884766,55.54999923706055,55.54999923706055,14383300,0.0,0.0
2023-04-26,59.5099983215332,59.5099983215332,53.599998474121094,53.88999938964844,53.88999938964844,16761200,0.0,0.0
2023-04-27,54.66999816894531,55.720001220703125,53.58000183105469,54.16999816894531,54.16999816894531,12010900,0.0,0.0
2023-04-28,53.650001525878906,54.52000045776367,52.16999816894531,53.790000915527344,53.790000915527344,11629800,0.0,0.0
2023-05-01,53.16999816894531,54.380001068115234,48.45000076293945,50.13999938964844,50.13999938964844,18437900,0.0,0.0
2023-05-02,50.20000076293945,52.13999938964844,48.2599983215332,51.31999969482422,51.31999969482422,16778400,0.0,0.0
2023-05-03,50.150001525878906,51.599998474121094,48.310001373291016,48.4900016784668,48.4900016784668,13325600,0.0,0.0
2023-05-04,48.720001220703125,50.470001220703125,47.650001525878906,49.220001220703125,49.220001220703125,13044400,0.0,0.0
2023-05-05,54.04999923706055,58.58000183105469,53.75,58.2400016784668,58.2400016784668,25585600,0.0,0.0
2023-05-08,55.900001525878906,58.79999923706055,54.61000061035156,58.099998474121094,58.099998474121094,15259400,0.0,0.0
2023-05-09,57.900001525878906,60.2400016784668,56.59000015258789,60.209999084472656,60.209999084472656,9641200,0.0,0.0
2023-05-10,61.45000076293945,63.75,59.88999938964844,62.63999938964844,62.63999938964844,15481300,0.0,0.0
2023-05-11,62.40999984741211,63.11000061035156,59.77000045776367,60.349998474121094,60.349998474121094,8843500,0.0,0.0
2023-05-12,60.88999938964844,61.130001068115234,56.77000045776367,57.34000015258789,57.34000015258789,9111000,0.0,0.0
2023-05-15,58.400001525878906,61.29999923706055,57.20000076293945,60.77000045776367,60.77000045776367,9429300,0.0,0.0
2023-05-16,58.68000030517578,60.11000061035156,57.13999938964844,57.880001068115234,57.880001068115234,7867900,0.0,0.0
2023-05-17,57.4900016784668,61.310001373291016,57.29999923706055,61.040000915527344,61.040000915527344,8998400,0.0,0.0
2023-05-18,60.470001220703125,61.70000076293945,58.599998474121094,60.2599983215332,60.2599983215332,8330300,0.0,0.0
2023-05-19,60.56999969482422,61.470001220703125,56.59000015258789,56.779998779296875,56.779998779296875,12520700,0.0,0.0
2023-05-22,56.88999938964844,61.099998474121094,55.900001525878906,61.06999969482422,61.06999969482422,12683400,0.0,0.0
2023-05-23,61.0,63.25,58.66999816894531,59.099998474121094,59.099998474121094,12208200,0.0,0.0
2023-05-24,57.779998779296875,58.970001220703125,56.599998474121094,58.36000061035156,58.36000061035156,8198300,0.0,0.0
2023-05-25,58.560001373291016,59.13999938964844,55.880001068115234,56.869998931884766,56.869998931884766,7997400,0.0,0.0
2023-05-26,56.86000061035156,58.90999984741211,56.630001068115234,56.91999816894531,56.91999816894531,7788100,0.0,0.0
2023-05-30,60.099998474121094,63.380001068115234,59.22999954223633,61.16999816894531,61.16999816894531,14814200,0.0,0.0
2023-05-31,59.29999923706055,62.59000015258789,59.209999084472656,62.20000076293945,62.20000076293945,10112600,0.0,0.0
2023-06-01,61.79999923706055,66.36000061035156,60.66999816894531,63.56999969482422,63.56999969482422,11729000,0.0,0.0
2023-06-02,65.11000061035156,65.22000122070312,62.0,64.55000305175781,64.55000305175781,8630800,0.0,0.0
2023-06-05,63.380001068115234,64.44000244140625,55.810001373291016,58.709999084472656,58.709999084472656,26413200,0.0,0.0
2023-06-06,47.099998474121094,52.380001068115234,46.43000030517578,51.61000061035156,51.61000061035156,56259900,0.0,0.0
2023-06-07,53.290000915527344,54.0,51.70000076293945,53.2599983215332,53.2599983215332,18905500,0.0,0.0
2023-06-08,52.209999084472656,55.04999923706055,51.959999084472656,54.900001525878906,54.900001525878906,12773600,0.0,0.0
2023-06-09,55.0,57.41999816894531,52.47999954223633,53.279998779296875,53.279998779296875,14394300,0.0,0.0
2023-06-12,52.529998779296875,52.93000030517578,50.099998474121094,50.560001373291016,50.560001373291016,12447200,0.0,0.0
2023-06-13,51.79999923706055,52.65999984741211,50.52000045776367,52.400001525878906,52.400001525878906,11560800,0.0,0.0
2023-06-14,52.810001373291016,54.790000915527344,51.560001373291016,53.900001525878906,53.900001525878906,11241200,0.0,0.0
2023-06-15,52.709999084472656,54.58000183105469,50.93000030517578,54.25,54.25,11801700,0.0,0.0
2023-06-16,55.40999984741211,56.279998779296875,53.900001525878906,55.59000015258789,55.59000015258789,13754200,0.0,0.0
2023-06-20,55.900001525878906,57.939998626708984,53.630001068115234,57.09000015258789,57.09000015258789,14143500,0.0,0.0
2023-06-21,58.900001525878906,59.2400016784668,56.81999969482422,58.099998474121094,58.099998474121094,20569700,0.0,0.0
2023-06-22,58.97999954223633,59.279998779296875,55.099998474121094,57.4900016784668,57.4900016784668,12837400,0.0,0.0
2023-06-23,56.849998474121094,61.88999938964844,55.75,61.470001220703125,61.470001220703125,26088600,0.0,0.0
2023-06-26,61.099998474121094,66.16000366210938,61.0,61.939998626708984,61.939998626708984,20724100,0.0,0.0
2023-06-27,63.79999923706055,70.37000274658203,62.84000015258789,69.88999938964844,69.88999938964844,25447400,0.0,0.0
2023-06-28,69.0,74.30999755859375,69.0,70.75,70.75,23086200,0.0,0.0
2023-06-29,72.02999877929688,74.18000030517578,70.83000183105469,72.43000030517578,72.43000030517578,14730500,0.0,0.0
2023-06-30,73.80000305175781,74.97000122070312,68.1500015258789,71.55000305175781,71.55000305175781,24594000,0.0,0.0
2023-07-03,73.19999694824219,80.8499984741211,73.01000213623047,79.93000030517578,79.93000030517578,19891700,0.0,0.0
2023-07-05,76.9000015258789,79.93000030517578,76.16000366210938,78.3499984741211,78.3499984741211,14670000,0.0,0.0
2023-07-06,78.05000305175781,78.45999908447266,74.5199966430664,78.0999984741211,78.0999984741211,11110400,0.0,0.0
2023-07-07,78.1500015258789,81.19000244140625,77.62000274658203,78.72000122070312,78.72000122070312,13275500,0.0,0.0
2023-07-10,79.08000183105469,81.37000274658203,76.55000305175781,81.20999908447266,81.20999908447266,10739700,0.0,0.0
2023-07-11,80.48999786376953,92.1500015258789,80.48999786376953,89.1500015258789,89.1500015258789,35672100,0.0,0.0
2023-07-12,89.0,89.06999969482422,84.44999694824219,85.94999694824219,85.94999694824219,16752300,0.0,0.0
2023-07-13,85.3499984741211,109.20999908447266,83.41999816894531,107.0,107.0,65424400,0.0,0.0
2023-07-14,106.68000030517578,114.43000030517578,101.22000122070312,105.30999755859375,105.30999755859375,42266300,0.0,0.0
2023-07-17,104.56999969482422,109.4800033569336,103.5,105.55000305175781,105.55000305175781,19191400,0.0,0.0
2023-07-18,104.5,109.8499984741211,101.9000015258789,104.58999633789062,104.58999633789062,17567200,0.0,0.0
2023-07-19,107.30999755859375,111.05999755859375,105.08000183105469,110.1500015258789,110.1500015258789,15920800,0.0,0.0
2023-07-20,109.26000213623047,111.87999725341797,100.37000274658203,101.26000213623047,101.26000213623047,15274600,0.0,0.0
2023-07-21,102.56999969482422,104.33000183105469,98.70999908447266,100.81999969482422,100.81999969482422,10481800,0.0,0.0
2023-07-24,99.2300033569336,100.38999938964844,95.69999694824219,98.8499984741211,98.8499984741211,9755700,0.0,0.0
2023-07-25,99.33999633789062,102.58999633789062,97.62999725341797,97.68000030517578,97.68000030517578,7726000,0.0,0.0
2023-07-26,97.37000274658203,101.31999969482422,97.27999877929688,99.75,99.75,6575800,0.0,0.0
2023-07-27,102.58999633789062,102.7300033569336,91.80000305175781,92.69000244140625,92.69000244140625,12232300,0.0,0.0
2023-07-28,94.80000305175781,96.91999816894531,93.55000305175781,94.76000213623047,94.76000213623047,7228000,0.0,0.0
2023-07-31,94.75,100.19999694824219,94.58999633789062,98.61000061035156,98.61000061035156,8493000,0.0,0.0
2023-08-01,95.87999725341797,95.94999694824219,89.2300033569336,94.1500015258789,94.1500015258789,11543600,0.0,0.0
2023-08-02,91.44999694824219,95.41000366210938,88.05000305175781,90.43000030517578,90.43000030517578,10666200,0.0,0.0
2023-08-03,89.0,93.44000244140625,88.45999908447266,90.75,90.75,10297200,0.0,0.0
2023-08-04,89.0,94.29000091552734,86.69999694824219,87.30999755859375,87.30999755859375,13219600,0.0,0.0
2023-08-07,87.19999694824219,87.30000305175781,82.08999633789062,85.95999908447266,85.95999908447266,10019500,0.0,0.0
2023-08-08,87.08999633789062,88.98999786376953,84.55000305175781,88.04000091552734,88.04000091552734,8986900,0.0,0.0
2023-08-09,88.52999877929688,88.9000015258789,84.08000183105469,84.33999633789062,84.33999633789062,7987100,0.0,0.0
2023-08-10,85.0,88.48999786376953,82.51000213623047,83.38999938964844,83.38999938964844,7697600,0.0,0.0
2023-08-11,82.05999755859375,83.4800033569336,80.47000122070312,81.01000213623047,81.01000213623047,5791100,0.0,0.0
2023-08-14,80.04000091552734,81.98999786376953,78.91000366210938,80.80999755859375,80.80999755859375,5753500,0.0,0.0
2023-08-15,81.1500015258789,83.0999984741211,79.11000061035156,79.18000030517578,79.18000030517578,7397300,0.0,0.0
2023-08-16,82.51000213623047,82.8499984741211,77.80000305175781,79.0,79.0,10140200,0.0,0.0
2023-08-17,78.37999725341797,79.18000030517578,75.4000015258789,75.55999755859375,75.55999755859375,9261600,0.0,0.0
2023-08-18,72.33999633789062,75.25,72.25,73.19000244140625,73.19000244140625,10011800,0.0,0.0
2023-08-21,73.25,76.02999877929688,72.0999984741211,75.27999877929688,75.27999877929688,7514900,0.0,0.0
2023-08-22,76.69000244140625,77.45999908447266,74.0199966430664,74.9000015258789,74.9000015258789,6322000,0.0,0.0
2023-08-23,74.3499984741211,78.16999816894531,74.06999969482422,77.77999877929688,77.77999877929688,6460900,0.0,0.0
2023-08-24,77.76000213623047,78.04000091552734,73.37999725341797,73.66000366210938,73.66000366210938,5585700,0.0,0.0
2023-08-25,74.31999969482422,75.58999633789062,72.41000366210938,74.26000213623047,74.26000213623047,5136800,0.0,0.0
2023-08-28,74.56999969482422,74.70999908447266,73.05000305175781,73.70999908447266,73.70999908447266,4043800,0.0,0.0
2023-08-29,73.5,86.26000213623047,73.16999816894531,84.69999694824219,84.69999694824219,24067300,0.0,0.0
2023-08-30,83.55999755859375,86.5,82.56999969482422,83.83000183105469,83.83000183105469,9448000,0.0,0.0
2023-08-31,84.43000030517578,84.56999969482422,78.9000015258789,79.5999984741211,79.5999984741211,8466400,0.0,0.0
2023-09-01,80.0,80.3499984741211,77.1500015258789,77.98999786376953,77.98999786376953,6676500,0.0,0.0
2023-09-05,78.0,79.29000091552734,76.27999877929688,77.5,77.5,4949000,0.0,0.0
2023-09-06,77.37999725341797,79.97000122070312,76.75,78.04000091552734,78.04000091552734,6636200,0.0,0.0
2023-09-07,76.2699966430664,82.06999969482422,75.45999908447266,81.79000091552734,81.79000091552734,6424000,0.0,0.0
2023-09-08,81.63999938964844,82.69000244140625,80.3499984741211,82.08999633789062,82.08999633789062,5680600,0.0,0.0
2023-09-11,82.0,83.19999694824219,77.79000091552734,80.62000274658203,80.62000274658203,7220700,0.0,0.0
2023-09-12,82.0199966430664,86.36000061035156,80.54000091552734,81.31999969482422,81.31999969482422,10519300,0.0,0.0
2023-09-13,81.88999938964844,83.1500015258789,79.62000274658203,79.86000061035156,79.86000061035156,5925700,0.0,0.0
2023-09-14,81.66999816894531,84.0999984741211,81.26000213623047,83.44999694824219,83.44999694824219,7145100,0.0,0.0
2023-09-15,82.73999786376953,83.31999969482422,79.94999694824219,82.1500015258789,82.1500015258789,6272300,0.0,0.0
2023-09-18,83.80000305175781,84.3499984741211,81.22000122070312,81.61000061035156,81.61000061035156,6246700,0.0,0.0
2023-09-19,82.1500015258789,82.4000015258789,77.7699966430664,78.12999725341797,78.12999725341797,7567400,0.0,0.0
2023-09-20,78.62000274658203,80.58999633789062,76.55999755859375,76.66999816894531,76.66999816894531,5459200,0.0,0.0
2023-09-21,74.37999725341797,75.19000244140625,72.86000061035156,74.41999816894531,74.41999816894531,6534800,0.0,0.0
2023-09-22,75.48999786376953,75.94999694824219,70.80999755859375,70.95999908447266,70.95999908447266,6321600,0.0,0.0
2023-09-25,69.91000366210938,72.36000061035156,69.62999725341797,71.75,71.75,5057500,0.0,0.0
2023-09-26,71.73999786376953,73.08999633789062,69.70999908447266,70.5199966430664,70.5199966430664,5168200,0.0,0.0
2023-09-27,72.72000122070312,73.4800033569336,69.94999694824219,71.5199966430664,71.5199966430664,5324600,0.0,0.0
2023-09-28,72.58999633789062,77.12999725341797,71.51000213623047,75.16000366210938,75.16000366210938,8252400,0.0,0.0
2023-09-29,76.75,77.5,74.56999969482422,75.08000183105469,75.08000183105469,5747200,0.0,0.0
2023-10-02,78.55000305175781,79.94999694824219,74.4000015258789,75.30999755859375,75.30999755859375,9709300,0.0,0.0
2023-10-03,74.33999633789062,75.6500015258789,71.75,72.4800033569336,72.4800033569336,5815500,0.0,0.0
2023-10-04,73.19999694824219,74.11000061035156,70.41000366210938,73.47000122070312,73.47000122070312,7613700,0.0,0.0
2023-10-05,73.52999877929688,75.4800033569336,72.0999984741211,74.62000274658203,74.62000274658203,6229300,0.0,0.0
2023-10-06,72.47000122070312,78.94999694824219,72.31999969482422,78.45999908447266,78.45999908447266,7931300,0.0,0.0
2023-10-09,76.54000091552734,80.05999755859375,76.5,79.0999984741211,79.0999984741211,5631300,0.0,0.0
2023-10-10,79.0,82.06999969482422,77.97000122070312,79.62000274658203,79.62000274658203,5645100,0.0,0.0
2023-10-11,79.2699966430664,80.48999786376953,75.5999984741211,77.3499984741211,77.3499984741211,6474100,0.0,0.0
2023-10-12,77.04000091552734,77.18000030517578,74.44999694824219,75.19000244140625,75.19000244140625,5338600,0.0,0.0
2023-10-13,75.0,75.19000244140625,72.0999984741211,73.43000030517578,73.43000030517578,6148400,0.0,0.0
2023-10-16,77.61000061035156,79.30000305175781,73.36000061035156,75.20999908447266,75.20999908447266,12608600,0.0,0.0
2023-10-17,74.80000305175781,79.12000274658203,74.5,77.45999908447266,77.45999908447266,7459500,0.0,0.0
2023-10-18,76.87999725341797,78.37999725341797,73.77999877929688,73.93000030517578,73.93000030517578,5123400,0.0,0.0
2023-10-19,74.27999877929688,76.16999816894531,72.72000122070312,73.0999984741211,73.0999984741211,5391200,0.0,0.0
2023-10-20,74.63999938964844,76.76000213623047,73.5,74.66000366210938,74.66000366210938,8423300,0.0,0.0
2023-10-23,75.5,80.7300033569336,72.41999816894531,77.20999908447266,77.20999908447266,13635700,0.0,0.0
2023-10-24,83.29000091552734,89.4000015258789,80.88999938964844,82.06999969482422,82.06999969482422,23689500,0.0,0.0
2023-10-25,83.51000213623047,84.08999633789062,77.4000015258789,77.79000091552734,77.79000091552734,13773200,0.0,0.0
2023-10-26,77.19999694824219,79.16000366210938,73.1500015258789,74.61000061035156,74.61000061035156,8294500,0.0,0.0
2023-10-27,76.44999694824219,76.5,70.41999816894531,70.77999877929688,70.77999877929688,9010600,0.0,0.0
2023-10-30,72.05000305175781,74.08000183105469,71.87999725341797,73.5999984741211,73.5999984741211,6454600,0.0,0.0
2023-10-31,73.5999984741211,77.47000122070312,73.55999755859375,77.12000274658203,77.12000274658203,6334600,0.0,0.0
2023-11-01,77.41999816894531,79.41000366210938,75.87000274658203,77.80999755859375,77.80999755859375,6878600,0.0,0.0
2023-11-02,81.70999908447266,84.80000305175781,80.80999755859375,84.5999984741211,84.5999984741211,12596200,0.0,0.0
2023-11-03,83.79000091552734,88.33999633789062,82.05000305175781,85.80000305175781,85.80000305175781,12193500,0.0,0.0
2023-11-06,86.81999969482422,89.2699966430664,84.08999633789062,86.37000274658203,86.37000274658203,9881900,0.0,0.0
2023-11-07,86.19999694824219,89.48999786376953,84.30000305175781,89.06999969482422,89.06999969482422,6762300,0.0,0.0
2023-11-08,88.80000305175781,89.1500015258789,84.69000244140625,88.31999969482422,88.31999969482422,7286000,0.0,0.0
2023-11-09,92.9000015258789,99.81999969482422,91.37000274658203,92.86000061035156,92.86000061035156,20941400,0.0,0.0
2023-11-10,94.4000015258789,96.22000122070312,91.80000305175781,92.91999816894531,92.91999816894531,9827900,0.0,0.0
2023-11-13,91.77999877929688,93.2699966430664,88.62000274658203,92.63999938964844,92.63999938964844,8860400,0.0,0.0
2023-11-14,94.91000366210938,95.31999969482422,89.79000091552734,92.08999633789062,92.08999633789062,10137700,0.0,0.0
2023-11-15,93.91999816894531,100.1500015258789,93.06999969482422,98.1500015258789,98.1500015258789,11968900,0.0,0.0
2023-11-16,97.68000030517578,97.88999938964844,94.44999694824219,96.91999816894531,96.91999816894531,7073800,0.0,0.0
2023-11-17,97.0,99.43000030517578,94.9000015258789,99.05000305175781,99.05000305175781,7361800,0.0,0.0
2023-11-20,100.70999908447266,106.45999908447266,100.01000213623047,106.0999984741211,106.0999984741211,10962900,0.0,0.0
2023-11-21,104.0,106.05999755859375,101.33999633789062,105.48999786376953,105.48999786376953,9348200,0.0,0.0
2023-11-22,106.16999816894531,109.98999786376953,103.36000061035156,109.25,109.25,10340100,0.0,0.0
2023-11-24,108.44999694824219,116.94000244140625,107.9800033569336,115.54000091552734,115.54000091552734,11654600,0.0,0.0
2023-11-27,112.58000183105469,121.45999908447266,112.18000030517578,119.7699966430664,119.7699966430664,14205900,0.0,0.0
2023-11-28,122.05000305175781,129.25999450683594,119.69999694824219,128.27000427246094,128.27000427246094,17639100,0.0,0.0
2023-11-29,127.81999969482422,131.4199981689453,126.30000305175781,127.81999969482422,127.81999969482422,13908800,0.0,0.0
2023-11-30,126.05999755859375,127.13999938964844,118.4000015258789,124.72000122070312,124.72000122070312,14074000,0.0,0.0
2023-12-01,126.38999938964844,134.3300018310547,125.87999725341797,133.75999450683594,133.75999450683594,13693500,0.0,0.0
2023-12-04,143.52999877929688,146.3000030517578,137.60000610351562,141.08999633789062,141.08999633789062,21561900,0.0,0.0
2023-12-05,140.0,147.86000061035156,139.17999267578125,140.1999969482422,140.1999969482422,18303400,0.0,0.0
2023-12-06,142.5,143.44000244140625,134.1199951171875,134.6300048828125,134.6300048828125,12584400,0.0,0.0
2023-12-07,131.02000427246094,138.47999572753906,130.1699981689453,136.19000244140625,136.19000244140625,9795700,0.0,0.0
2023-12-08,136.19000244140625,146.74000549316406,135.85000610351562,146.6199951171875,146.6199951171875,12023600,0.0,0.0
2023-12-11,141.5,142.8699951171875,135.99000549316406,138.02000427246094,138.02000427246094,12160400,0.0,0.0
2023-12-12,139.88999938964844,141.75,135.99000549316406,139.6199951171875,139.6199951171875,8303500,0.0,0.0
2023-12-13,139.6199951171875,150.64999389648438,137.14999389648438,150.4600067138672,150.4600067138672,12514900,0.0,0.0
2023-12-14,152.10000610351562,154.74000549316406,149.10000610351562,153.6300048828125,153.6300048828125,12095100,0.0,0.0
2023-12-15,151.80999755859375,151.9199981689453,146.83999633789062,147.89999389648438,147.89999389648438,11802300,0.0,0.0
2023-12-18,144.80999755859375,155.00999450683594,144.0,153.42999267578125,153.42999267578125,9959900,0.0,0.0
2023-12-19,155.5,162.08999633789062,153.61000061035156,161.16000366210938,161.16000366210938,13906800,0.0,0.0
2023-12-20,164.72999572753906,169.47999572753906,160.07000732421875,161.86000061035156,161.86000061035156,16021900,0.0,0.0
2023-12-21,166.7100067138672,170.1699981689453,163.10000610351562,168.02999877929688,168.02999877929688,12081500,0.0,0.0
2023-12-22,169.77000427246094,178.6999969482422,167.89999389648438,175.47999572753906,175.47999572753906,15832900,0.0,0.0
2023-12-26,174.8000030517578,178.1199951171875,169.0500030517578,172.0500030517578,172.0500030517578,12544800,0.0,0.0
2023-12-27,176.32000732421875,186.97000122070312,175.5,185.24000549316406,185.24000549316406,15569900,0.0,0.0
2023-12-28,179.30999755859375,187.38999938964844,177.75,186.36000061035156,186.36000061035156,17276300,0.0,0.0
2023-12-29,186.05999755859375,187.25,171.0,173.9199981689453,173.9199981689453,19724400,0.0,0.0
2024-01-02,173.02000427246094,175.57000732421875,155.35000610351562,156.8800048828125,156.8800048828125,26549400,0.0,0.0
2024-01-03,146.0,156.25,144.11000061035156,152.24000549316406,152.24000549316406,18573800,0.0,0.0
2024-01-04,152.5,161.27999877929688,148.80999755859375,155.60000610351562,155.60000610351562,14874300,0.0,0.0
2024-01-05,152.6699981689453,157.69000244140625,151.08999633789062,153.97999572753906,153.97999572753906,10875500,0.0,0.0
2024-01-08,157.8000030517578,161.3800048828125,146.50999450683594,159.4199981689453,159.4199981689453,18125700,0.0,0.0
2024-01-09,159.60000610351562,159.99000549316406,151.32000732421875,151.99000549316406,151.99000549316406,12959700,0.0,0.0
2024-01-10,149.2100067138672,153.47000122070312,143.14999389648438,151.2899932861328,151.2899932861328,18718200,0.0,0.0
2024-01-11,159.19000244140625,161.0399932861328,140.00999450683594,141.16000366210938,141.16000366210938,31754200,0.0,0.0
2024-01-12,137.19000244140625,141.07000732421875,130.3699951171875,130.77999877929688,130.77999877929688,20392800,0.0,0.0
2024-01-16,129.44000244140625,136.39999389648438,126.87999725341797,133.8800048828125,133.8800048828125,14789700,0.0,0.0
2024-01-17,130.50999450683594,134.25999450683594,129.41000366210938,133.86000061035156,133.86000061035156,8133100,0.0,0.0
2024-01-18,133.25,137.30999755859375,123.93000030517578,124.33999633789062,124.33999633789062,14519500,0.0,0.0
2024-01-19,124.33999633789062,124.81999969482422,118.0199966430664,124.75,124.75,16692600,0.0,0.0
2024-01-22,124.05000305175781,131.77999877929688,122.5,128.2100067138672,128.2100067138672,12042600,0.0,0.0
2024-01-23,122.41000366210938,126.1500015258789,120.33000183105469,124.19000244140625,124.19000244140625,9737100,0.0,0.0
2024-01-24,127.27999877929688,127.97000122070312,120.79000091552734,121.33999633789062,121.33999633789062,9118900,0.0,0.0
2024-01-25,122.37999725341797,124.26000213623047,118.91999816894531,121.01000213623047,121.01000213623047,8166400,0.0,0.0
2024-01-26,127.5199966430664,128.10000610351562,121.45999908447266,125.19999694824219,125.19999694824219,13956300,0.0,0.0
2024-01-29,127.08999633789062,136.88999938964844,125.80000305175781,132.82000732421875,132.82000732421875,17813700,0.0,0.0
2024-01-30,136.0500030517578,136.6999969482422,130.44000244140625,130.82000732421875,130.82000732421875,8745700,0.0,0.0
2024-01-31,129.08999633789062,135.5500030517578,127.56999969482422,128.1999969482422,128.1999969482422,9838800,0.0,0.0
2024-02-01,128.75,132.07000732421875,124.23999786376953,128.9499969482422,128.9499969482422,8464300,0.0,0.0
2024-02-02,126.9000015258789,130.1300048828125,125.55000305175781,129.22000122070312,129.22000122070312,6110000,0.0,0.0
2024-02-05,128.6999969482422,128.88999938964844,115.80000305175781,117.30000305175781,117.30000305175781,13067300,0.0,0.0
2024-02-06,118.61000061035156,120.9000015258789,115.9000015258789,119.79000091552734,119.79000091552734,6740600,0.0,0.0
2024-02-07,119.68000030517578,124.4000015258789,114.51000213623047,122.06999969482422,122.06999969482422,8985100,0.0,0.0
2024-02-08,127.22000122070312,133.0500030517578,125.80999755859375,132.5500030517578,132.5500030517578,11315900,0.0,0.0
2024-02-09,142.16000366210938,144.5500030517578,137.1699981689453,141.99000549316406,141.99000549316406,15985100,0.0,0.0
2024-02-12,141.10000610351562,150.35000610351562,140.99000549316406,147.30999755859375,147.30999755859375,10977100,0.0,0.0
2024-02-13,138.38999938964844,143.75,137.1300048828125,140.38999938964844,140.38999938964844,9568800,0.0,0.0
2024-02-14,151.8300018310547,161.1300048828125,150.39999389648438,160.3800048828125,160.3800048828125,18041800,0.0,0.0
2024-02-15,168.7899932861328,172.82000732421875,162.0800018310547,165.6699981689453,165.6699981689453,22992800,0.0,0.0
2024-02-16,189.0500030517578,193.63999938964844,178.8000030517578,180.30999755859375,180.30999755859375,33233300,0.0,0.0
2024-02-20,179.8699951171875,181.30999755859375,163.38999938964844,173.3000030517578,173.3000030517578,16196500,0.0,0.0
2024-02-21,164.25,168.08999633789062,161.19000244140625,162.41000366210938,162.41000366210938,10622100,0.0,0.0
2024-02-22,164.85000610351562,171.99000549316406,163.8000030517578,170.91000366210938,170.91000366210938,9027300,0.0,0.0
2024-02-23,167.3800048828125,170.0,160.66000366210938,165.97999572753906,165.97999572753906,7191200,0.0,0.0
2024-02-26,168.66000366210938,196.9499969482422,168.39999389648438,193.94000244140625,193.94000244140625,22593700,0.0,0.0
2024-02-27,205.17999267578125,209.94000244140625,192.08999633789062,199.22000122070312,199.22000122070312,22679100,0.0,0.0
2024-02-28,209.41000366210938,212.22000122070312,197.66000366210938,200.8000030517578,200.8000030517578,25397100,0.0,0.0
2024-02-29,206.4600067138672,211.30999755859375,193.8800048828125,203.55999755859375,203.55999755859375,16237800,0.0,0.0
2024-03-01,202.6999969482422,206.38999938964844,196.00999450683594,205.77000427246094,205.77000427246094,9297400,0.0,0.0
2024-03-04,217.38999938964844,236.4600067138672,212.25,229.14999389648438,229.14999389648438,23294900,0.0,0.0
2024-03-05,230.0,239.97999572753906,215.39999389648438,216.77000427246094,216.77000427246094,23863300,0.0,0.0
2024-03-06,229.1999969482422,239.89999389648438,223.02999877929688,238.5500030517578,238.5500030517578,17936700,0.0,0.0
2024-03-07,240.0,242.8699951171875,235.5,242.6199951171875,242.6199951171875,10553700,0.0,0.0
2024-03-08,246.0,270.54998779296875,244.89999389648438,256.6199951171875,256.6199951171875,21884000,0.0,0.0
2024-03-11,270.0799865722656,271.6499938964844,253.9600067138672,254.1699981689453,254.1699981689453,20296400,0.0,0.0
2024-03-12,257.8299865722656,260.7900085449219,242.08999633789062,256.1400146484375,256.1400146484375,14666200,0.0,0.0
2024-03-13,253.36000061035156,269.3900146484375,250.52999877929688,251.72999572753906,251.72999572753906,17329800,0.0,0.0
2024-03-14,245.0,248.27000427246094,227.24000549316406,233.6699981689453,233.6699981689453,18789300,0.0,0.0
2024-03-15,225.05999755859375,244.64999389648438,222.8300018310547,242.36000061035156,242.36000061035156,17256300,0.0,0.0
2024-03-18,238.61000061035156,244.0500030517578,230.2100067138672,239.6199951171875,239.6199951171875,9734500,0.0,0.0
2024-03-19,223.24000549316406,233.2899932861328,216.16000366210938,230.1199951171875,230.1199951171875,12928500,0.0,0.0
2024-03-20,231.3800048828125,256.9599914550781,228.8000030517578,256.8800048828125,256.8800048828125,13834300,0.0,0.0
2024-03-21,260.239990234375,276.3800048828125,256.2699890136719,262.0,262.0,16199900,0.0,0.0
2024-03-22,254.24000549316406,260.7200012207031,249.5500030517578,255.50999450683594,255.50999450683594,9828200,0.0,0.0
2024-03-25,261.0,283.4800109863281,260.25,279.7099914550781,279.7099914550781,13941700,0.0,0.0
2024-03-26,280.1199951171875,280.8299865722656,266.69000244140625,266.80999755859375,266.80999755859375,10316200,0.0,0.0
2024-03-27,276.2200012207031,276.6099853515625,253.9499969482422,256.70001220703125,256.70001220703125,11092600,0.0,0.0
2024-03-28,260.2099914550781,270.7900085449219,257.9100036621094,265.1199951171875,265.1199951171875,11201600,0.0,0.0
2024-04-01,261.8699951171875,268.80999755859375,249.22000122070312,252.11000061035156,252.11000061035156,10010700,0.0,0.0
2024-04-02,238.10000610351562,248.1300048828125,235.99000549316406,245.83999633789062,245.83999633789062,8817600,0.0,0.0
2024-04-03,244.0399932861328,256.0,243.0,251.5800018310547,251.5800018310547,6670200,0.0,0.0
2024-04-04,260.1499938964844,261.5,249.4600067138672,249.61000061035156,249.61000061035156,8098300,0.0,0.0
2024-04-05,244.91000366210938,253.9600067138672,240.1999969482422,240.89999389648438,240.89999389648438,8438600,0.0,0.0
2024-04-08,252.86000061035156,261.6300048828125,249.67999267578125,256.989990234375,256.989990234375,10042200,0.0,0.0
2024-04-09,253.22999572753906,254.5500030517578,241.10000610351562,242.9499969482422,242.9499969482422,7792700,0.0,0.0
2024-04-10,238.24000549316406,251.27000427246094,234.1199951171875,250.99000549316406,250.99000549316406,8416000,0.0,0.0
2024-04-11,250.99000549316406,264.29998779296875,247.30999755859375,263.010009765625,263.010009765625,8655100,0.0,0.0
2024-04-12,259.4200134277344,259.9700012207031,244.30999755859375,245.75,245.75,9051600,0.0,0.0
2024-04-15,247.94000244140625,249.74000549316406,222.13999938964844,223.41000366210938,223.41000366210938,11239800,0.0,0.0
2024-04-16,223.0,223.0,205.6699981689453,218.8300018310547,218.8300018310547,16472100,0.0,0.0
2024-04-17,222.0399932861328,224.8699951171875,205.89999389648438,213.77999877929688,213.77999877929688,9440200,0.0,0.0
2024-04-18,215.57000732421875,228.0500030517578,213.25,218.0800018310547,218.0800018310547,9403900,0.0,0.0
2024-04-19,223.8300018310547,227.75999450683594,210.17999267578125,211.00999450683594,211.00999450683594,9364000,0.0,0.0
2024-04-22,216.7899932861328,227.13999938964844,215.02999877929688,225.86000061035156,225.86000061035156,8207000,0.0,0.0
2024-04-23,223.6199951171875,238.6699981689453,223.61000061035156,236.42999267578125,236.42999267578125,7338400,0.0,0.0
2024-04-24,236.8300018310547,239.0,223.8699951171875,224.3699951171875,224.3699951171875,6737400,0.0,0.0
2024-04-25,216.0500030517578,225.94000244140625,213.63999938964844,223.61000061035156,223.61000061035156,5143500,0.0,0.0
2024-04-26,220.77000427246094,237.02000427246094,218.66000366210938,236.32000732421875,236.32000732421875,6044900,0.0,0.0
2024-04-29,229.94000244140625,230.32000732421875,216.5399932861328,218.16000366210938,218.16000366210938,9576100,0.0,0.0
2024-04-30,214.35000610351562,216.57000732421875,202.58999633789062,203.92999267578125,203.92999267578125,9127900,0.0,0.0
2024-05-01,199.0,218.52000427246094,198.1999969482422,210.08999633789062,210.08999633789062,10191500,0.0,0.0
2024-05-02,216.47999572753906,232.7100067138672,210.75999450683594,228.85000610351562,228.85000610351562,12454200,0.0,0.0
2024-05-03,230.89999389648438,232.25,216.5500030517578,223.25,223.25,13739100,0.0,0.0
2024-05-06,225.83999633789062,235.8000030517578,224.89999389648438,226.92999267578125,226.92999267578125,9690600,0.0,0.0
2024-05-07,226.94000244140625,230.82000732421875,214.1199951171875,214.33999633789062,214.33999633789062,8169600,0.0,0.0
2024-05-08,209.5,214.89999389648438,206.52999877929688,211.1999969482422,211.1999969482422,4615400,0.0,0.0
2024-05-09,210.22000122070312,213.85000610351562,205.11000061035156,210.4499969482422,210.4499969482422,4649700,0.0,0.0
2024-05-10,214.5,214.8699951171875,200.5,200.9199981689453,200.9199981689453,7423500,0.0,0.0
2024-05-13,204.0,206.6699981689453,197.63999938964844,199.50999450683594,199.50999450683594,7542200,0.0,0.0
2024-05-14,195.9600067138672,206.97000122070312,194.92999267578125,203.0500030517578,203.0500030517578,5356000,0.0,0.0
2024-05-15,212.2100067138672,221.39999389648438,207.6999969482422,219.91000366210938,219.91000366210938,9339300,0.0,0.0
2024-05-16,215.0,216.4499969482422,198.63999938964844,199.1699981689453,199.1699981689453,12185500,0.0,0.0
2024-05-17,205.66000366210938,210.6699981689453,199.8300018310547,207.60000610351562,207.60000610351562,8688600,0.0,0.0
2024-05-20,207.9600067138672,226.25999450683594,203.72000122070312,225.19000244140625,225.19000244140625,11223300,0.0,0.0
2024-05-21,231.97000122070312,233.64999389648438,220.1199951171875,225.77999877929688,225.77999877929688,10704500,0.0,0.0
2024-05-22,225.00999450683594,238.77000427246094,221.2100067138672,231.50999450683594,231.50999450683594,8933700,0.0,0.0
2024-05-23,233.80999755859375,234.32000732421875,217.66000366210938,218.86000061035156,218.86000061035156,9428300,0.0,0.0
2024-05-24,221.0,237.7899932861328,220.0500030517578,237.64999389648438,237.64999389648438,10249200,0.0,0.0
2024-05-28,235.4499969482422,247.1300048828125,231.0500030517578,245.0,245.0,10843100,0.0,0.0
2024-05-29,239.02000427246094,240.49000549316406,233.17999267578125,236.64999389648438,236.64999389648438,6802000,0.0,0.0
2024-05-30,241.10000610351562,248.86000061035156,233.3800048828125,234.75999450683594,234.75999450683594,9318800,0.0,0.0
2024-05-31,239.27999877929688,240.41000366210938,219.1699981689453,225.9199981689453,225.9199981689453,10123100,0.0,0.0
2024-06-03,232.5,239.1999969482422,224.69000244140625,231.38999938964844,231.38999938964844,7333100,0.0,0.0
2024-06-04,230.22999572753906,247.1999969482422,230.16000366210938,244.1999969482422,244.1999969482422,10854300,0.0,0.0
2024-06-05,246.86000061035156,251.88999938964844,240.6999969482422,251.39999389648438,251.39999389648438,9383500,0.0,0.0
2024-06-06,250.0,263.79998779296875,248.75,257.0799865722656,257.0799865722656,9494600,0.0,0.0
2024-06-07,256.19000244140625,263.17999267578125,243.86000061035156,244.16000366210938,244.16000366210938,9315300,0.0,0.0
2024-06-10,241.11000061035156,253.42999267578125,239.52999877929688,249.80999755859375,249.80999755859375,6335900,0.0,0.0
2024-06-11,242.92999267578125,245.66000366210938,234.08999633789062,244.1999969482422,244.1999969482422,8991300,0.0,0.0
2024-06-12,251.8000030517578,263.260009765625,250.5800018310547,254.9600067138672,254.9600067138672,11134700,0.0,0.0
2024-06-13,253.77000427246094,257.1300048828125,243.25999450683594,247.63999938964844,247.63999938964844,8666200,0.0,0.0
2024-06-14,246.16000366210938,250.25,237.05999755859375,244.5,244.5,7146500,0.0,0.0
2024-06-17,239.8699951171875,248.63999938964844,234.22999572753906,245.10000610351562,245.10000610351562,6662900,0.0,0.0
2024-06-18,238.25,242.8000030517578,234.60000610351562,235.9499969482422,235.9499969482422,6198900,0.0,0.0
2024-06-20,237.36000061035156,240.49000549316406,228.44000244140625,235.02999877929688,235.02999877929688,6888900,0.0,0.0
2024-06-21,227.0,228.25,220.7100067138672,225.86000061035156,225.86000061035156,11335400,0.0,0.0
2024-06-24,217.22000122070312,221.44000244140625,207.7100067138672,212.30999755859375,212.30999755859375,10762000,0.0,0.0
2024-06-25,217.0,222.8800048828125,213.22000122070312,221.7100067138672,221.7100067138672,8014400,0.0,0.0
2024-06-26,220.0,223.72999572753906,212.4600067138672,214.5800018310547,214.5800018310547,6574900,0.0,0.0
2024-06-27,217.60000610351562,225.75999450683594,216.32000732421875,224.0,224.0,5641200,0.0,0.0
2024-06-28,223.9499969482422,225.52999877929688,218.8000030517578,222.22999572753906,222.22999572753906,10944900,0.0,0.0
2024-07-01,226.0,236.0399932861328,224.0399932861328,233.3699951171875,233.3699951171875,7739800,0.0,0.0
2024-07-02,231.33999633789062,234.97000122070312,226.32000732421875,227.50999450683594,227.50999450683594,4407000,0.0,0.0
2024-07-03,223.80999755859375,227.11000061035156,222.22000122070312,224.94000244140625,224.94000244140625,3241700,0.0,0.0
2024-07-05,213.47999572753906,225.1300048828125,209.4499969482422,223.67999267578125,223.67999267578125,10148500,0.0,0.0
2024-07-08,226.50999450683594,226.50999450683594,217.75,220.55999755859375,220.55999755859375,5615200,0.0,0.0
2024-07-09,223.5500030517578,225.63999938964844,218.67999267578125,219.97000122070312,219.97000122070312,5344900,0.0,0.0
2024-07-10,221.63999938964844,223.3300018310547,215.13999938964844,219.55999755859375,219.55999755859375,4481900,0.0,0.0
2024-07-11,224.3699951171875,227.14999389648438,213.57000732421875,214.6300048828125,214.6300048828125,7037900,0.0,0.0
2024-07-12,215.33999633789062,222.14999389648438,214.57000732421875,218.02000427246094,218.02000427246094,4949000,0.0,0.0
2024-07-15,229.3800048828125,247.5,228.0,242.85000610351562,242.85000610351562,14439500,0.0,0.0
2024-07-16,243.19000244140625,252.1199951171875,234.1999969482422,251.49000549316406,251.49000549316406,10270700,0.0,0.0
2024-07-17,245.89999389648438,255.89999389648438,241.30999755859375,249.10000610351562,249.10000610351562,8883300,0.0,0.0
2024-07-18,251.2100067138672,253.8699951171875,230.57000732421875,233.24000549316406,233.24000549316406,8848500,0.0,0.0
2024-07-19,235.10000610351562,259.79998779296875,233.5,257.7900085449219,257.7900085449219,12501900,0.0,0.0
2024-07-22,260.4700012207031,266.0,252.83999633789062,265.1499938964844,265.1499938964844,11282200,0.0,0.0
2024-07-23,263.6000061035156,272.54998779296875,257.2900085449219,257.6300048828125,257.6300048828125,9275600,0.0,0.0
2024-07-24,261.0,265.0,243.75,245.05999755859375,245.05999755859375,8141100,0.0,0.0
2024-07-25,239.25999450683594,241.63999938964844,226.3000030517578,231.52000427246094,231.52000427246094,8482500,0.0,0.0
2024-07-26,243.33999633789062,249.16000366210938,237.55999755859375,242.92999267578125,242.92999267578125,7917400,0.0,0.0
2024-07-29,251.5500030517578,255.4199981689453,234.0,234.1999969482422,234.1999969482422,9467700,0.0,0.0
2024-07-30,235.6199951171875,239.0,223.02999877929688,224.4600067138672,224.4600067138672,6053900,0.0,0.0
2024-07-31,233.0,234.11000061035156,224.0399932861328,224.36000061035156,224.36000061035156,4771700,0.0,0.0
2024-08-01,226.60000610351562,227.10000610351562,207.82000732421875,212.63999938964844,212.63999938964844,8920000,0.0,0.0
2024-08-02,213.1199951171875,219.3000030517578,199.3800048828125,204.44000244140625,204.44000244140625,10063900,0.0,0.0
2024-08-05,162.00999450683594,197.8800048828125,161.1300048828125,189.47000122070312,189.47000122070312,18734600,0.0,0.0
2024-08-06,191.99000549316406,197.39999389648438,182.6999969482422,194.1699981689453,194.1699981689453,7050600,0.0,0.0
2024-08-07,196.8000030517578,199.9499969482422,177.38999938964844,178.91000366210938,178.91000366210938,8324400,0.0,0.0
2024-08-08,185.6699981689453,194.97999572753906,182.4600067138672,192.32000732421875,192.32000732421875,7421600,0.0,0.0
2024-08-09,191.2899932861328,199.10000610351562,189.77999877929688,196.2899932861328,196.2899932861328,5255900,0.0,0.0
2024-08-12,194.3000030517578,197.69000244140625,188.2899932861328,191.74000549316406,191.74000549316406,5742800,0.0,0.0
2024-08-13,193.1300048828125,201.10000610351562,191.8699951171875,197.94000244140625,197.94000244140625,4795500,0.0,0.0
2024-08-14,200.89999389648438,201.97000122070312,192.39999389648438,195.9600067138672,195.9600067138672,5027000,0.0,0.0
2024-08-15,198.52000427246094,205.07000732421875,196.1999969482422,197.1199951171875,197.1199951171875,6068300,0.0,0.0
2024-08-16,199.0,205.9499969482422,197.13999938964844,205.30999755859375,205.30999755859375,6240500,0.0,0.0
2024-08-19,203.33999633789062,207.49000549316406,200.35000610351562,204.4600067138672,204.4600067138672,6304200,0.0,0.0
2024-08-20,209.10000610351562,209.8000030517578,191.2100067138672,197.25,197.25,12353700,0.0,0.0
2024-08-21,197.16000366210938,207.0,195.11000061035156,206.22999572753906,206.22999572753906,7502400,0.0,0.0
2024-08-22,204.77999877929688,207.10000610351562,197.42999267578125,198.42999267578125,198.42999267578125,5284900,0.0,0.0
2024-08-23,200.97000122070312,211.9199981689453,200.0,211.39999389648438,211.39999389648438,8304200,0.0,0.0
2024-08-26,209.3000030517578,210.85000610351562,202.67999267578125,204.0,204.0,5437100,0.0,0.0
2024-08-27,201.83999633789062,202.5,194.10000610351562,198.3000030517578,198.3000030517578,5992900,0.0,0.0
2024-08-28,195.02000427246094,197.49000549316406,187.72999572753906,190.1999969482422,190.1999969482422,4995700,0.0,0.0
2024-08-29,194.0,196.5,187.60000610351562,188.27999877929688,188.27999877929688,3841800,0.0,0.0
2024-08-30,189.22000122070312,189.94000244140625,180.0399932861328,183.36000061035156,183.36000061035156,7307200,0.0,0.0
2024-09-03,182.0,182.6999969482422,168.07000732421875,169.1300048828125,169.1300048828125,9746600,0.0,0.0
2024-09-04,166.5,169.0399932861328,160.6699981689453,163.22000122070312,163.22000122070312,7826400,0.0,0.0
2024-09-05,161.6199951171875,166.3699951171875,158.1199951171875,159.6999969482422,159.6999969482422,5732700,0.0,0.0
2024-09-06,163.24000549316406,164.14999389648438,146.1199951171875,147.35000610351562,147.35000610351562,11026600,0.0,0.0
2024-09-09,151.27000427246094,157.39999389648438,150.05999755859375,155.0500030517578,155.0500030517578,9256700,0.0,0.0
2024-09-10,155.00999450683594,159.13999938964844,149.50999450683594,158.4600067138672,158.4600067138672,5824800,0.0,0.0
2024-09-11,153.55999755859375,158.83999633789062,149.9499969482422,157.14999389648438,157.14999389648438,6417400,0.0,0.0
2024-09-12,158.61000061035156,165.42999267578125,156.10000610351562,162.88999938964844,162.88999938964844,6689300,0.0,0.0
2024-09-13,162.24000549316406,168.92999267578125,161.5800018310547,163.0500030517578,163.0500030517578,5953600,0.0,0.0
2024-09-16,158.5,163.16000366210938,155.8800048828125,161.5,161.5,4686200,0.0,0.0
2024-09-17,164.13999938964844,167.6699981689453,160.5,162.4499969482422,162.4499969482422,5225200,0.0,0.0
2024-09-18,161.5399932861328,169.10000610351562,160.8000030517578,162.63999938964844,162.63999938964844,5027400,0.0,0.0
2024-09-19,172.0,175.38999938964844,167.0,168.24000549316406,168.24000549316406,9299100,0.0,0.0
2024-09-20,168.99000549316406,173.38999938964844,165.39999389648438,170.08999633789062,170.08999633789062,8152300,0.0,0.0
2024-09-23,171.3000030517578,173.57000732421875,168.6999969482422,170.22000122070312,170.22000122070312,4933200,0.0,0.0
2024-09-24,170.3800048828125,172.25,163.80999755859375,171.67999267578125,171.67999267578125,6035500,0.0,0.0
2024-09-25,170.3000030517578,173.94000244140625,166.8800048828125,167.0800018310547,167.0800018310547,5359900,0.0,0.0
2024-09-26,170.61000061035156,181.49000549316406,170.25999450683594,179.92999267578125,179.92999267578125,12455200,0.0,0.0
2024-09-27,183.07000732421875,192.4499969482422,179.5,191.22999572753906,191.22999572753906,10563400,0.0,0.0
2024-09-30,184.19000244140625,185.41000366210938,177.0,178.1699981689453,178.1699981689453,11710000,0.0,0.0
2024-10-01,178.72000122070312,178.89999389648438,160.0,165.00999450683594,165.00999450683594,15210500,0.0,0.0
2024-10-02,163.02999877929688,169.2899932861328,161.38999938964844,164.47000122070312,164.47000122070312,7881100,0.0,0.0
2024-10-03,162.8300018310547,166.41000366210938,161.41000366210938,163.10000610351562,163.10000610351562,4298600,0.0,0.0
2024-10-04,167.9600067138672,171.24000549316406,164.0,170.91000366210938,170.91000366210938,6852400,0.0,0.0
2024-10-07,172.0,176.14999389648438,166.88999938964844,168.9199981689453,168.9199981689453,6797500,0.0,0.0
2024-10-08,166.36000061035156,170.0500030517578,165.02000427246094,167.69000244140625,167.69000244140625,5696100,0.0,0.0
2024-10-09,167.69000244140625,172.49000549316406,165.77999877929688,166.97000122070312,166.97000122070312,5725000,0.0,0.0
2024-10-10,166.0500030517578,167.30999755859375,161.8699951171875,164.27000427246094,164.27000427246094,5379900,0.0,0.0
2024-10-11,165.5399932861328,179.17999267578125,165.22000122070312,176.3800048828125,176.3800048828125,10767100,0.0,0.0
2024-10-14,181.19000244140625,197.69000244140625,178.27000427246094,196.35000610351562,196.35000610351562,18131400,0.0,0.0
2024-10-15,195.67999267578125,204.89999389648438,188.30999755859375,196.33999633789062,196.33999633789062,17324800,0.0,0.0
2024-10-16,203.52999877929688,212.4199981689453,197.60000610351562,210.47999572753906,210.47999572753906,13970000,0.0,0.0
2024-10-17,209.1999969482422,209.4499969482422,201.1300048828125,204.1999969482422,204.1999969482422,8908000,0.0,0.0
2024-10-18,208.0500030517578,220.25999450683594,207.13999938964844,220.2100067138672,220.2100067138672,13569600,0.0,0.0
2024-10-21,215.39999389648438,216.86000061035156,208.1300048828125,213.72000122070312,213.72000122070312,12686400,0.0,0.0
2024-10-22,209.4499969482422,215.9499969482422,207.3000030517578,210.72000122070312,210.72000122070312,7485100,0.0,0.0
2024-10-23,206.3000030517578,209.6999969482422,194.60000610351562,198.92999267578125,198.92999267578125,10350100,0.0,0.0
2024-10-24,206.8699951171875,210.5500030517578,200.8000030517578,209.16000366210938,209.16000366210938,9925400,0.0,0.0
2024-10-25,208.3000030517578,213.6699981689453,203.39999389648438,205.0399932861328,205.0399932861328,9261300,0.0,0.0
2024-10-28,213.35000610351562,218.0,210.5,216.10000610351562,216.10000610351562,10458700,0.0,0.0
2024-10-29,220.91000366210938,223.89999389648438,216.11000061035156,219.66000366210938,219.66000366210938,11542200,0.0,0.0
2024-10-30,213.10000610351562,220.4600067138672,209.47000122070312,211.74000549316406,211.74000549316406,9515900,0.0,0.0
2024-10-31,203.72999572753906,206.0,178.82000732421875,179.25,179.25,18892000,0.0,0.0
2024-11-01,180.0,190.94000244140625,179.5399932861328,182.8800048828125,182.8800048828125,14443400,0.0,0.0
2024-11-04,180.08999633789062,186.9499969482422,176.3800048828125,186.27000427246094,186.27000427246094,11348800,0.0,0.0
2024-11-05,185.58999633789062,197.25,185.50999450683594,193.9600067138672,193.9600067138672,9950800,0.0,0.0
2024-11-06,221.47999572753906,257.67999267578125,221.11000061035156,254.30999755859375,254.30999755859375,35456000,0.0,0.0
2024-11-07,245.6300048828125,259.69000244140625,242.33999633789062,255.5800018310547,255.5800018310547,16655300,0.0,0.0
2024-11-08,257.6700134277344,273.5,257.1499938964844,270.739990234375,270.739990234375,17431700,0.0,0.0
2024-11-11,300.30999755859375,334.8599853515625,296.0,324.239990234375,324.239990234375,42437500,0.0,0.0
2024-11-12,310.04998779296875,327.0,306.1000061035156,319.1300048828125,319.1300048828125,24819600,0.0,0.0
2024-11-13,325.010009765625,332.3500061035156,282.6600036621094,284.7200012207031,284.7200012207031,27997400,0.0,0.0
2024-11-14,290.80999755859375,292.57000732421875,274.29998779296875,278.8399963378906,278.8399963378906,17375300,0.0,0.0
2024-11-15,282.510009765625,306.4599914550781,276.0199890136719,305.8500061035156,305.8500061035156,18020600,0.0,0.0
2024-11-18,301.8299865722656,329.5899963378906,288.5,325.4100036621094,325.4100036621094,25607400,0.0,0.0
2024-11-19,322.0799865722656,327.239990234375,315.5,324.57000732421875,324.57000732421875,13447900,0.0,0.0
2024-11-20,332.25,341.75,303.79998779296875,320.010009765625,320.010009765625,22875200,0.0,0.0
2024-11-21,329.95001220703125,330.5,288.54998779296875,295.2300109863281,295.2300109863281,25187400,0.0,0.0
2024-11-22,294.8900146484375,311.3699951171875,290.79998779296875,304.6400146484375,304.6400146484375,12187200,0.0,0.0
2024-11-25,309.0,317.4599914550781,291.20001220703125,312.2200012207031,312.2200012207031,14645900,0.0,0.0
2024-11-26,298.260009765625,309.20001220703125,289.1300048828125,293.2900085449219,293.2900085449219,13215700,0.0,0.0
2024-11-27,302.7799987792969,314.2900085449219,295.3599853515625,310.9800109863281,310.9800109863281,13290800,0.0,0.0
2024-11-29,311.95001220703125,316.29998779296875,295.80999755859375,296.20001220703125,296.20001220703125,9550200,0.0,0.0
2024-12-02,302.0299987792969,311.4700012207031,299.5,302.3999938964844,302.3999938964844,11221100,0.0,0.0
2024-12-03,296.7799987792969,314.42999267578125,296.6499938964844,309.3500061035156,309.3500061035156,10069300,0.0,0.0
2024-12-04,312.0,332.0,309.1199951171875,330.94000244140625,330.94000244140625,15798000,0.0,0.0
2024-12-05,343.3599853515625,349.489990234375,315.1700134277344,320.57000732421875,320.57000732421875,19769900,0.0,0.0
2024-12-06,328.55999755859375,349.75,325.5,343.6199951171875,343.6199951171875,16759200,0.0,0.0
2024-12-09,339.9100036621094,340.1600036621094,309.67999267578125,310.5199890136719,310.5199890136719,16974800,0.0,0.0
2024-12-10,318.0299987792969,318.739990234375,298.5199890136719,302.4200134277344,302.4200134277344,11930600,0.0,0.0
2024-12-11,311.8500061035156,320.8999938964844,308.82000732421875,313.80999755859375,313.80999755859375,10253400,0.0,0.0
2024-12-12,317.760009765625,323.5,307.75,312.9599914550781,312.9599914550781,8324400,0.0,0.0
2024-12-13,316.0,317.17999267578125,305.25,310.5799865722656,310.5799865722656,5832600,0.0,0.0
2024-12-16,316.8999938964844,326.2300109863281,314.7699890136719,315.30999755859375,315.30999755859375,11461400,0.0,0.0
2024-12-17,319.8299865722656,323.07000732421875,303.5,311.6400146484375,311.6400146484375,7440600,0.0,0.0
2024-12-18,308.0,312.1400146484375,275.80999755859375,279.8599853515625,279.8599853515625,12615200,0.0,0.0
2024-12-19,290.6400146484375,295.4800109863281,268.8800048828125,273.9200134277344,273.9200134277344,11708600,0.0,0.0
2024-12-20,266.1300048828125,281.739990234375,261.8699951171875,278.7099914550781,278.7099914550781,10009800,0.0,0.0
2024-12-23,274.5199890136719,275.3299865722656,263.07000732421875,268.1499938964844,268.1499938964844,6853500,0.0,0.0
2024-12-24,273.2200012207031,284.0,271.8599853515625,279.6199951171875,279.6199951171875,4805100,0.0,0.0
2024-12-26,275.5799865722656,279.239990234375,271.3900146484375,274.4100036621094,274.4100036621094,4410400,0.0,0.0
2024-12-27,274.20001220703125,274.25,263.2099914550781,265.7099914550781,265.7099914550781,5554000,0.0,0.0
2024-12-30,259.9800109863281,260.5,247.60000610351562,255.55999755859375,255.55999755859375,7727100,0.0,0.0
2024-12-31,262.9700012207031,263.6600036621094,246.3699951171875,248.3000030517578,248.3000030517578,5414900,0.0,0.0
2025-01-02,256.4800109863281,262.30999755859375,251.0,257.2099914550781,257.2099914550781,6289500,0.0,0.0
2025-01-03,259.8900146484375,271.5899963378906,258.5899963378906,270.6499938964844,270.6499938964844,5990800,0.0,0.0
2025-01-06,279.07000732421875,293.6000061035156,271.75,287.760009765625,287.760009765625,10835000,0.0,0.0
2025-01-07,286.739990234375,287.5799865722656,260.239990234375,264.3299865722656,264.3299865722656,11614700,0.0,0.0
2025-01-08,263.8800048828125,267.0,252.99000549316406,260.010009765625,260.010009765625,5951100,0.0,0.0
2025-01-10,257.7699890136719,261.8699951171875,248.0500030517578,258.7799987792969,258.7799987792969,5579200,0.0,0.0
2025-01-13,246.97999572753906,251.80999755859375,240.77000427246094,251.1999969482422,251.1999969482422,7019500,0.0,0.0
2025-01-14,261.7300109863281,263.0,251.0,255.3699951171875,255.3699951171875,5704100,0.0,0.0
2025-01-15,266.8699951171875,278.32000732421875,264.44000244140625,274.92999267578125,274.92999267578125,9113900,0.0,0.0
2025-01-16,274.0,285.0199890136719,268.1400146484375,281.6300048828125,281.6300048828125,6751100,0.0,0.0
2025-01-17,292.0,300.3500061035156,289.3299865722656,295.4800109863281,295.4800109863281,11290100,0.0,0.0
2025-01-21,298.5199890136719,303.1000061035156,273.6199951171875,294.19000244140625,294.19000244140625,12912400,0.0,0.0
2025-01-22,290.4599914550781,298.79998779296875,286.2799987792969,295.8500061035156,295.8500061035156,6668900,0.0,0.0
2025-01-23,289.739990234375,303.55999755859375,287.8999938964844,296.010009765625,296.010009765625,11534800,0.0,0.0
2025-01-24,300.0,310.6099853515625,297.6199951171875,298.0,298.0,9763300,0.0,0.0
2025-01-27,283.70001220703125,289.7799987792969,265.20001220703125,277.989990234375,277.989990234375,12238800,0.0,0.0
2025-01-28,280.5,284.8399963378906,276.0,281.82000732421875,281.82000732421875,4516600,0.0,0.0
2025-01-29,281.82000732421875,294.3800048828125,277.010009765625,291.0,291.0,6255900,0.0,0.0
2025-01-30,293.7099914550781,306.0,293.0199890136719,301.29998779296875,301.29998779296875,8637500,0.0,0.0
2025-01-31,300.8599853515625,304.7300109863281,287.2200012207031,291.3299865722656,291.3299865722656,6514500,0.0,0.0
2025-02-03,272.9800109863281,288.760009765625,269.29998779296875,284.4100036621094,284.4100036621094,9517700,0.0,0.0
2025-02-04,283.0,289.3900146484375,278.6300048828125,280.3900146484375,280.3900146484375,6013500,0.0,0.0
2025-02-05,283.6099853515625,285.760009765625,274.55999755859375,275.1400146484375,275.1400146484375,5344600,0.0,0.0
2025-02-06,279.5199890136719,284.6000061035156,269.0,270.3699951171875,270.3699951171875,6717700,0.0,0.0
2025-02-07,274.04998779296875,282.57000732421875,271.75,274.489990234375,274.489990234375,7885600,0.0,0.0
2025-02-10,280.3999938964844,285.55999755859375,274.6000061035156,280.2200012207031,280.2200012207031,5521800,0.0,0.0
2025-02-11,277.54998779296875,279.0,265.8299865722656,266.8999938964844,266.8999938964844,6915000,0.0,0.0
2025-02-12,264.3900146484375,277.79998779296875,263.4800109863281,274.8999938964844,274.8999938964844,6362800,0.0,0.0
2025-02-13,284.0,302.3999938964844,282.5,298.1099853515625,298.1099853515625,18900200,0.0,0.0
2025-02-14,288.0199890136719,291.54998779296875,274.0,274.30999755859375,274.30999755859375,19269700,0.0,0.0
2025-02-18,278.79998779296875,279.17999267578125,260.5,264.6300048828125,264.6300048828125,11564800,0.0,0.0
2025-02-19,265.760009765625,267.0,257.67999267578125,258.6700134277344,258.6700134277344,6813800,0.0,0.0
2025-02-20,260.6600036621094,262.25,250.3699951171875,256.5899963378906,256.5899963378906,6400700,0.0,0.0
2025-02-21,266.989990234375,267.79998779296875,234.75999450683594,235.3800048828125,235.3800048828125,17195500,0.0,0.0
2025-02-24,239.13999938964844,240.24000549316406,223.60000610351562,227.07000732421875,227.07000732421875,12125000,0.0,0.0
2025-02-25,219.97000122070312,222.85000610351562,205.1199951171875,212.49000549316406,212.49000549316406,15192600,0.0,0.0
2025-02-26,212.6300048828125,218.57000732421875,207.99000549316406,212.9600067138672,212.9600067138672,7871600,0.0,0.0
2025-02-27,218.1300048828125,221.5800018310547,207.7899932861328,208.3699951171875,208.3699951171875,8082400,0.0,0.0
2025-02-28,205.27000427246094,216.44000244140625,201.10000610351562,215.6199951171875,215.6199951171875,9031200,0.0,0.0
2025-03-03,232.22999572753906,233.39999389648438,203.44000244140625,205.75,205.75,15997800,0.0,0.0
2025-03-04,200.52000427246094,218.94000244140625,193.08999633789062,212.5500030517578,212.5500030517578,13060900,0.0,0.0
2025-03-05,214.88999938964844,223.14999389648438,208.0,222.4499969482422,222.4499969482422,9581600,0.0,0.0
2025-03-06,214.50999450683594,226.60000610351562,213.0,214.1699981689453,214.1699981689453,8405400,0.0,0.0
2025-03-07,214.88999938964844,222.0500030517578,206.77000427246094,217.4499969482422,217.4499969482422,8615100,0.0,0.0
2025-03-10,205.0800018310547,206.83999633789062,176.85000610351562,179.22999572753906,179.22999572753906,18664100,0.0,0.0
2025-03-11,186.0,195.69000244140625,183.3000030517578,191.69000244140625,191.69000244140625,11382200,0.0,0.0
2025-03-12,195.39999389648438,199.1999969482422,183.75,191.72999572753906,191.72999572753906,9616800,0.0,0.0
2025-03-13,188.6199951171875,188.85000610351562,177.11000061035156,177.49000549316406,177.49000549316406,9559400,0.0,0.0
2025-03-14,183.80999755859375,186.74000549316406,179.16000366210938,183.1199951171875,183.1199951171875,9454400,0.0,0.0
2025-03-17,182.0,193.24000549316406,180.77000427246094,188.9600067138672,188.9600067138672,7216500,0.0,0.0
2025-03-18,185.0,186.49000549316406,178.77999877929688,181.13999938964844,181.13999938964844,7408200,0.0,0.0
2025-03-19,184.8300018310547,193.77999877929688,182.8000030517578,189.75,189.75,8194200,0.0,0.0
2025-03-20,185.88999938964844,193.92999267578125,185.8800048828125,190.3800048828125,190.3800048828125,6718000,0.0,0.0
2025-03-21,185.57000732421875,190.72000122070312,183.75,189.86000061035156,189.86000061035156,7344800,0.0,0.0
2025-03-24,197.5,203.25,194.4199981689453,203.0399932861328,203.0399932861328,9489500,0.0,0.0
2025-03-25,202.1300048828125,206.92999267578125,198.33999633789062,204.22999572753906,204.22999572753906,7877700,0.0,0.0
2025-03-26,203.0,206.0,192.2899932861328,193.9499969482422,193.9499969482422,7113400,0.0,0.0
2025-03-27,192.97000122070312,195.3300018310547,187.8000030517578,188.5800018310547,188.5800018310547,5426300,0.0,0.0
2025-03-28,185.72000122070312,186.7899932861328,172.99000549316406,173.92999267578125,173.92999267578125,10040200,0.0,0.0
2025-03-31,169.3800048828125,173.5800018310547,163.52000427246094,172.22999572753906,172.22999572753906,7781300,0.0,0.0
2025-04-01,172.82000732421875,176.0500030517578,168.5500030517578,174.52000427246094,174.52000427246094,5489700,0.0,0.0
2025-04-02,170.57000732421875,184.11000061035156,170.35000610351562,182.9499969482422,182.9499969482422,8208600,0.0,0.0
2025-04-03,168.5800018310547,172.02999877929688,164.64999389648438,170.75999450683594,170.75999450683594,9556200,0.0,0.0
2025-04-04,166.02000427246094,167.5,147.1699981689453,160.5500030517578,160.5500030517578,14570800,0.0,0.0
2025-04-07,146.0399932861328,167.39999389648438,142.5800018310547,157.27999877929688,157.27999877929688,13251700,0.0,0.0
2025-04-08,165.1999969482422,167.8000030517578,147.35000610351562,151.47000122070312,151.47000122070312,11117400,0.0,0.0
2025-04-09,150.0800018310547,183.89999389648438,150.0800018310547,177.08999633789062,177.08999633789062,15258000,0.0,0.0
2025-04-10,168.5,173.82000732421875,159.11000061035156,169.6199951171875,169.6199951171875,11196300,0.0,0.0
2025-04-11,171.3000030517578,178.0,167.0,175.5,175.5,7769300,0.0,0.0
2025-04-14,180.5,182.38999938964844,172.00999450683594,176.5800018310547,176.5800018310547,6427100,0.0,0.0
2025-04-15,177.74000549316406,179.77000427246094,172.3000030517578,175.57000732421875,175.57000732421875,5369500,0.0,0.0
2025-04-16,170.5,174.8000030517578,168.5,172.2100067138672,172.2100067138672,5226700,0.0,0.0
2025-04-17,172.60000610351562,177.5,171.3000030517578,175.02999877929688,175.02999877929688,5125300,0.0,0.0
2025-04-21,175.10000610351562,177.97999572753906,171.41000366210938,175.0,175.0,5054700,0.0,0.0
2025-04-22,178.7899932861328,193.49000549316406,178.39999389648438,190.0,190.0,12807000,0.0,0.0
2025-04-23,197.75,200.8000030517578,191.52000427246094,194.8000030517578,194.8000030517578,9870200,0.0,0.0
2025-04-24,193.4199981689453,204.2100067138672,193.10000610351562,203.8699951171875,203.8699951171875,6840600,0.0,0.0
2025-04-25,205.57000732421875,211.6199951171875,203.74000549316406,209.63999938964844,209.63999938964844,8060900,0.0,0.0
2025-04-28,208.1999969482422,208.77999877929688,197.4199981689453,205.27000427246094,205.27000427246094,7624200,0.0,0.0
2025-04-29,205.3000030517578,207.39999389648438,203.13999938964844,206.1300048828125,206.1300048828125,4254900,0.0,0.0
2025-04-30,199.6699981689453,203.0399932861328,195.5500030517578,202.88999938964844,202.88999938964844,4769400,0.0,0.0
2025-05-01,208.4600067138672,208.75,201.16000366210938,201.3000030517578,201.3000030517578,6243200,0.0,0.0
2025-05-02,204.6999969482422,209.0,202.36000061035156,204.92999267578125,204.92999267578125,6133300,0.0,0.0
2025-05-05,201.72999572753906,204.11000061035156,198.64999389648438,199.39999389648438,199.39999389648438,5108700,0.0,0.0
2025-05-06,195.3800048828125,198.75999450683594,193.33999633789062,196.88999938964844,196.88999938964844,4672600,0.0,0.0
2025-05-07,199.8300018310547,200.47999572753906,193.80999755859375,196.55999755859375,196.55999755859375,4825700,0.0,0.0
2025-05-08,205.30999755859375,210.47000122070312,202.80999755859375,206.5,206.5,14390000,0.0,0.0
2025-05-09,204.52000427246094,214.1300048828125,198.77000427246094,199.32000732421875,199.32000732421875,16384200,0.0,0.0
2025-05-12,208.94000244140625,213.60000610351562,205.61000061035156,207.22000122070312,207.22000122070312,14944200,0.0,0.0
2025-05-13,231.7100067138672,260.4200134277344,231.49000549316406,256.8999938964844,256.8999938964844,39119000,0.0,0.0
2025-05-14,256.8599853515625,264.489990234375,253.5500030517578,263.4100036621094,263.4100036621094,18344700,0.0,0.0
2025-05-15,256.5,257.8500061035156,240.0,244.44000244140625,244.44000244140625,25917200,0.0,0.0
2025-05-16,249.75999450683594,270.45001220703125,248.8300018310547,266.4599914550781,266.4599914550781,72627500,0.0,0.0
2025-05-19,259.7799987792969,267.6000061035156,259.70001220703125,263.989990234375,263.989990234375,12437600,0.0,0.0
2025-05-20,265.1199951171875,265.3599853515625,257.25,261.3800048828125,261.3800048828125,8624600,0.0,0.0
2025-05-21,260.20001220703125,270.3800048828125,257.75,258.989990234375,258.989990234375,11748000,0.0,0.0
2025-05-22,265.1300048828125,277.010009765625,263.510009765625,271.95001220703125,271.95001220703125,15613700,0.0,0.0
2025-05-23,263.0,268.0400085449219,260.3399963378906,263.1600036621094,263.1600036621094,9290300,0.0,0.0
2025-05-27,269.0199890136719,270.1000061035156,264.6700134277344,266.3999938964844,266.3999938964844,7884500,0.0,0.0
2025-05-28,265.70001220703125,265.70001220703125,253.8000030517578,254.2899932861328,254.2899932861328,8305300,0.0,0.0
2025-05-29,258.7200012207031,258.94000244140625,246.75999450683594,248.83999633789062,248.83999633789062,7673400,0.0,0.0
2025-05-30,246.8699951171875,249.9600067138672,244.1300048828125,246.6199951171875,246.6199951171875,6070900,0.0,0.0
2025-06-02,247.4600067138672,249.86000061035156,240.91000366210938,246.72000122070312,246.72000122070312,6188000,0.0,0.0
2025-06-03,248.38999938964844,260.6000061035156,246.22000122070312,258.9100036621094,258.9100036621094,9946400,0.0,0.0
2025-06-04,257.5199890136719,261.57000732421875,254.33999633789062,256.0,256.0,6026800,0.0,0.0
2025-06-05,261.04998779296875,265.6499938964844,240.0800018310547,244.1999969482422,244.1999969482422,11971900,0.0,0.0
2025-06-06,250.52999877929688,256.1700134277344,249.77999877929688,251.27000427246094,251.27000427246094,7360200,0.0,0.0
2025-06-09,255.66000366210938,258.25,252.39999389648438,256.6300048828125,256.6300048828125,6064800,0.0,0.0
2025-06-10,258.8800048828125,262.3999938964844,251.6300048828125,254.94000244140625,254.94000244140625,5858000,0.0,0.0
2025-06-11,257.2099914550781,259.8999938964844,249.05999755859375,250.67999267578125,250.67999267578125,5986100,0.0,0.0
2025-06-12,246.52000427246094,247.75,239.35000610351562,241.0500030517578,241.0500030517578,7725300,0.0,0.0
2025-06-13,237.4499969482422,243.1999969482422,235.2899932861328,242.7100067138672,242.7100067138672,7062700,0.0,0.0
2025-06-16,247.77000427246094,263.29998779296875,245.32000732421875,261.57000732421875,261.57000732421875,12034700,0.0,0.0
2025-06-17,256.6300048828125,259.6300048828125,248.67999267578125,253.85000610351562,253.85000610351562,9050800,0.0,0.0
2025-06-18,254.0,299.32000732421875,251.8800048828125,295.2900085449219,295.2900085449219,37434300,0.0,0.0
2025-06-20,303.5799865722656,310.75,298.1000061035156,308.3800048828125,308.3800048828125,31468800,0.0,0.0
2025-06-23,302.0799865722656,314.25,294.55999755859375,307.5899963378906,307.5899963378906,17553700,0.0,0.0
2025-06-24,314.3900146484375,348.9700012207031,311.8999938964844,344.82000732421875,344.82000732421875,29670900,0.0,0.0
2025-06-25,360.6000061035156,369.2799987792969,343.6199951171875,355.3699951171875,355.3699951171875,30154300,0.0,0.0
2025-06-26,354.5299987792969,382.0,354.5299987792969,375.07000732421875,375.07000732421875,27371400,0.0,0.0
2025-06-27,369.5400085449219,372.5,346.6600036621094,353.42999267578125,353.42999267578125,29000400,0.0,0.0
2025-06-30,359.2300109863281,360.45001220703125,347.8999938964844,350.489990234375,350.489990234375,11227600,0.0,0.0
2025-07-01,339.9800109863281,353.3999938964844,334.0,335.3299865722656,335.3299865722656,13132100,0.0,0.0
2025-07-02,340.5799865722656,357.1600036621094,338.67999267578125,354.45001220703125,354.45001220703125,12493100,0.0,0.0
2025-07-03,350.3500061035156,357.8699951171875,348.5,355.79998779296875,355.79998779296875,6704300,0.0,0.0
2025-07-07,354.20001220703125,364.0,351.0,357.1000061035156,357.1000061035156,7885300,0.0,0.0
2025-07-08,362.75,368.7900085449219,348.0,354.82000732421875,354.82000732421875,9735000,0.0,0.0
2025-07-09,358.6300048828125,374.0,353.2900085449219,373.8500061035156,373.8500061035156,13238400,0.0,0.0
2025-07-10,372.4100036621094,389.1600036621094,369.0,388.9599914550781,388.9599914550781,17241600,0.0,0.0
2025-07-11,390.19000244140625,395.5,378.3699951171875,387.05999755859375,387.05999755859375,16694600,0.0,0.0
2025-07-14,392.5,398.5,388.5799865722656,394.010009765625,394.010009765625,12473500,0.0,0.0
2025-07-15,391.5299987792969,400.8800048828125,373.0199890136719,388.0199890136719,388.0199890136719,16889300,0.0,0.0
2025-07-16,392.79998779296875,405.8800048828125,391.4599914550781,398.20001220703125,398.20001220703125,14355800,0.0,0.0
2025-07-17,399.70001220703125,415.9599914550781,394.2799987792969,410.75,410.75,16840500,0.0,0.0
2025-07-18,419.82000732421875,444.6499938964844,406.5,419.7799987792969,419.7799987792969,28063200,0.0,0.0
2025-07-21,425.54998779296875,436.3800048828125,413.44000244140625,413.6300048828125,413.6300048828125,17018100,0.0,0.0
2025-07-22,419.1000061035156,420.9800109863281,394.3699951171875,404.44000244140625,404.44000244140625,14554900,0.0,0.0
2025-07-23,399.989990234375,400.7200012207031,387.1199951171875,397.80999755859375,397.80999755859375,12433200,0.0,0.0
2025-07-24,404.25,405.30999755859375,392.0,396.70001220703125,396.70001220703125,7904600,0.0,0.0
2025-07-25,391.8999938964844,397.4800109863281,386.3900146484375,391.6600036621094,391.6600036621094,8643300,0.0,0.0
2025-07-28,394.6199951171875,395.3900146484375,375.260009765625,379.489990234375,379.489990234375,11270400,0.0,0.0
2025-07-29,383.5899963378906,384.7799987792969,365.739990234375,371.44000244140625,371.44000244140625,9334700,0.0,0.0
2025-07-30,382.95001220703125,386.5799865722656,372.7099914550781,377.4800109863281,377.4800109863281,11100000,0.0,0.0
2025-07-31,382.8900146484375,387.1400146484375,376.8299865722656,377.760009765625,377.760009765625,12371200,0.0,0.0
2025-08-01,335.1400146484375,337.5799865722656,310.54998779296875,314.69000244140625,314.69000244140625,31342200,0.0,0.0
2025-08-04,319.5400085449219,324.0,311.0,318.1700134277344,318.1700134277344,12106400,0.0,0.0
2025-08-05,307.1099853515625,312.8500061035156,297.20001220703125,297.989990234375,297.989990234375,16863900,0.0,0.0
2025-08-06,297.54998779296875,304.7699890136719,293.30999755859375,303.5799865722656,303.5799865722656,15982700,0.0,0.0
2025-08-07,311.2300109863281,317.94000244140625,306.9800109863281,310.7900085449219,310.7900085449219,13857200,0.0,0.0
2025-08-08,311.44000244140625,313.70001220703125,301.2300109863281,310.5400085449219,310.5400085449219,9253800,0.0,0.0
2025-08-11,322.1000061035156,333.6600036621094,318.79998779296875,319.6199951171875,319.6199951171875,14664400,0.0,0.0
2025-08-12,329.3500061035156,329.8599853515625,314.1600036621094,322.6199951171875,322.6199951171875,9947800,0.0,0.0
