Date,Open,High,Low,Close,Volume,Dividends,StockSplits,Capital Gains
2023-02-16,33.1313743236486,33.1313743236486,32.978460029055015,32.98101043701172,22500,0.0,0.0,0.0
2023-02-17,32.95297350990827,33.00479507446289,32.910498039542595,33.00479507446289,6500,0.0,0.0,0.0
2023-02-21,32.75757444641752,32.75757444641752,32.53244836016934,32.587669372558594,14700,0.0,0.0,0.0
2023-02-22,32.79580361558026,32.79580361558026,32.6471378811011,32.689613342285156,7600,0.0,0.0,0.0
2023-02-23,32.999688587607054,33.12796401977539,32.927476742749235,33.12796401977539,4100,0.0,0.0,0.0
2023-02-24,32.91049330537171,32.96146256621032,32.86801460044593,32.935977935791016,3100,0.0,0.0,0.0
2023-02-27,33.037917577446684,33.088890075683594,32.97845128317196,33.088890075683594,4800,0.0,0.0,0.0
2023-02-28,33.063395105879344,33.063395105879344,32.893493296249304,32.98269271850586,2800,0.0,0.0,0.0
2023-03-01,32.97501810993386,32.97501810993386,32.83413818920796,32.84865188598633,3100,0.196,0.0,0.0
2023-03-02,32.676178625369126,32.73594665527344,32.59933355019025,32.73594665527344,3200,0.0,0.0,0.0
2023-03-03,32.88963024124793,33.10308837890625,32.88963024124793,33.10308837890625,2500,0.0,0.0,0.0
2023-03-06,33.19274644754456,33.19274644754456,33.021979254912665,33.034786224365234,7100,0.0,0.0,0.0
2023-03-07,33.06893664496285,33.07747679505913,32.899879455566406,32.899879455566406,3000,0.0,0.0,0.0
2023-03-08,32.90671410026521,32.95794197936376,32.753023948742836,32.78717803955078,5000,0.0,0.0,0.0
2023-03-09,32.795711190723026,32.88109315088487,32.76582717895508,32.76582717895508,1800,0.0,0.0,0.0
2023-03-10,32.96646835357252,33.02538299560547,32.93658435088277,33.02538299560547,6100,0.0,0.0,0.0
2023-03-13,33.1799414527578,33.1799414527578,32.995513916015625,32.995513916015625,900,0.0,0.0,0.0
2023-03-14,33.0860177206758,33.0860177206758,32.92720413208008,32.92720413208008,3300,0.0,0.0,0.0
2023-03-15,32.91525315495452,32.992098235759784,32.81279413291869,32.98270797729492,16000,0.0,0.0,0.0
2023-03-16,33.026240407878326,33.026240407878326,32.88962734210364,32.95024871826172,7800,0.0,0.0,0.0
2023-03-17,32.96648068697365,32.99209462540125,32.82132743595304,32.83755111694336,19100,0.0,0.0,0.0
2023-03-20,32.829858829383554,32.829858829383554,32.53101551328814,32.60786056518555,762600,0.0,0.0,0.0
2023-03-21,33.00917363839403,33.05186462402344,32.992096592719584,33.05186462402344,3700,0.0,0.0,0.0
2023-03-22,33.01770015786494,33.30288314819336,33.000626374668826,33.30288314819336,1100,0.0,0.0,0.0
2023-03-23,33.36265762238821,33.42413237371533,33.28239584310439,33.40449523925781,50000,0.0,0.0,0.0
2023-03-24,33.350703840480655,33.39680827517467,33.28581237792969,33.28581237792969,2700,0.0,0.0,0.0
2023-03-27,33.239704835428995,33.252511803852244,33.179936811378454,33.19701385498047,2900,0.0,0.0,0.0
2023-03-28,33.171399577045364,33.171399577045364,32.906713520728744,33.08601760864258,50800,0.0,0.0,0.0
2023-03-29,33.15432304610494,33.214091070464775,33.15432304610494,33.189327239990234,107200,0.0,0.0,0.0
2023-03-30,33.32082862938409,33.356689453125,33.18848232138552,33.356689453125,23900,0.0,0.0,0.0
2023-03-31,33.384857166948734,33.55733108520508,33.384857166948734,33.55733108520508,7800,0.0,0.0,0.0
2023-04-03,33.548749273153035,33.70331249697188,33.540163883214724,33.66896438598633,7400,0.222,0.0,0.0
2023-04-04,33.617444345623,33.7376594543457,33.617444345623,33.7376594543457,9400,0.0,0.0,0.0
2023-04-05,33.66896641815566,33.737662644273094,33.643206971169796,33.677555084228516,459400,0.0,0.0,0.0
2023-04-06,33.67754812134387,33.67754812134387,33.62430953979492,33.62430953979492,1900,0.0,0.0,0.0
2023-04-10,33.48864596842088,33.48864596842088,33.43712379540135,33.48006057739258,14300,0.0,0.0,0.0
2023-04-11,33.51439143568962,33.60026168823242,33.51439143568962,33.60026168823242,33100,0.0,0.0,0.0
2023-04-12,33.64319489306033,33.64319489306033,33.553033585361916,33.617435455322266,4500,0.0,0.0,0.0
2023-04-13,33.68184057925827,33.68184057925827,33.608853307774254,33.65178680419922,5600,0.0,0.0,0.0
2023-04-14,33.58309323050831,33.60885267275342,33.52470210417804,33.591678619384766,4600,0.0,0.0,0.0
2023-04-17,33.57449498255655,33.57449498255655,33.3855870006545,33.411346435546875,3700,0.0,0.0,0.0
2023-04-18,33.40277163004267,33.49722401310576,33.40277163004267,33.4628791809082,202900,0.0,0.0,0.0
2023-04-19,33.37701523298919,33.37701523298919,33.24821471771784,33.26796340942383,19000,0.0,0.0,0.0
2023-04-20,33.29114884901163,33.325496963976654,33.26538940059612,33.30832290649414,20700,0.0,0.0,0.0
2023-04-21,33.35982708744329,33.35982708744329,33.26108039499921,33.27396011352539,13800,0.0,0.0,0.0
2023-04-24,33.273974791529106,33.30832290649414,33.2482153431136,33.30832290649414,17600,0.0,0.0,0.0
2023-04-25,33.462877212792755,33.548744201660156,33.462877212792755,33.548744201660156,230800,0.0,0.0,0.0
2023-04-26,33.531561499197664,33.531561499197664,33.40276104912102,33.411346435546875,3900,0.0,0.0,0.0
2023-04-27,33.41135183310946,33.41135183310946,33.321190520805914,33.361549377441406,6300,0.0,0.0,0.0
2023-04-28,33.50581577222917,33.66896438598633,33.50581577222917,33.66896438598633,8700,0.0,0.0,0.0
2023-05-01,33.584429746307585,33.584429746307585,33.33431707032047,33.36967849731445,6600,0.172,0.0,0.0
2023-05-02,33.403328211792086,33.517173767089844,33.403328211792086,33.517173767089844,172200,0.0,0.0,0.0
2023-05-03,33.57753515030352,33.635321546788255,33.57753515030352,33.58357238769531,5400,0.0,0.0,0.0
2023-05-04,33.5844391544276,33.5844391544276,33.46369438942702,33.48957061767578,4300,0.0,0.0,0.0
2023-05-05,33.46368940838144,33.506812062313145,33.44643968879924,33.485252380371094,2800,0.0,0.0,0.0
2023-05-08,33.463684186074474,33.463684186074474,33.36450242651451,33.38261413574219,3900,0.0,0.0,0.0
2023-05-09,33.386068094865756,33.394694599882094,33.34725869243528,33.36019515991211,2900,0.0,0.0,0.0
2023-05-10,33.54131551075551,33.54994201660156,33.52061781881138,33.54994201660156,2700,0.0,0.0,0.0
2023-05-11,33.65343262545508,33.687932064200936,33.64480612074483,33.66119384765625,3500,0.0,0.0,0.0
2023-05-12,33.63618344384454,33.63618344384454,33.472316042253205,33.486114501953125,7200,0.0,0.0,0.0
2023-05-15,33.4464387940595,33.4464387940595,33.29982111660442,33.304134368896484,6800,0.0,0.0,0.0
2023-05-16,33.256705506576814,33.256705506576814,33.158382415771484,33.158382415771484,7000,0.0,0.0,0.0
2023-05-17,33.18770879696684,33.18770879696684,33.11439993789601,33.13595962524414,208000,0.0,0.0,0.0
2023-05-18,33.08421156551993,33.08421156551993,32.997962951660156,32.997962951660156,3600,0.0,0.0,0.0
2023-05-19,33.023839180842195,33.07989831231488,32.997962951660156,32.997962951660156,3300,0.0,0.0,0.0
2023-05-22,33.015215092731225,33.015215092731225,32.94363021850586,32.94363021850586,3300,0.0,0.0,0.0
2023-05-23,32.954834666787924,33.040217983399465,32.93758494695923,32.98933410644531,10000,0.0,0.0,0.0
2023-05-24,33.01952610855472,33.03677583142119,32.894468085309,32.90222930908203,33500,0.0,0.0,0.0
2023-05-25,33.02383698850684,33.02383698850684,32.838406593578654,32.85996627807617,13100,0.0,0.0,0.0
2023-05-26,32.885835263009156,33.041079433412605,32.885835263009156,33.037628173828125,12600,0.0,0.0,0.0
2023-05-30,33.101455653595366,33.20495068256144,33.08420593375975,33.19805145263672,14800,0.0,0.0,0.0
2023-05-31,33.1877114744186,33.1877114744186,33.12733908089574,33.16183853149414,2600,0.0,0.0,0.0
2023-06-01,33.231167266288075,33.36811447143555,33.19216182967385,33.36811447143555,48200,0.19,0.0,0.0
2023-06-02,33.430523365528785,33.447858749917685,33.38285188505592,33.40452194213867,48000,0.0,0.0,0.0
2023-06-05,33.42185963193593,33.52586863905731,33.41319028595023,33.52153396606445,8900,0.0,0.0,0.0
2023-06-06,33.50852665423656,33.595200258703585,33.4669223983043,33.593467712402344,11100,0.0,0.0,0.0
2023-06-07,33.5692040918905,33.5692040918905,33.41318893432617,33.41318893432617,42900,0.0,0.0,0.0
2023-06-08,33.4218599695311,33.603876560428745,33.4218599695311,33.59520721435547,17000,0.0,0.0,0.0
2023-06-09,33.543196234652186,33.60300214379481,33.53452689067983,33.56053161621094,2500,0.0,0.0,0.0
2023-06-12,33.61688645739032,33.69055938720703,33.588282897752755,33.69055938720703,4800,0.0,0.0,0.0
2023-06-13,33.768549717796,33.768549717796,33.61253458952641,33.6472053527832,4100,0.0,0.0,0.0
2023-06-14,33.70788596711813,33.777227510977085,33.612542997505464,33.732154846191406,2300,0.0,0.0,0.0
2023-06-15,33.75989022740164,33.86389923095703,33.71655341811911,33.86389923095703,6200,0.0,0.0,0.0
2023-06-16,33.82056038850757,33.82056038850757,33.757286071777344,33.757286071777344,1700,0.0,0.0,0.0
2023-06-20,33.794551849365234,33.794551849365234,33.777216469067504,33.794551849365234,27100,0.0,0.0,0.0
2023-06-21,33.768550158206025,33.8214225769043,33.690542593053856,33.8214225769043,2300,0.0,0.0,0.0
2023-06-22,33.768556924852,33.768556924852,33.664547919269474,33.673213958740234,3900,0.0,0.0,0.0
2023-06-23,33.777217659873045,33.777217659873045,33.6645393371582,33.6645393371582,40200,0.0,0.0,0.0
2023-06-26,33.759885409133844,33.83789297726367,33.73388068216648,33.8292236328125,7900,0.0,0.0,0.0
2023-06-27,33.84655586140984,33.84655586140984,33.78328486218832,33.790218353271484,19600,0.0,0.0,0.0
2023-06-28,33.794551849365234,33.794551849365234,33.725210328174306,33.794551849365234,3800,0.0,0.0,0.0
2023-06-29,33.70788703393364,33.70788703393364,33.569207248213466,33.603878021240234,3000,0.0,0.0,0.0
2023-06-30,33.68187609519322,33.802354187007914,33.68187609519322,33.772884368896484,4500,0.0,0.0,0.0
2023-07-03,33.77114119947602,33.82340621948242,33.76242870138607,33.82340621948242,2400,0.193,0.0,0.0
2023-07-05,33.77114863349616,33.77114863349616,33.614356861806904,33.65790939331055,9600,0.0,0.0,0.0
2023-07-06,33.57080078273359,33.57080078273359,33.19624307026206,33.25286102294922,14600,0.0,0.0,0.0
2023-07-07,33.23979972297764,33.30948643294521,33.22237804548574,33.2310905456543,3400,0.0,0.0,0.0
2023-07-10,33.296417282600935,33.36174774169922,33.28944927625695,33.36174774169922,3400,0.0,0.0,0.0
2023-07-11,33.43143458818252,33.509830474853516,33.43143458818252,33.509830474853516,2300,0.0,0.0,0.0
2023-07-12,33.75371538179343,33.87566375732422,33.75371538179343,33.87566375732422,5200,0.0,0.0,0.0
2023-07-13,34.084733277267304,34.206681698552565,34.084733277267304,34.19622802734375,2400,0.0,0.0,0.0
2023-07-14,34.154415574361494,34.154415574361494,34.04117965698242,34.04117965698242,1600,0.0,0.0,0.0
2023-07-17,34.03246294628217,34.09779339689945,34.015041271261246,34.07601547241211,2000,0.0,0.0,0.0
2023-07-18,34.110866626246235,34.2502367354536,34.110866626246235,34.24152755737305,3800,0.0,0.0,0.0
2023-07-19,34.27636262354929,34.28507512321231,34.20580865507296,34.21625900268555,3300,0.0,0.0,0.0
2023-07-20,34.16313475958496,34.16313475958496,34.02724698015565,34.03770065307617,2800,0.0,0.0,0.0
2023-07-21,34.11957195440273,34.23281119374545,34.11086277730489,34.1282844543457,8100,0.0,0.0,0.0
2023-07-24,34.26763402735333,34.26763402735333,34.1813996020594,34.18662643432617,1300,0.0,0.0,0.0
2023-07-25,34.145698375429596,34.17182922363281,34.110855029262396,34.17182922363281,1900,0.0,0.0,0.0
2023-07-26,34.21540629074012,34.311223900016415,34.1718537382091,34.26593017578125,2700,0.0,0.0,0.0
2023-07-27,34.29377381470521,34.29377381470521,34.01503372192383,34.01503372192383,2000,0.0,0.0,0.0
2023-07-28,34.1631299074181,34.30424118041992,34.1631299074181,34.30424118041992,10400,0.0,0.0,0.0
2023-07-31,34.36782647313811,34.398313575574356,34.33036804199219,34.33036804199219,5400,0.0,0.0,0.0
2023-08-01,34.1841804672552,34.227949557557274,34.140411376953125,34.140411376953125,9750800,0.195,0.0,0.0
2023-08-02,34.044105526328316,34.044105526328316,33.8690258866853,33.93205642700195,701000,0.0,0.0,0.0
2023-08-03,33.724594642423696,33.724594642423696,33.6536865234375,33.6536865234375,4400,0.0,0.0,0.0
2023-08-04,33.81651250792759,34.035361275549285,33.81651250792759,33.99946975708008,2500,0.0,0.0,0.0
2023-08-07,33.91281509399414,33.956584190736784,33.90405927102479,33.91281509399414,1800,0.0,0.0,0.0
2023-08-08,33.97408942070781,33.981966989172435,33.928567159872856,33.956581115722656,3300,0.0,0.0,0.0
2023-08-09,33.98282930238096,33.98282930238096,33.944313049316406,33.944313049316406,357600,0.0,0.0,0.0
2023-08-10,34.01784396988742,34.0791213414538,33.883033752441406,33.883033752441406,151100,0.0,0.0,0.0
2023-08-11,33.81650467121088,33.848893186000666,33.772735595703125,33.772735595703125,260200,0.0,0.0,0.0
2023-08-14,33.62392193604529,33.637052326793295,33.588905334472656,33.588905334472656,1100,0.0,0.0,0.0
2023-08-15,33.41383194705401,33.41383194705401,33.34992980957031,33.34992980957031,5900,0.0,0.0,0.0
2023-08-16,33.37880888973497,33.40506966846632,33.282514915231275,33.29126739501953,3200,0.0,0.0,0.0
2023-08-17,33.221238531011664,33.221238531011664,33.19497441212917,33.22036361694336,3000,0.0,0.0,0.0
2023-08-18,33.204612731933594,33.204612731933594,33.204612731933594,33.204612731933594,300,0.0,0.0,0.0
2023-08-21,33.13281116970669,33.13281116970669,33.024261752510846,33.03739547729492,1700,0.0,0.0,0.0
2023-08-22,33.11620573747448,33.11620573747448,33.09869743078438,33.101322174072266,6600,0.0,0.0,0.0
2023-08-23,33.308785121490835,33.58891130513241,33.28252433532679,33.5302619934082,7000,0.0,0.0,0.0
2023-08-24,33.56264870889463,33.56264870889463,33.4138298034668,33.4138298034668,6100,0.0,0.0,0.0
2023-08-25,33.39631341688394,33.42257419264938,33.36917438780895,33.419071197509766,1700,0.0,0.0,0.0
2023-08-28,33.49261705945013,33.53638948856145,33.48386457724837,33.52763366699219,3600,0.0,0.0,0.0
2023-08-29,33.54513295259071,33.82876205444336,33.53638047274194,33.82876205444336,4600,0.0,0.0,0.0
2023-08-30,33.78149395147498,33.79987716674805,33.78149395147498,33.79987716674805,6900,0.0,0.0,0.0
2023-08-31,33.81563790289386,33.851526082324,33.80775699627293,33.81388473510742,9200,0.0,0.0,0.0
2023-09-01,33.79805432730676,33.79805432730676,33.70126165301703,33.7188606262207,3500,0.199,0.0,0.0
2023-09-05,33.512065143427755,33.516465724351825,33.46366882324219,33.46366882324219,1500,0.0,0.0,0.0
2023-09-06,33.37568571927806,33.37568571927806,33.344888358401434,33.34928894042969,1200,0.0,0.0,0.0
2023-09-07,33.34927723698446,33.476863861083984,33.34927723698446,33.476863861083984,11100,0.0,0.0,0.0
2023-09-08,33.50766866308922,33.58685898152222,33.490069695661944,33.51206588745117,3500,0.0,0.0,0.0
2023-09-11,33.44606238911417,33.44694519042969,33.41086781955828,33.44694519042969,3100,0.0,0.0,0.0
2023-09-12,33.463662460472996,33.47246362064769,33.463662460472996,33.46982192993164,1400,0.0,0.0,0.0
2023-09-13,33.47687020558705,33.52526653010416,33.47687020558705,33.48918914794922,4000,0.0,0.0,0.0
2023-09-14,33.55166566990725,33.58686024943058,33.51646773372398,33.518226623535156,5000,0.0,0.0,0.0
2023-09-15,33.41088979164789,33.428488766329,33.41088979164789,33.415287017822266,1100,0.0,0.0,0.0
2023-09-18,33.34928203379353,33.41615676879883,33.34928203379353,33.41615676879883,2300,0.0,0.0,0.0
2023-09-19,33.331685992073865,33.366880574118994,33.331685992073865,33.36600112915039,5900,0.0,0.0,0.0
2023-09-20,33.490074056514416,33.56046657872973,33.45135498046875,33.45135498046875,1323400,0.0,0.0,0.0
2023-09-21,33.21729451068253,33.21729451068253,33.09234619140625,33.09234619140625,2900,0.0,0.0,0.0
2023-09-22,33.14689580021381,33.27008857567747,33.14689580021381,33.22608947753906,6000,0.0,0.0,0.0
2023-09-25,33.08529699593314,33.08529699593314,33.02810287475586,33.02810287475586,600,0.0,0.0,0.0
2023-09-26,32.92691431303595,32.93571547548179,32.83452224731445,32.83452224731445,4000,0.0,0.0,0.0
2023-09-27,32.94451422495804,32.94451422495804,32.671738601202854,32.69813537597656,2100,0.0,0.0,0.0
2023-09-28,32.495745728629245,32.76324462890625,32.495745728629245,32.76324462890625,6300,0.0,0.0,0.0
2023-09-29,32.922515218354626,32.922515218354626,32.7817268371582,32.7817268371582,1200,0.0,0.0,0.0
2023-10-02,32.59260660942061,32.59260660942061,32.42557907104492,32.42557907104492,2600,0.161,0.0,0.0
2023-10-03,32.186076466043474,32.186076466043474,32.009329695238115,32.05351638793945,191700,0.0,0.0,0.0
2023-10-04,32.16841788871514,32.22762680053711,32.10655581891311,32.22762680053711,11700,0.0,0.0,0.0
2023-10-05,32.16840898237378,32.186080964941624,32.11538292098317,32.15250015258789,324600,0.0,0.0,0.0
2023-10-06,31.832582892889786,32.12775421142578,31.832582892889786,32.12775421142578,1000,0.0,0.0,0.0
2023-10-09,32.11538438018213,32.277992248535156,32.11538438018213,32.277992248535156,2200,0.0,0.0,0.0
2023-10-10,32.43354193307316,32.49540400365045,32.380515856336906,32.38405227661133,4500,0.0,0.0,0.0
2023-10-11,32.559020258622084,32.6014404296875,32.559020258622084,32.6014404296875,1100,0.0,0.0,0.0
2023-10-12,32.53075976083095,32.53075976083095,32.31070605944738,32.321311950683594,34700,0.0,0.0,0.0
2023-10-13,32.47772087840516,32.47772087840516,32.37167212152189,32.40260314941406,3000,0.0,0.0,0.0
2023-10-16,32.300969322649394,32.300969322649394,32.274457977368634,32.29213333129883,2400,0.0,0.0,0.0
2023-10-17,32.1330546567594,32.150730008566114,32.12421529524172,32.14896011352539,2400,0.0,0.0,0.0
2023-10-18,32.00048925013783,32.00932861111586,31.87676516627306,31.941280364990234,4800,0.0,0.0,0.0
2023-10-19,31.867940728147545,31.867940728147545,31.745983123779297,31.745983123779297,300,0.0,0.0,0.0
2023-10-20,31.901510300337623,31.901510300337623,31.859090132415158,31.865276336669922,1800,0.0,0.0,0.0
2023-10-23,31.8856137877069,32.15073738316321,31.8856137877069,32.0632438659668,5400,0.0,0.0,0.0
2023-10-24,32.17017120257568,32.3142204284668,32.17017120257568,32.3142204284668,16600,0.0,0.0,0.0
2023-10-25,32.15956437383708,32.15956437383708,32.036723550531896,32.07560729980469,3200,0.0,0.0,0.0
2023-10-26,32.150740110005316,32.181671142578125,32.076505631830585,32.181671142578125,2200,0.0,0.0,0.0
2023-10-27,32.1772480453947,32.194923400878906,32.15073669778305,32.194923400878906,1200,0.0,0.0,0.0
2023-10-30,32.221430591425694,32.30008473325256,32.18607988501806,32.25059509277344,3000,0.0,0.0,0.0
2023-10-31,32.33191304014364,32.33191304014364,32.29833221435547,32.29833221435547,800,0.0,0.0,0.0
2023-11-01,32.51431608729066,32.65742111206055,32.51075922978601,32.65742111206055,2600,0.21,0.0,0.0
2023-11-02,32.93206212499382,33.05650122600065,32.93206212499382,33.01383590698242,3100,0.0,0.0,0.0
2023-11-03,33.403169074698035,33.41205613186578,33.327613830566406,33.327613830566406,2100,0.0,0.0,0.0
2023-11-06,33.20761895980748,33.20761895980748,33.074289371119086,33.13650894165039,15000,0.0,0.0,0.0
2023-11-07,33.11873257557314,33.20762010132503,33.11873257557314,33.177398681640625,4100,0.0,0.0,0.0
2023-11-08,33.163173198167094,33.228057861328125,33.163173198167094,33.228057861328125,400,0.0,0.0,0.0
2023-11-09,33.180945478185926,33.180945478185926,32.93828582763672,32.93828582763672,1900,0.0,0.0,0.0
2023-11-10,32.95873685848722,33.02539825439453,32.95873685848722,33.02539825439453,3200,0.0,0.0,0.0
2023-11-13,32.81652442036137,32.91429901123047,32.81652442036137,32.91429901123047,1700,0.0,0.0,0.0
2023-11-14,33.29650177376302,33.483160477968134,33.29650177376302,33.43427658081055,2700,0.0,0.0,0.0
2023-11-15,33.39428338540229,33.39428338540229,33.25206671546611,33.2965087890625,4800,0.0,0.0,0.0
2023-11-16,33.35871454373978,33.500931154730104,33.35871454373978,33.488487243652344,2200,0.0,0.0,0.0
2023-11-17,33.56493321492683,33.616485595703125,33.54537898051899,33.616485595703125,2600,0.0,0.0,0.0
2023-11-20,33.563155996730266,33.758705139160156,33.563155996730266,33.758705139160156,1000,0.0,0.0,0.0
2023-11-21,33.81204062464702,33.81204062464702,33.71426604482505,33.80315017700195,4200,0.0,0.0,0.0
2023-11-22,33.85648496960082,33.88492965698242,33.75871038319769,33.88492965698242,1200,0.0,0.0,0.0
2023-11-24,33.8120379637201,33.82981546689889,33.785370013595895,33.81114959716797,1000,0.0,0.0,0.0
2023-11-27,33.81203934137601,33.98981098969512,33.81203934137601,33.95780944824219,3100,0.0,0.0,0.0
2023-11-28,33.945364397606774,34.14091354327925,33.918699838001274,34.138248443603516,2900,0.0,0.0,0.0
2023-11-29,34.274246482350314,34.425350189208984,34.274246482350314,34.425350189208984,6200,0.0,0.0,0.0
2023-11-30,34.36312496888124,34.36312496888124,34.14179964484473,34.16757583618164,4400,0.0,0.0,0.0
2023-12-01,34.211359379098454,34.67150115966797,34.211359379098454,34.67150115966797,3800,0.199,0.0,0.0
2023-12-04,34.59556593510323,34.59556593510323,34.425802459321474,34.5598258972168,13200,0.0,0.0,0.0
2023-12-05,34.62236363273522,34.70277700073263,34.604493616696125,34.67061233520508,15100,0.0,0.0,0.0
2023-12-06,34.818930322758085,34.85466694639912,34.77425357858196,34.845733642578125,7500,0.0,0.0,0.0
2023-12-07,34.827861654595864,34.90827501785995,34.80999163960864,34.86360168457031,411700,0.0,0.0,0.0
2023-12-08,34.75639136252421,34.75639136252421,34.60449791151866,34.63398361206055,629000,0.0,0.0,0.0
2023-12-11,34.63130067105057,34.64917068901668,34.55982400754353,34.60002899169922,647900,0.0,0.0,0.0
2023-12-12,34.631289465336465,34.71170281598576,34.57768283714115,34.6938362121582,2700,0.0,0.0,0.0
2023-12-13,34.73851818497907,35.192405700683594,34.69652381631222,35.192405700683594,415400,0.0,0.0,0.0
2023-12-14,35.533719125211505,35.65880584716797,35.533719125211505,35.65880584716797,3400,0.0,0.0,0.0
2023-12-15,35.6409295906467,35.67666962162402,35.56051622512619,35.596256256103516,2700,0.0,0.0,0.0
2023-12-18,35.65879897723555,35.65879897723555,35.578385613133264,35.609657287597656,2800,0.0,0.0,0.0
2023-12-19,35.67666358887141,35.74814023038275,35.658793576404484,35.696319580078125,4800,0.0,0.0,0.0
2023-12-20,35.76601028442383,35.783880296911526,35.739206969870466,35.76601028442383,3000,0.0,0.0,0.0
2023-12-21,35.8285588491351,35.8285588491351,35.73027887865431,35.76244354248047,3200,0.0,0.0,0.0
2023-12-22,35.828552201834434,35.828552201834434,35.706147904104576,35.75886154174805,4700,0.0,0.0,0.0
2023-12-26,35.801755211939735,35.83749524180922,35.76601518207025,35.83302688598633,4600,0.0,0.0,0.0
2023-12-27,35.89110482698247,36.006365239856194,35.89110482698247,35.98760223388672,4800,0.0,0.0,0.0
2023-12-28,35.966036834988635,35.966036834988635,35.84025059070886,35.896854400634766,3600,0.224,0.0,0.0
2023-12-29,35.87618042697643,35.952550135650675,35.82406997680664,35.82406997680664,5200,0.0,0.0,0.0
2024-01-02,35.64258473696883,35.64258473696883,35.461994076237566,35.489845275878906,3800,0.0,0.0,0.0
2024-01-03,35.22928780287778,35.33530813271498,35.13944145993166,35.31913757324219,3100,0.0,0.0,0.0
2024-01-04,35.14843146137488,35.14843146137488,35.120580255044594,35.13136291503906,4200,0.0,0.0,0.0
2024-01-05,35.00466261131645,35.067555726249644,34.969624120092355,35.0343132019043,6900,0.0,0.0,0.0
2024-01-08,34.93278388475707,35.13044647807198,34.93278388475707,35.0567741394043,5000,0.0,0.0,0.0
2024-01-09,35.00467108692887,35.02264104232049,35.00467108692887,35.00826644897461,2500,0.0,0.0,0.0
2024-01-10,35.18436050415039,35.20233045611533,35.13943733794698,35.18436050415039,6700,0.0,0.0,0.0
2024-01-11,35.2831927123719,35.43593215942383,35.2831927123719,35.43593215942383,900,0.0,0.0,0.0
2024-01-12,35.48984490760841,35.5707079824693,35.444921738778596,35.4853515625,3000,0.0,0.0,0.0
2024-01-16,35.48086232268217,35.48086232268217,35.1663932800293,35.1663932800293,9200,0.0,0.0,0.0
2024-01-17,35.1214638835025,35.1214638835025,35.06216270519021,35.086421966552734,3000,0.0,0.0,0.0
2024-01-18,35.13943427547224,35.13943427547224,35.06755447387695,35.06755447387695,2100,0.0,0.0,0.0
2024-01-19,35.067555634680495,35.067555634680495,34.9237994541489,35.062164306640625,2400,0.0,0.0,0.0
2024-01-22,35.0675593744825,35.08552932739258,35.01365294317033,35.08552932739258,1800,0.0,0.0,0.0
2024-01-23,34.96871936180892,35.040599159090476,34.81597993371169,34.885162353515625,4700,0.0,0.0,0.0
2024-01-24,34.941769600368616,34.941769600368616,34.7620735168457,34.7620735168457,2900,0.0,0.0,0.0
2024-01-25,34.89685557413974,34.998382568359375,34.89685557413974,34.998382568359375,1300,0.0,0.0,0.0
2024-01-26,35.004661011159016,35.14841718549451,34.932784637700045,35.058570861816406,17400,0.0,0.0,0.0
2024-01-29,35.1124873726299,35.23827362060547,35.08553072847928,35.23827362060547,9700,0.0,0.0,0.0
2024-01-30,35.24725104188515,35.27420425415039,35.16638797767181,35.27420425415039,18200,0.0,0.0,0.0
2024-01-31,35.328121126059365,35.408984206340804,35.19334818311752,35.23288345336914,2200,0.0,0.0,0.0
2024-02-01,35.40620815464104,35.52807910119799,35.40620815464104,35.498287200927734,5000,0.186,0.0,0.0
2024-02-02,35.297876367329366,35.297876367329366,35.18052017402218,35.24732208251953,19400,0.0,0.0,0.0
2024-02-05,35.07219146195317,35.07219146195317,34.90066846387932,34.918724060058594,5600,0.0,0.0,0.0
2024-02-06,35.00899661760127,35.18232757611896,35.00899661760127,35.17149353027344,3700,0.0,0.0,0.0
2024-02-07,35.17149607635638,35.225662865752476,35.17149607635638,35.20760726928711,2800,0.0,0.0,0.0
2024-02-08,35.1534352547021,35.1534352547021,35.09927191710971,35.1444091796875,2800,0.0,0.0,0.0
2024-02-09,35.099272700642004,35.12093734741211,35.099272700642004,35.12093734741211,1000,0.0,0.0,0.0
2024-02-12,35.14441203387021,35.198578819614035,35.14441203387021,35.1696891784668,1400,0.0,0.0,0.0
2024-02-13,34.91871755361164,34.91871755361164,34.77608078100004,34.78691482543945,1400,0.0,0.0,0.0
2024-02-14,34.88260197570344,34.954824337869304,34.88260197570344,34.95211410522461,121200,0.0,0.0,0.0
2024-02-15,35.162468734310394,35.26177278941896,35.11552349643967,35.243717193603516,1506700,0.0,0.0,0.0
2024-02-16,35.063158520102,35.07218459454784,34.99996566772461,34.99996566772461,10500,0.0,0.0,0.0
2024-02-20,34.999969613210034,35.036080802568485,34.9096916398139,34.99094009399414,19300,0.0,0.0,0.0
2024-02-21,35.045111838483265,35.045111838483265,34.936781698826906,34.963863372802734,19400,0.0,0.0,0.0
2024-02-22,34.99093961344417,35.108299255371094,34.99093961344417,35.108299255371094,8000,0.0,0.0,0.0
2024-02-23,35.13538361871083,35.27982838523441,35.1263575426795,35.243717193603516,9800,0.0,0.0,0.0
2024-02-26,35.26176995495895,35.26176995495895,35.08121745507067,35.11732864379883,6900,0.0,0.0,0.0
2024-02-27,35.13538350484113,35.13538350484113,35.043304443359375,35.043304443359375,3700,0.0,0.0,0.0
2024-02-28,35.07218551635742,35.09927062791117,35.03698003696595,35.07218551635742,4800,0.0,0.0,0.0
2024-02-29,35.1714825853452,35.216619837318504,35.16245651245117,35.16245651245117,3400,0.0,0.0,0.0
2024-03-01,35.18060042264354,35.33478030181576,35.12618216307305,35.3039436340332,136700,0.18,0.0,0.0
2024-03-04,35.25315236126846,35.25315236126846,35.19420184535359,35.21687698364258,7100,0.0,0.0,0.0
2024-03-05,35.28036743681484,35.35292166048058,35.26222801596322,35.2912483215332,19300,0.0,0.0,0.0
2024-03-06,35.40734109391649,35.470827339126224,35.39826965332031,35.39826965332031,15700,0.0,0.0,0.0
2024-03-07,35.507103056008475,35.507103056008475,35.43454537659049,35.49803161621094,6300,0.0,0.0,0.0
2024-03-08,35.52524469777651,35.59780238879885,35.52524469777651,35.531593322753906,10500,0.0,0.0,0.0
2024-03-11,35.51617529868467,35.534314720716246,35.48896789550781,35.48896789550781,3600,0.0,0.0,0.0
2024-03-12,35.46175660083723,35.48896746342378,35.40734179514601,35.477176666259766,12700,0.0,0.0,0.0
2024-03-13,35.49712623395822,35.498032686017176,35.461753845214844,35.461753845214844,3800,0.0,0.0,0.0
2024-03-14,35.453593586586784,35.453593586586784,35.271296383728554,35.30757522583008,7500,0.0,0.0,0.0
2024-03-15,35.2622238004802,35.2622238004802,35.18966612574772,35.21687698364258,6200,0.0,0.0,0.0
2024-03-18,35.216881960232634,35.24408936223188,35.16246369649329,35.171531677246094,4500,0.0,0.0,0.0
2024-03-19,35.21688874416343,35.316650390625,35.21688874416343,35.316650390625,3600,0.0,0.0,0.0
2024-03-20,35.300321628281424,35.47989602264795,35.300321628281424,35.477176666259766,13000,0.0,0.0,0.0
2024-03-21,35.634082007614545,35.65131151882629,35.56152431501761,35.564247131347656,24700,0.0,0.0,0.0
2024-03-22,35.67488388311222,35.706627000473745,35.6431407657507,35.65583801269531,6100,0.0,0.0,0.0
2024-03-25,35.59780409995417,35.66129035277988,35.543385829071575,35.59961700439453,5700,0.0,0.0,0.0
2024-03-26,35.606861992719274,35.63407285032105,35.581467498784505,35.60958480834961,3900,0.0,0.0,0.0
2024-03-27,35.61593837195723,35.72477143823909,35.61593837195723,35.72114562988281,10100,0.0,0.0,0.0
2024-03-28,35.66127831159731,35.7429039604893,35.62228012084961,35.62228012084961,5900,0.0,0.0,0.0
2024-04-01,35.513812260117625,35.513812260117625,35.367965117505506,35.41080856323242,5300,0.198,0.0,0.0
2024-04-02,35.240347500127,35.422657288386056,35.240347500127,35.41353988647461,12000,0.0,0.0,0.0
2024-04-03,35.30416148094119,35.52293395996094,35.30416148094119,35.52293395996094,85000,0.0,0.0,0.0
2024-04-04,35.59585990261907,35.62320863894163,35.46824405735041,35.51382064819336,10400,0.0,0.0,0.0
2024-04-05,35.46824041809328,35.52293440785547,35.43177775825181,35.484649658203125,4000,0.0,0.0,0.0
2024-04-08,35.41719644785816,35.495588042203146,35.41719644785816,35.46368408203125,17200,0.0,0.0,0.0
2024-04-09,35.541160289023374,35.70432423384889,35.541160289023374,35.69156265258789,3400,0.0,0.0,0.0
2024-04-10,35.37707556098803,35.37707556098803,35.18473735407802,35.188385009765625,5400,0.0,0.0,0.0
2024-04-11,35.06716133625074,35.1227628932428,35.03981260293351,35.0863037109375,3200,0.0,0.0,0.0
2024-04-12,35.10361488437636,35.10361488437636,35.01246172733742,35.03069305419922,2800,0.0,0.0,0.0
2024-04-15,34.76634678162377,34.77546418441114,34.61138570694169,34.64602279663086,4700,0.0,0.0,0.0
2024-04-16,34.47465539960749,34.58403990141685,34.47465539960749,34.54758071899414,11700,0.0,0.0,0.0
2024-04-17,34.78458084517902,34.82013245975876,34.72077292973125,34.77546691894531,8100,0.0,0.0,0.0
2024-04-18,34.79368537013066,34.79368537013066,34.639635369784116,34.72987747192383,13200,0.0,0.0,0.0
2024-04-19,34.82104110667634,34.83015503228241,34.74629370307917,34.76270294189453,4100,0.0,0.0,0.0
2024-04-22,34.81192996677503,34.994239807128906,34.81192996677503,34.994239807128906,14600,0.0,0.0,0.0
2024-04-23,34.94866462484354,35.07628047505307,34.874828249820396,35.039817810058594,15900,0.0,0.0,0.0
2024-04-24,34.9486560362413,34.9486560362413,34.73900097995232,34.839271545410156,15400,0.0,0.0,0.0
2024-04-25,34.69342099565329,34.711652321881985,34.61138176625916,34.70891571044922,10000,0.0,0.0,0.0
2024-04-26,34.77545496028747,34.90307074729823,34.77545496028747,34.82832336425781,7200,0.0,0.0,0.0
2024-04-29,34.948660767334104,35.048931346365826,34.91219810636425,35.029788970947266,13800,0.0,0.0,0.0
2024-04-30,34.88485290489423,34.90308423540823,34.711660480917395,34.714393615722656,7800,0.0,0.0,0.0
2024-05-01,34.72631197536732,34.973768303708,34.72631197536732,34.85462188720703,7700,0.206,0.0,0.0
2024-05-02,34.95542380560977,35.08373366601884,34.90959935491817,35.07365417480469,4800,0.0,0.0,0.0
2024-05-03,35.35868705445927,35.39534451698427,35.14788828998788,35.353187561035156,526900,0.0,0.0,0.0
2024-05-06,35.41367334088112,35.468664776370154,35.40450984972359,35.463165283203125,912000,0.0,0.0,0.0
2024-05-07,35.53282574133803,35.615311160498216,35.4961647781153,35.523658752441406,4800,0.0,0.0,0.0
2024-05-08,35.43201080330856,35.43201080330856,35.36785586401654,35.399017333984375,4000,0.0,0.0,0.0
2024-05-09,35.40451179493066,35.53282165527344,35.40176030010533,35.53282165527344,5600,0.0,0.0,0.0
2024-05-10,35.505334235377404,35.505334235377404,35.413681820948824,35.44484329223633,3300,0.0,0.0,0.0
2024-05-13,35.48700576116328,35.514499738957035,35.459508287187205,35.46500778198242,6300,0.0,0.0,0.0
2024-05-14,35.53282778498905,35.56032176089645,35.46867284375039,35.487003326416016,32200,0.0,0.0,0.0
2024-05-15,35.75278781594988,35.92692565917969,35.71613034553821,35.92692565917969,9400,0.0,0.0,0.0
2024-05-16,35.926919102091176,35.926919102091176,35.82610321044922,35.82610321044922,5300,0.0,0.0,0.0
2024-05-17,35.789446673137704,35.789446673137704,35.688630769037665,35.7262077331543,7200,0.0,0.0,0.0
2024-05-20,35.734459242346524,35.77844820488757,35.734459242346524,35.766536712646484,3900,0.0,0.0,0.0
2024-05-21,35.79860805603986,35.835265518550166,35.78027757669398,35.812355041503906,5000,0.0,0.0,0.0
2024-05-22,35.74361742251818,35.75278091430664,35.693209477227796,35.75278091430664,7700,0.0,0.0,0.0
2024-05-23,35.75278199713681,35.75278199713681,35.4961622651093,35.52915573120117,8500,0.0,0.0,0.0
2024-05-24,35.560319224870206,35.63364115030368,35.560319224870206,35.61531066894531,5900,0.0,0.0,0.0
2024-05-28,35.633645698904424,35.633645698904424,35.413683390707845,35.44117736816406,8800,0.0,0.0,0.0
2024-05-29,35.35869404866424,35.35869404866424,35.27162512855891,35.289039611816406,6600,0.0,0.0,0.0
2024-05-30,35.41826366315742,35.51449607168079,35.41826366315742,35.432010650634766,5500,0.0,0.0,0.0
2024-05-31,35.56949614573363,35.67030857708183,35.505341191156226,35.66756057739258,6100,0.0,0.0,0.0
2024-06-03,35.62884866694896,35.75876235961914,35.62884866694896,35.75876235961914,3000,0.205,0.0,0.0
2024-06-04,35.74863212231953,35.886837005615234,35.74863212231953,35.886837005615234,18400,0.0,0.0,0.0
2024-06-05,35.83155516877759,35.95133250272661,35.79470006376308,35.94856643676758,9800,0.0,0.0,0.0
2024-06-06,35.868409453529395,35.905264557701074,35.85735221933866,35.886837005615234,5500,0.0,0.0,0.0
2024-06-07,35.67492775084231,35.73942242999277,35.61043307169184,35.645442962646484,4300,0.0,0.0,0.0
2024-06-10,35.610433115533475,35.610433115533475,35.56528684007256,35.5975341796875,6600,0.0,0.0,0.0
2024-06-11,35.61043171613794,35.75784862211261,35.61043171613794,35.73020553588867,3700,0.0,0.0,0.0
2024-06-12,35.932896832294205,36.01581904249501,35.85918663891773,35.87208557128906,5300,0.0,0.0,0.0
2024-06-13,35.99739738252379,35.99739738252379,35.88683558906909,35.95962142944336,17400,0.0,0.0,0.0
2024-06-14,35.905255990127166,35.914468006623856,35.840761330564284,35.86103057861328,11000,0.0,0.0,0.0
2024-06-17,35.748625402024196,35.82233559651096,35.67491872223295,35.78548049926758,5900,0.0,0.0,0.0
2024-06-18,35.86840752518548,36.00661240105107,35.86840752518548,35.99831771850586,4300,0.0,0.0,0.0
2024-06-20,35.85919411328922,35.91447676984451,35.80391497143013,35.85551071166992,11600,0.0,0.0,0.0
2024-06-21,35.93290393527148,35.93290393527148,35.88591596225776,35.91816329956055,8600,0.0,0.0,0.0
2024-06-24,35.96054400522195,35.997399109707196,35.932904434206115,35.98726272583008,5100,0.0,0.0,0.0
2024-06-25,35.97896397577713,36.00660705566406,35.956853026563046,36.00660705566406,3900,0.0,0.0,0.0
2024-06-26,35.90526321428921,35.90526321428921,35.73941876641798,35.79654312133789,13400,0.0,0.0,0.0
2024-06-27,35.88683402577964,35.90526157633536,35.82233935618256,35.84076690673828,7600,0.0,0.0,0.0
2024-06-28,35.896049688706555,35.905265222268135,35.62977981567383,35.62977981567383,4900,0.0,0.0,0.0
2024-07-01,35.434361435087055,35.52697819937822,35.434361435087055,35.486228942871094,8300,0.2,0.0,0.0
2024-07-02,35.53623727279053,35.652931213378906,35.53623727279053,35.652931213378906,7300,0.0,0.0,0.0
2024-07-03,35.702952184501356,35.94375228881836,35.702952184501356,35.94375228881836,4300,0.0,0.0,0.0
2024-07-05,36.02710353368016,36.16602340151001,35.999316733739114,36.14287185668945,3500,0.0,0.0,0.0
2024-07-08,36.14749589976594,36.18454260679219,36.11230400116891,36.16324234008789,3100,0.0,0.0,0.0
2024-07-09,36.08266067549799,36.08266067549799,35.99930736330897,36.036354064941406,4600,0.0,0.0,0.0
2024-07-10,36.11044891427921,36.20954513549805,36.11044891427921,36.20954513549805,2900,0.0,0.0,0.0
2024-07-11,36.36050576591149,36.44385908244258,36.35124585650497,36.36143493652344,4300,0.0,0.0,0.0
2024-07-12,36.39755050065057,36.49016725454644,36.39755050065057,36.437374114990234,4100,0.0,0.0,0.0
2024-07-15,36.42533696554357,36.42533696554357,36.314196861868574,36.31882858276367,3300,0.0,0.0,0.0
2024-07-16,36.36976917901739,36.464237213134766,36.341985917852085,36.464237213134766,9100,0.0,0.0,0.0
2024-07-17,36.33272484005999,36.39755480897697,36.33272484005999,36.383663177490234,4100,0.0,0.0,0.0
2024-07-18,36.28641876582424,36.323465472320805,36.18083953857422,36.18083953857422,10500,0.0,0.0,0.0
2024-07-19,36.082657842474305,36.14748779875699,36.036351235553475,36.067840576171875,3800,0.0,0.0,0.0
2024-07-22,36.221578204922004,36.277144715451094,36.148410451039915,36.17897415161133,5600,0.0,0.0,0.0
2024-07-23,36.249368259132076,36.30493831305127,36.21695327758789,36.21695327758789,5800,0.0,0.0,0.0
2024-07-24,36.22158288625048,36.22158288625048,35.990046307875545,35.99189758300781,4600,0.0,0.0,0.0
2024-07-25,36.101187330600304,36.24011070795341,36.04561727306541,36.053955078125,9700,0.0,0.0,0.0
2024-07-26,36.230849702197936,36.27808549081869,36.221589791803396,36.24844741821289,4100,0.0,0.0,0.0
2024-07-29,36.3419820150859,36.3419820150859,36.2956718741595,36.328086853027344,6000,0.0,0.0,0.0
2024-07-30,36.314200484967806,36.362361907958984,36.279008588370445,36.362361907958984,3200,0.0,0.0,0.0
2024-07-31,36.439232054811754,36.49017039059025,36.36977036666214,36.48831558227539,3800,0.0,0.0,0.0
2024-08-01,36.556280045725835,36.63074986632616,36.50042501696123,36.53580093383789,730300,0.201,0.0,0.0
2024-08-02,36.59350842501804,36.83553972588643,36.59350842501804,36.752689361572266,560500,0.0,0.0,0.0
2024-08-05,36.45387434555435,36.60281751091686,36.407330272207034,36.4818000793457,24600,0.0,0.0,0.0
2024-08-06,36.51902712761688,36.51902712761688,36.26768493652344,36.26768493652344,671800,0.0,0.0,0.0
2024-08-07,36.42593806284598,36.523681653894435,36.304920666321344,36.31422805786133,35400,0.0,0.0,0.0
2024-08-08,36.425948611763,36.54696249224898,36.34216785930376,36.4818000793457,35600,0.0,0.0,0.0
2024-08-09,36.649366277639594,36.66612385071151,36.621440540272026,36.64471435546875,24700,0.0,0.0,0.0
2024-08-12,36.66331568295353,36.70520782470703,36.640045427387655,36.70520782470703,21300,0.0,0.0,0.0
2024-08-13,36.79829245807102,36.89138412475586,36.79829245807102,36.89138412475586,11000,0.0,0.0,0.0
2024-08-14,36.910019386831245,36.98448920325063,36.8541643612025,36.91932678222656,72000,0.0,0.0,0.0
2024-08-15,36.85415460316812,36.947242736816406,36.82622887329057,36.947242736816406,15700,0.0,0.0,0.0
2024-08-16,37.0124089909181,37.06826400756836,36.97517586423629,37.06826400756836,28900,0.0,0.0,0.0
2024-08-19,37.096190235268715,37.19858932495117,37.096190235268715,37.19858932495117,99300,0.0,0.0,0.0
2024-08-20,37.24513557093279,37.291683197021484,37.235828176366226,37.291683197021484,19000,0.0,0.0,0.0
2024-08-21,37.31960702779996,37.44062445750286,37.310299633708254,37.384769439697266,13500,0.0,0.0,0.0
2024-08-22,37.21720312345129,37.21720312345129,37.096185709401574,37.124114990234375,23400,0.0,0.0,0.0
2024-08-23,37.25443507360112,37.4694709777832,37.25443507360112,37.4694709777832,511400,0.0,0.0,0.0
2024-08-26,37.46854461539279,37.46854461539279,37.40338221319191,37.429447174072266,6100,0.0,0.0,0.0
2024-08-27,37.35683641736622,37.40338048091343,37.328907138370354,37.377315521240234,9600,0.0,0.0,0.0
2024-08-28,37.37545603197009,37.384763424564255,37.30098268687857,37.323326110839844,10400,0.0,0.0,0.0
2024-08-29,37.328912045981646,37.348460768306595,37.266544342041016,37.266544342041016,11400,0.0,0.0,0.0
2024-08-30,37.33822231150899,37.34752970483903,37.26002742363128,37.297264099121094,9700,0.0,0.0,0.0
2024-09-03,37.24298887962472,37.25234841368363,37.14941495673369,37.177486419677734,23100,0.208,0.0,0.0
2024-09-04,37.19620015146002,37.36463606035668,37.19620015146002,37.34592056274414,5200,0.0,0.0,0.0
2024-09-05,37.41143165996179,37.486293667701744,37.32721368606284,37.432952880859375,8400,0.0,0.0,0.0
2024-09-06,37.44885154774204,37.51435400026265,37.35527406584407,37.38521957397461,9900,0.0,0.0,0.0
2024-09-09,37.4207878800285,37.52371777712522,37.4207878800285,37.46195983886719,6200,0.0,0.0,0.0
2024-09-10,37.43014028926956,37.490962982177734,37.392709292272365,37.490962982177734,11500,0.0,0.0,0.0
2024-09-11,37.476929804300575,37.59951400756836,37.40207137482185,37.59951400756836,915200,0.0,0.0,0.0
2024-09-12,37.551788931906714,37.65004262099366,37.53307343356401,37.645362854003906,15600,0.0,0.0,0.0
2024-09-13,37.720228979816355,37.8512339129512,37.70151347942328,37.798831939697266,13600,0.0,0.0,0.0
2024-09-16,37.86059128392538,38.01967125836409,37.86059128392538,37.99159622192383,11800,0.0,0.0,0.0
2024-09-17,38.047741531995115,38.093593258856636,38.00095456555105,38.02902603149414,12900,0.0,0.0,0.0
2024-09-18,37.9541644246314,38.11324081115947,37.89240292118224,37.91579818725586,12300,0.0,0.0,0.0
2024-09-19,38.00094783733149,38.057090759277344,37.972876376358556,38.057090759277344,10000,0.0,0.0,0.0
2024-09-20,37.954167303806564,38.01311952359843,37.91673630309585,37.98223876953125,11400,0.0,0.0,0.0
2024-09-23,37.8886657324077,37.935452699592986,37.85123473081276,37.89802169799805,3600,0.0,0.0,0.0
2024-09-24,37.91673160158681,37.98223405990019,37.89053061826146,37.95416259765625,6100,0.0,0.0,0.0
2024-09-25,37.93544429993863,37.93544429993863,37.823151320017686,37.839996337890625,5200,0.0,0.0,0.0
2024-09-26,37.86995023161023,37.916737198795516,37.85123473081276,37.89802169799805,5500,0.0,0.0,0.0
2024-09-27,37.954167303806564,38.01779572147474,37.946678247971064,37.98223876953125,8600,0.0,0.0,0.0
2024-09-30,37.986906959676006,38.03837367756344,37.907365215003665,38.01217269897461,4300,0.0,0.0,0.0
2024-10-01,38.09587330571156,38.1522989983744,38.07706832885742,38.07706832885742,9300,0.201,0.0,0.0
2024-10-02,37.95481599056595,38.06766379309008,37.95481599056595,38.01123809814453,5100,0.0,0.0,0.0
2024-10-03,37.93600420795542,37.93600420795542,37.80434785161618,37.84666442871094,5700,0.0,0.0,0.0
2024-10-04,37.663290789343336,37.73852505361529,37.663290789343336,37.691505432128906,5800,0.0,0.0,0.0
2024-10-07,37.559844778409314,37.57395389322602,37.47050857543945,37.47050857543945,6500,0.0,0.0,0.0
2024-10-08,37.5128268653533,37.52223294232593,37.47520973219731,37.48931884765625,4100,0.0,0.0,0.0
2024-10-09,37.487434916097804,37.52223237805908,37.42818954658333,37.44229507446289,4600,0.0,0.0,0.0
2024-10-10,37.381171545307744,37.41878867952905,37.31534335410414,37.39904022216797,7700,0.0,0.0,0.0
2024-10-11,37.409379018876834,37.475207203774815,37.409379018876834,37.418785095214844,4100,0.0,0.0,0.0
2024-10-14,37.39056624539803,37.5974568531452,37.34354663110093,37.456398010253906,21700,0.0,0.0,0.0
2024-10-15,37.541031851794266,37.63037163175321,37.541031851794266,37.550437927246094,8900,0.0,0.0,0.0
2024-10-16,37.60686811473062,37.70090735629362,37.60686811473062,37.64448165893555,6200,0.0,0.0,0.0
2024-10-17,37.55044391846625,37.55044391846625,37.41878754006818,37.446998596191406,6500,0.0,0.0,0.0
2024-10-18,37.5128268653533,37.5128268653533,37.48179255113124,37.48931884765625,6100,0.0,0.0,0.0
2024-10-21,37.32473999644726,37.32473999644726,37.06142727288507,37.136661529541016,7700,0.0,0.0,0.0
2024-10-22,37.080238003262494,37.080238003262494,36.99560125326351,37.03321838378906,15100,0.0,0.0,0.0
2024-10-23,36.948583955441435,36.948583955441435,36.84795830433116,36.907203674316406,6000,0.0,0.0,0.0
2024-10-24,37.005006923130644,37.07083511352539,36.986201943618426,37.07083511352539,15800,0.0,0.0,0.0
2024-10-25,37.136662728960765,37.15546770636529,37.01440885162977,37.02381134033203,8600,0.0,0.0,0.0
2024-10-28,37.02380678442026,37.052021421788986,36.976787171961014,37.014404296875,12000,0.0,0.0,0.0
2024-10-29,36.97680060788462,37.12726557484718,36.971157678360456,37.11503982543945,6200,0.0,0.0,0.0
2024-10-30,37.15546557662372,37.19308270401043,37.05954656536435,37.07741165161133,15700,0.0,0.0,0.0
2024-10-31,37.014412755502875,37.014412755502875,36.90438461303711,36.90438461303711,7000,0.0,0.0,0.0
2024-11-01,36.92139759905311,36.92139759905311,36.7039909362793,36.7039909362793,7600,0.201,0.0,0.0
2024-11-04,36.94031345723262,36.95921525427344,36.82688103996629,36.86941909790039,10900,0.0,0.0,0.0
2024-11-05,36.80324499372877,36.942195892333984,36.758817485704505,36.942195892333984,5100,0.0,0.0,0.0
2024-11-06,36.5811141168714,36.8552370206379,36.5811141168714,36.789066314697266,9700,0.0,0.0,0.0
2024-11-07,36.9213883451695,37.20496202528567,36.9213883451695,37.20117950439453,7300,0.0,0.0,0.0
2024-11-08,37.24278154306054,37.25223243875185,37.18606535140524,37.24750518798828,5300,0.0,0.0,0.0
2024-11-11,37.19268073520288,37.216313382342996,37.16432444330329,37.214420318603516,5500,0.0,0.0,0.0
2024-11-12,37.025371389375195,37.044276786650514,36.90343644482776,36.92612075805664,5500,0.0,0.0,0.0
2024-11-13,36.92896377849351,36.93558048818474,36.8552352427679,36.87886428833008,5800,0.0,0.0,0.0
2024-11-14,36.85806582592958,36.883587933076655,36.70399205985338,36.76921081542969,37700,0.0,0.0,0.0
2024-11-15,36.64727500037137,36.68508579568447,36.57449120260341,36.677520751953125,10300,0.0,0.0,0.0
2024-11-18,36.57165102791132,36.78905767804854,36.57070629896541,36.69453430175781,10700,0.0,0.0,0.0
2024-11-19,36.713439655116616,36.920447074934614,36.713439655116616,36.87129592895508,7400,0.0,0.0,0.0
2024-11-20,36.80796387060769,36.86656951904297,36.741796784605896,36.86656951904297,10000,0.0,0.0,0.0
2024-11-21,36.91194996977917,36.91194996977917,36.80797206695534,36.88832092285156,9600,0.0,0.0,0.0
2024-11-22,36.893040030667166,36.91194542938571,36.79851664291056,36.831600189208984,9100,0.0,0.0,0.0
2024-11-25,37.11990370727392,37.20497620431388,37.085875429625204,37.187015533447266,12700,0.0,0.0,0.0
2024-11-26,37.0915483475128,37.20497714448699,37.044283043423476,37.13408279418945,29800,0.0,0.0,0.0
2024-11-27,37.24278235075344,37.299494937802855,37.13880446671497,37.223876953125,8500,0.0,0.0,0.0
2024-11-29,37.318401678479404,37.327856180551834,37.252234587316536,37.32123947143555,5900,0.0,0.0,0.0
2024-12-02,37.2433334012215,37.35354433601185,37.0628149283997,37.2927360534668,9900,0.201,0.0,0.0
2024-12-03,37.30033194513624,37.32883695693047,37.26707911828157,37.28038024902344,7500,0.0,0.0,0.0
2024-12-04,37.24333246820841,37.40009736195692,37.24333246820841,37.390594482421875,9700,0.0,0.0,0.0
2024-12-05,37.38584270240072,37.53785615499822,37.38584270240072,37.490352630615234,14000,0.0,0.0,0.0
2024-12-06,37.63286769291771,37.64901751435017,37.585364167443025,37.604366302490234,3700,0.0,0.0,0.0
2024-12-09,37.57585517603853,37.594857307995035,37.49985027249861,37.508399963378906,21300,0.0,0.0,0.0
2024-12-10,37.44284748742481,37.46660106073263,37.409594659365716,37.42954635620117,12200,0.0,0.0,0.0
2024-12-11,37.499853169045394,37.499853169045394,37.385840368499856,37.41624450683594,19600,0.0,0.0,0.0
2024-12-12,37.37633682489234,37.37633682489234,37.214820521463785,37.23572540283203,14900,0.0,0.0,0.0
2024-12-13,37.22433039105657,37.22433039105657,37.043815546764236,37.055213928222656,9700,0.0,0.0,0.0
2024-12-16,37.100814133863736,37.100814133863736,36.96780282949291,36.9868049621582,22100,0.0,0.0,0.0
2024-12-17,36.93930531090319,37.02481310470822,36.914602173422786,37.00960922241211,45200,0.0,0.0,0.0
2024-12-18,36.94879956199908,37.00580595824409,36.36924721850956,36.435752868652344,1450900,0.0,0.0,0.0
2024-12-19,36.48326587621328,36.48326587621328,36.150733947753906,36.150733947753906,2085300,0.0,0.0,0.0
2024-12-20,36.502263433449215,36.60677336182653,36.37875499471839,36.4832649230957,65500,0.0,0.0,0.0
2024-12-23,36.53076620208795,36.53076620208795,36.29324497011636,36.33124923706055,163200,0.0,0.0,0.0
2024-12-24,36.44525552916281,36.5402625647176,36.198231437862596,36.50225830078125,17400,0.0,0.0,0.0
2024-12-26,36.445255062775416,36.57826636056443,36.33124589671141,36.51176071166992,25000,0.0,0.0,0.0
2024-12-27,36.464257847519555,36.464257847519555,36.207734501067065,36.3122444152832,162000,0.0,0.0,0.0
2024-12-30,36.48326292630124,36.52031400617797,36.36925012470069,36.38825225830078,92700,0.0,0.0,0.0
2024-12-31,36.50100145524315,36.50100145524315,36.23345237443874,36.34811782836914,35800,0.218,0.0,0.0
2025-01-02,36.50100654649494,36.51056017980511,36.30990107498826,36.434120178222656,93100,0.0,0.0,0.0
2025-01-03,36.54877871770452,36.56788962764066,36.44367053557245,36.50100326538086,26200,0.0,0.0,0.0
2025-01-06,36.501004003430246,36.54877945671993,36.41500672949545,36.47233581542969,20500,0.0,0.0,0.0
2025-01-07,36.52966233995863,36.52966233995863,36.26689556899311,36.30033874511719,1188900,0.0,0.0,0.0
2025-01-08,36.26212147764402,36.348118747750426,36.2143460264812,36.27167510986328,1231800,0.0,0.0,0.0
2025-01-10,36.11878893809528,36.2430080184062,36.11878893809528,36.147457122802734,42000,0.0,0.0,0.0
2025-01-13,36.099680393692495,36.151279484511484,36.032794033383894,36.10923767089844,13400,0.0,0.0,0.0
2025-01-14,36.0805707711749,36.16656804392933,36.0805707711749,36.150325775146484,18900,0.0,0.0,0.0
2025-01-15,36.55833053588867,36.60515098714699,36.48189054497095,36.55833053588867,24200,0.0,0.0,0.0
2025-01-16,36.52011562128961,36.57744470833453,36.44367197851836,36.53922653198242,95600,0.0,0.0,0.0
2025-01-17,36.67299907570161,36.701663619078616,36.58604680176234,36.58700180053711,2628500,0.0,0.0,0.0
2025-01-21,36.7685546875,36.85455197366626,36.724599223002954,36.7685546875,2160900,0.0,0.0,0.0
2025-01-22,36.88321652071036,36.88321652071036,36.71122194837784,36.7685546875,843500,0.0,0.0,0.0
2025-01-23,36.64432507034353,36.74847824079575,36.56788508512783,36.7398796081543,337300,0.0,0.0,0.0
2025-01-24,36.80677505005472,36.80677505005472,36.74944231321225,36.77811050415039,17700,0.0,0.0,0.0
2025-01-27,36.844989596418216,36.940540493913815,36.82969868259377,36.892765045166016,11500,0.0,0.0,0.0
2025-01-28,36.81632231495828,36.87365504188297,36.77810414204166,36.86410140991211,16700,0.0,0.0,0.0
2025-01-29,36.92143741119778,36.92143741119778,36.72077829690589,36.84499740600586,19900,0.0,0.0,0.0
2025-01-30,36.95965122213322,37.01698394737077,36.88320758848315,36.9405403137207,16300,0.0,0.0,0.0
2025-01-31,36.95965668816835,37.015075779237534,36.86410577700764,36.88321304321289,9900,0.0,0.0,0.0
2025-02-03,36.806871205077314,36.96148117496279,36.806871205077314,36.88417434692383,14100,0.431,0.0,0.0
2025-02-04,36.8745155673313,37.02912554866673,36.8745155673313,37.00013732910156,10200,0.0,0.0,0.0
2025-02-05,37.13541582599368,37.25137237553385,37.13541582599368,37.21271896362305,23000,0.0,0.0,0.0
2025-02-06,37.1837361391947,37.19340133666992,37.12575601292174,37.19340133666992,19800,0.0,0.0,0.0
2025-02-07,37.077442842976915,37.08710804091062,36.9469921604155,37.019466400146484,80500,0.0,0.0,0.0
2025-02-10,37.08710624975669,37.14508268978709,37.00979941479244,37.067779541015625,72600,0.0,0.0,0.0
2025-02-11,36.961486245208896,36.97984717231571,36.82620296377548,36.89384460449219,105300,0.0,0.0,0.0
2025-02-12,36.74889467828628,36.913169860839844,36.63293811107911,36.913169860839844,23900,0.0,0.0,0.0
2025-02-13,36.990468236712154,37.145078201767255,36.990468236712154,37.12575149536133,13400,0.0,0.0,0.0
2025-02-14,37.25137835095978,37.32868518718204,37.232051641904214,37.261043548583984,12300,0.0,0.0,0.0
2025-02-18,37.26104206174501,37.26104206174501,37.00013702919511,37.154747009277344,144100,0.0,0.0,0.0
2025-02-19,37.07744452968072,37.135424661341695,36.961487952551884,37.096771240234375,215400,0.0,0.0,0.0
2025-02-20,37.183730747786065,37.26103757160767,37.1064276101567,37.21271896362305,117100,0.0,0.0,0.0
2025-02-21,37.25138417236201,37.29003759651365,37.18374252319336,37.18374252319336,11600,0.0,0.0,0.0
2025-02-24,37.25137710571289,37.31901874204981,37.222388886194985,37.25137710571289,18600,0.0,0.0,0.0
2025-02-25,37.4543006333344,37.52194595336914,37.40598570718893,37.52194595336914,39100,0.0,0.0,0.0
2025-02-26,37.56059410190291,37.647562439781865,37.54126739501953,37.54126739501953,8800,0.0,0.0,0.0
2025-02-27,37.57026345225579,37.58959016127594,37.51228332519531,37.51228332519531,39000,0.0,0.0,0.0
2025-02-28,37.618574474711544,37.71230697631836,37.579921060685706,37.71230697631836,10700,0.0,0.0,0.0
2025-03-03,37.614192630752925,37.75990654151441,37.59476336816747,37.6919059753418,26300,0.206,0.0,0.0
2025-03-04,37.67247569612582,37.67247569612582,37.53647456745073,37.565616607666016,30000,0.0,0.0,0.0
2025-03-05,37.662767976149944,37.68219724082046,37.51996677186263,37.580196380615234,19800,0.0,0.0,0.0
2025-03-06,37.400478923377314,37.43933745319799,37.30333630457898,37.39076614379883,39100,0.0,0.0,0.0
2025-03-07,37.487908981915176,37.487908981915176,37.390766362548526,37.45876693725586,12900,0.0,0.0,0.0
2025-03-10,37.517050465451014,37.517050465451014,37.4111659754209,37.46847915649414,8900,0.0,0.0,0.0
2025-03-11,37.49762154217565,37.51705080708599,37.34219112864629,37.39076614379883,30600,0.0,0.0,0.0
2025-03-12,37.42962323753819,37.47819825563623,37.37231005246767,37.383968353271484,24200,0.0,0.0,0.0
2025-03-13,37.35190346795431,37.35190346795431,37.283902901192796,37.322757720947266,12900,0.0,0.0,0.0
2025-03-14,37.342192139593756,37.382021577875236,37.342192139593756,37.371337890625,6800,0.0,0.0,0.0
2025-03-17,37.41990840720784,37.45876693725586,37.41505016451349,37.45876693725586,13900,0.0,0.0,0.0
2025-03-18,37.41019035283139,37.546195202295394,37.390764794375485,37.48790740966797,40000,0.0,0.0,0.0
2025-03-19,37.497618059966584,37.70064885665818,37.47819250261356,37.67247772216797,17900,0.0,0.0,0.0
2025-03-20,37.73076809811449,37.78905589142853,37.56562120326798,37.62390899658203,13900,0.0,0.0,0.0
2025-03-21,37.5656191876924,37.5656191876924,37.4723639114481,37.51704788208008,6200,0.0,0.0,0.0
2025-03-24,37.52676874320054,37.56562356876998,37.45876816626213,37.50733947753906,11300,0.0,0.0,0.0
2025-03-25,37.48790765404655,37.565621005636494,37.48790765404655,37.51996612548828,12200,0.0,0.0,0.0
2025-03-26,37.45876411413153,37.45876411413153,37.329559326171875,37.329559326171875,4700,0.0,0.0,0.0
2025-03-27,37.264475094123085,37.27418787300288,37.254758609490196,37.25961685180664,5200,0.0,0.0,0.0
2025-03-28,37.35190346795431,37.35190346795431,37.275157324214206,37.322757720947266,48300,0.0,0.0,0.0
2025-03-31,37.322758730185456,37.44904708862305,37.30333317265942,37.44904708862305,41600,0.0,0.0,0.0
2025-04-01,37.476391208067334,37.57403534126371,37.476391208067334,37.556461334228516,4600,0.198,0.0,0.0
2025-04-02,37.5740344226449,37.59356399378369,37.45686072069696,37.515445709228516,16300,0.0,0.0,0.0
2025-04-03,37.417800737422766,37.48615237242987,37.31429736510982,37.31527328491211,9600,0.0,0.0,0.0
2025-04-04,37.027218548780574,37.10533683532602,36.72451950062926,36.744049072265625,58400,0.0,0.0,0.0
2025-04-07,36.36323583638936,37.20298516209894,36.08982552754672,36.25582504272461,1476800,0.0,0.0,0.0
2025-04-08,36.63663906485614,36.63663906485614,35.75782694707477,35.904296875,1785600,0.0,0.0,0.0
2025-04-09,35.66994563279418,36.851460526612776,35.59183106970753,36.84169387817383,16600,0.0,0.0,0.0
2025-04-10,36.509694713579286,36.509694713579286,36.13864033502366,36.148406982421875,10600,0.0,0.0,0.0
2025-04-11,35.99217694563901,36.29487599058935,35.77540354511812,36.226524353027344,28700,0.0,0.0,0.0
2025-04-14,36.53899260509477,36.53899260509477,36.314408105250436,36.41205596923828,19100,0.0,0.0,0.0
2025-04-15,36.55851745605469,36.64639865985058,36.53898788577953,36.55851745605469,17000,0.0,0.0,0.0
2025-04-16,36.597582173705,36.617111746956276,36.48626770354651,36.54973602294922,6800,0.0,0.0,0.0
2025-04-17,36.68545791266494,36.70498748299986,36.58781378587498,36.626869201660156,36400,0.0,0.0,0.0
2025-04-21,36.509697090795825,36.509697090795825,36.18746847848115,36.26558303833008,6500,0.0,0.0,0.0
2025-04-22,36.59757893285131,36.636638075895014,36.558519789807605,36.60734558105469,5500,0.0,0.0,0.0
2025-04-23,37.09557560547048,37.11510145311333,36.734284101031164,36.763580322265625,9300,0.0,0.0,0.0
2025-04-24,36.939338307843634,37.0809211730957,36.9198087376643,37.0809211730957,6700,0.0,0.0,0.0
2025-04-25,37.17368799425903,37.25668587897963,37.12486592824015,37.25473403930664,16000,0.0,0.0,0.0
2025-04-28,37.25180929310171,37.3201609360341,37.144398504240755,37.310394287109375,15000,0.0,0.0,0.0
2025-04-29,37.21275135849746,37.36898422241211,37.21275135849746,37.36898422241211,13000,0.0,0.0,0.0
2025-04-30,37.06627498281848,37.202978249396224,37.056512060156344,37.11509704589844,8700,0.0,0.0,0.0
2025-05-01,37.22642080867952,37.22642080867952,37.05895414479837,37.097373962402344,13400,0.333,0.0,0.0
2025-05-02,37.12790774683992,37.12790774683992,37.00477193793951,37.049102783203125,35300,0.0,0.0,0.0
2025-05-05,37.04910264589661,37.068804826184454,36.94074253321678,36.95158004760742,6300,0.0,0.0,0.0
2025-05-06,36.970294814440024,37.10820632196716,36.95059263367804,37.090476989746094,27800,0.0,0.0,0.0
2025-05-07,37.2461179173794,37.2461179173794,37.162382717939856,37.177162170410156,6800,0.0,0.0,0.0
2025-05-08,37.21656503496403,37.23626721498365,37.06880432152678,37.083580017089844,6700,0.0,0.0,0.0
2025-05-09,37.16731262207031,37.191941287313995,37.137761230023266,37.16731262207031,6500,0.0,0.0,0.0
2025-05-12,37.364328095444364,37.364328095444364,37.27567016760683,37.30522155761719,17600,0.0,0.0,0.0
2025-05-13,37.413585326200476,37.42244999250983,37.38403393329808,37.40373611450195,2200,0.0,0.0,0.0
2025-05-14,37.35447714511508,37.35447714511508,37.23626782088049,37.2559700012207,7500,0.0,0.0,0.0
2025-05-15,37.29537633236175,37.512096569747555,37.292418938360804,37.4135856628418,7900,0.0,0.0,0.0
2025-05-16,37.53179132438891,37.53179132438891,37.42343497409529,37.50027084350586,5000,0.0,0.0,0.0
2025-05-19,37.295372922815055,37.462835812535076,37.295372922815055,37.42343521118164,6000,0.0,0.0,0.0
2025-05-20,37.462838256114956,37.50224261784513,37.42836037905275,37.43821334838867,4500,0.0,0.0,0.0
2025-05-21,37.30522686579208,37.36433341202955,37.10820880280751,37.116092681884766,3700,0.0,0.0,0.0
2025-05-22,37.127905978596964,37.240208025524765,37.08948992285854,37.23922348022461,2900,0.0,0.0,0.0
2025-05-23,37.285523412647386,37.30522559405489,37.08850911418603,37.20671844482422,41700,0.0,0.0,0.0
2025-05-27,37.43328454659067,37.53179168701172,37.41358236694516,37.53179168701172,2100,0.0,0.0,0.0
2025-05-28,37.502244017220846,37.502244017220846,37.423439048626705,37.44511032104492,11400,0.0,0.0,0.0
2025-05-29,37.581053290613866,37.610604684540924,37.521946744952785,37.57415771484375,8900,0.0,0.0,0.0
2025-05-30,37.561343914874016,37.64014886952222,37.561343914874016,37.638179779052734,15600,0.0,0.0,0.0
2025-06-02,37.55997282593722,37.589674899103194,37.460975986016955,37.57977294921875,48300,0.189,0.0,0.0
2025-06-03,37.658971348091946,37.688669643119,37.6193711037311,37.67382049560547,16700,0.0,0.0,0.0
2025-06-04,37.81737149327878,37.90647016178378,37.8064801034611,37.856971740722656,4900,0.0,0.0,0.0
2025-06-05,37.90646849097359,37.90646849097359,37.786678314208984,37.786678314208984,7100,0.0,0.0,0.0
2025-06-06,37.757971266858384,37.78766956431142,37.73817114306054,37.751041412353516,18900,0.0,0.0,0.0
2025-06-09,37.74807320052167,37.84707004330487,37.74807320052167,37.78272247314453,7200,0.0,0.0,0.0
2025-06-10,37.89656554200711,37.95101493428483,37.855975857709645,37.93022537231445,4500,0.0,0.0,0.0
2025-06-11,37.98765006587025,38.06486790592147,37.985667409929185,38.04704666137695,13900,0.0,0.0,0.0
2025-06-12,38.06486804735115,38.11139815009512,38.04506792327951,38.094566345214844,2400,0.0,0.0,0.0
2025-06-13,37.97576879340872,37.97576879340872,37.80746962963109,37.896568298339844,5500,0.0,0.0,0.0
2025-06-16,38.01536821551014,38.0163576552039,37.91636759882366,37.93418884277344,1600,0.0,0.0,0.0
2025-06-17,37.995566281389394,38.015366403783055,37.94606786364883,37.969825744628906,14600,0.0,0.0,0.0
2025-06-18,38.03516366445508,38.03516366445508,37.93319850758182,37.95596694946289,4800,0.0,0.0,0.0
2025-06-20,37.965867217133976,38.02427814929556,37.965867217133976,38.0153694152832,3400,0.0,0.0,0.0
2025-06-23,38.00546867635015,38.129216622692255,38.00546867635015,38.104469299316406,8300,0.0,0.0,0.0
2025-06-24,38.153965512144,38.36186114359749,38.153965512144,38.33612060546875,3600,0.0,0.0,0.0
2025-06-25,38.25296176420187,38.29157257080078,38.165841977677,38.29157257080078,3000,0.0,0.0,0.0
2025-06-26,38.292562206414004,38.362850189208984,38.27276208317125,38.362850189208984,5100,0.0,0.0,0.0
2025-06-27,38.31236281365089,38.43115977812078,38.31236281365089,38.35988235473633,7400,0.0,0.0,0.0
2025-06-30,38.47076064672403,38.5737190246582,38.44205178896606,38.5737190246582,2400,0.0,0.0,0.0
2025-07-01,38.654307734180584,38.6941071617011,38.614512102142385,38.6662483215332,5400,0.195,0.0,0.0
2025-07-02,38.58466182102245,38.642372131347656,38.57471386157738,38.642372131347656,14500,0.0,0.0,0.0
2025-07-03,38.63441067903496,38.773704875775536,38.624458924706516,38.71500015258789,4900,0.0,0.0,0.0
2025-07-07,38.6543081594233,38.6543081594233,38.554813385009766,38.554813385009766,3300,0.0,0.0,0.0
2025-07-08,38.45531991454637,38.45531991454637,38.40556873017028,38.42546844482422,5100,0.0,0.0,0.0
2025-07-09,38.52496679470755,38.66127395629883,38.52496679470755,38.66127395629883,3600,0.0,0.0,0.0
2025-07-10,38.61451083357324,38.65430646430407,38.554811694253715,38.640377044677734,2600,0.0,0.0,0.0
2025-07-11,38.55481415427592,38.55481415427592,38.43541966350098,38.462284088134766,13100,0.0,0.0,0.0
2025-07-14,38.46526492920358,38.485164642333984,38.46526492920358,38.485164642333984,800,0.0,0.0,0.0
2025-07-15,38.53491215629242,38.53491215629242,38.35581853300202,38.37969970703125,1900,0.0,0.0,0.0
2025-07-16,38.38567336693676,38.41552104160871,38.33592218184012,38.38865661621094,4000,0.0,0.0,0.0
2025-07-17,38.385673259331575,38.449350069678424,38.385673259331575,38.4165153503418,3600,0.0,0.0,0.0
2025-07-18,38.4951149341011,38.56476203653729,38.45034342345602,38.5150146484375,14900,0.0,0.0,0.0
2025-07-21,38.66426038575292,38.79360663045407,38.64834213256836,38.64834213256836,3800,0.0,0.0,0.0
2025-07-22,38.704058940424844,38.81350167295095,38.704058940424844,38.76873016357422,2100,0.0,0.0,0.0
2025-07-23,38.783653259277344,38.80355297266992,38.763753545884775,38.783653259277344,4400,0.0,0.0,0.0
2025-07-24,38.733907353718074,38.81350241484777,38.733907353718074,38.753807067871094,4800,0.0,0.0,0.0
2025-07-25,38.79360591505319,38.876188019584085,38.783654160384565,38.86822509765625,5000,0.0,0.0,0.0
2025-07-28,38.84335375009916,38.87320142348475,38.83340199531572,38.85927200317383,3000,0.0,0.0,0.0
2025-07-29,38.93290111523582,39.00254821777344,38.93290111523582,39.00254821777344,4000,0.0,0.0,0.0
2025-07-30,38.95280080854629,38.98264848233702,38.90006637573242,38.90006637573242,3700,0.0,0.0,0.0
2025-07-31,39.00354324888603,39.00354324888603,38.913002014160156,38.913002014160156,1800,0.0,0.0,0.0
2025-08-01,38.974998474121094,39.06999969482422,38.974998474121094,39.060001373291016,1400,0.197,0.0,0.0
2025-08-04,39.15999984741211,39.2400016784668,39.15999984741211,39.23500061035156,3300,0.0,0.0,0.0
2025-08-05,39.244998931884766,39.244998931884766,39.22999954223633,39.23400115966797,1000,0.0,0.0,0.0
2025-08-06,39.16999816894531,39.23500061035156,39.16999816894531,39.23500061035156,1300,0.0,0.0,0.0
