Date,Open,High,Low,Close,Volume,Dividends,StockSplits
2023-02-16,259.41037480496044,262.08288660517877,257.32739339893584,257.5730285644531,29603600,0.0,0.0
2023-02-17,254.8612392443018,255.548999723687,251.53041197430025,253.554443359375,30000100,0.0,0.0
2023-02-21,250.03692573640924,251.02930132977812,247.1973840242919,248.25852966308594,28397400,0.0,0.0
2023-02-22,249.6537463098398,249.89938146855127,245.9692189291674,247.11878967285156,22491100,0.0,0.0
2023-02-23,251.09805405544392,252.35570472747875,246.10674639163997,250.3218536376953,29219100,0.0,0.0
2023-02-24,245.59585986981725,246.6176955175455,243.7683337176813,244.8687744140625,24990900,0.0,0.0
2023-02-27,248.05220476132266,248.40591997457756,245.03579794379073,245.7923583984375,21190000,0.0,0.0
2023-02-28,244.72141211898165,247.09915874368357,244.38733689663675,245.06529235839844,22491000,0.0,0.0
2023-03-01,246.38187354348958,246.5489036451056,241.49864560005906,241.97027587890625,27565300,0.0,0.0
2023-03-02,242.24538633521718,247.01069921844766,241.3217957785109,246.72576904296875,24808200,0.0,0.0
2023-03-03,247.7868819706569,251.15698856523332,247.00084660112182,250.83274841308594,30760100,0.0,0.0
2023-03-06,251.9528878516763,255.57846519382255,251.5107475643761,252.3852081298828,24109800,0.0,0.0
2023-03-07,251.8251332062513,253.19087897555727,248.96595157458177,249.71267700195312,21473200,0.0,0.0
2023-03-08,249.6045985239911,250.09586880646756,246.43099669705938,249.27053833007812,17340200,0.0,0.0
2023-03-09,251.35354977883682,255.02824211967837,247.18757213332034,247.91465759277344,26653400,0.0,0.0
2023-03-10,246.69631809078805,248.37645427390922,243.27708068958228,244.24978637695312,28333900,0.0,0.0
2023-03-13,243.08052576031324,253.40703652265023,241.43968484300973,249.4866943359375,33339700,0.0,0.0
2023-03-14,252.2673132455693,256.51189607276245,251.39285266205692,256.2367858886719,33620300,0.0,0.0
2023-03-15,255.44090936840504,261.8274231030396,254.6843339357489,260.8055725097656,46028000,0.0,0.0
2023-03-16,260.57954556148786,271.73138571783875,258.6832496805038,271.377685546875,54768800,0.0,0.0
2023-03-17,273.4017443911038,278.38320221583945,271.4956133158903,274.5513000488281,69527400,0.0,0.0
2023-03-20,272.14414989852503,272.63542027744046,265.1386294976282,267.4770812988281,43466600,0.0,0.0
2023-03-21,270.0808008005152,270.19870089061436,264.81436689289745,269.0,34558700,0.0,0.0
2023-03-22,268.62661650670384,276.1332417111231,267.4279156750732,267.5360107421875,34873300,0.0,0.0
2023-03-23,273.08736605749635,276.15288826078046,270.395214119826,272.812255859375,36610900,0.0,0.0
2023-03-24,272.39954031928613,275.7303672722425,270.47376918164593,275.6714172363281,28172000,0.0,0.0
2023-03-27,275.6026587216582,276.5458893718172,270.7095953765777,271.5545959472656,26840200,0.0,0.0
2023-03-28,270.9749030001552,271.31879823570057,267.30018046098104,270.4246826171875,21878600,0.0,0.0
2023-03-29,274.0895621409819,276.23152378719624,273.5491767166371,275.6125183105469,25087000,0.0,0.0
2023-03-30,279.26751729823314,279.4934824393244,276.56553072790194,279.09063720703125,25053400,0.0,0.0
2023-03-31,278.77626112609994,284.21951457614847,278.05899567842283,283.2664489746094,32766000,0.0,0.0
2023-04-03,281.5175235068159,283.23696956652316,278.99241693897744,282.21514892578125,24883300,0.0,0.0
2023-04-04,282.2151301252811,285.37891186376925,280.6823692815174,282.1659851074219,25824300,0.0,0.0
2023-04-05,280.8591643186145,282.1364547764128,277.9803282968948,279.3755187988281,22064800,0.0,0.0
2023-04-06,278.2653199230616,286.9804504038719,277.10592919060144,286.50885009765625,29770300,0.0,0.0
2023-04-10,284.1605222699036,284.54372744768915,279.7390901341014,284.33740234375,23103000,0.0,0.0
2023-04-11,280.76099975689954,280.98699490817353,276.72277194835743,277.8919677734375,27276600,0.0,0.0
2023-04-12,279.81775661090296,281.9989980260232,277.0371498147004,278.5404357910156,27403400,0.0,0.0
2023-04-13,278.6386926187293,284.83852157200124,278.2260423471424,284.7795715332031,24222700,0.0,0.0
2023-04-14,281.9891661216718,283.443337075977,278.7369589738927,281.1441955566406,20987900,0.0,0.0
2023-04-17,284.8680579267756,286.50891431931285,281.16388976252864,283.7577819824219,23836200,0.0,0.0
2023-04-18,286.47937759362446,286.66606271139386,281.99899473668074,283.3352355957031,20161800,0.0,0.0
2023-04-19,280.99677740499226,284.00334925083666,279.5721115217609,283.4138488769531,17150300,0.0,0.0
2023-04-20,280.2697753617716,283.98377854754307,280.10273022522614,281.11474609375,23244400,0.0,0.0
2023-04-21,280.03393797172913,281.2719188794291,278.1179715890854,280.7708435058594,21676400,0.0,0.0
2023-04-24,277.1648535144223,279.9749350122071,273.85369673777154,276.8504333496094,26611000,0.0,0.0
2023-04-25,274.6299462973571,276.6834526548498,270.56221361928937,270.6113586425781,45772200,0.0,0.0
2023-04-26,291.5198391418934,294.33972616743455,287.61915134399425,290.2130432128906,64599200,0.0,0.0
2023-04-27,290.8025771762299,299.87143878760514,290.0951466606812,299.50787353515625,46462600,0.0,0.0
2023-04-28,298.7021896959071,303.5362728554159,298.0143992536934,301.89544677734375,36469600,0.0,0.0
2023-05-01,301.6105141326076,303.2120602406596,299.822282896331,300.2251281738281,21294100,0.0,0.0
2023-05-02,302.38673543104494,303.78192643359597,298.6039477390434,300.0777587890625,26404400,0.0,0.0
2023-05-03,301.26659903403873,303.2218452657529,298.78077247368105,299.0853576660156,22360800,0.0,0.0
2023-05-04,300.8932543767775,302.38673543104494,298.10284238691287,300.0777587890625,22519900,0.0,0.0
2023-05-05,300.38230891776885,306.52318757549443,298.9576130752729,305.2262268066406,28197100,0.0,0.0
2023-05-08,304.71534040836775,304.78412545107415,300.74586773679005,303.26116943359375,21318600,0.0,0.0
2023-05-09,302.62255541276465,304.62694696772616,300.9620591222706,301.6400146484375,21340800,0.0,0.0
2023-05-10,303.23169187465317,307.53522473722796,302.29829624410297,306.8572692871094,30078000,0.0,0.0
2023-05-11,304.68578214389635,305.6879625511585,300.9128306295086,304.6955871582031,31680200,0.0,0.0
2023-05-12,305.12799310648273,305.2262531704453,301.24697545043415,303.5755920410156,19774700,0.0,0.0
2023-05-15,303.7033066112777,304.48932710036144,302.2196607045156,304.0570068359375,16336500,0.0,0.0
2023-05-16,304.42058479618925,308.2328476714044,304.42058479618925,306.2972412109375,26730300,0.0,0.0
2023-05-17,307.50839072780883,309.6156085646195,305.9821054697701,309.19219970703125,24315000,0.68,0.0
2023-05-18,309.71407729634495,314.1550321133072,308.91648200354047,313.6429748535156,27276000,0.0,0.0
2023-05-19,311.8902211734482,313.8694546447181,311.5258912419883,313.4657287597656,27546700,0.0,0.0
2023-05-22,313.72178477500375,317.65068255774975,313.1408221240689,316.26226806640625,24115700,0.0,0.0
2023-05-23,315.129844956525,317.7786593037001,310.4230353450579,310.4328918457031,30797200,0.0,0.0
2023-05-24,309.9110253250696,311.6539131682788,307.82346044326306,309.04449462890625,23384900,0.0,0.0
2023-05-25,318.29072976190264,321.8946936022039,315.10034835094876,320.9297180175781,43301700,0.0,0.0
2023-05-26,319.058786228864,328.29517001444793,318.9209454523759,327.7929992675781,36630600,0.0,0.0
2023-05-30,330.0971389039491,330.59930960813324,325.45923440138364,326.138671875,29503100,0.0,0.0
2023-05-31,327.20218753857415,330.7962949649811,322.31811038320245,323.3619079589844,45950600,0.0,0.0
2023-06-01,320.9395585423524,328.4231981539049,319.74809371199206,327.48773193359375,26773900,0.0,0.0
2023-06-02,329.13217098269604,332.3324089952428,327.4581883098545,330.2645568847656,25873800,0.0,0.0
2023-06-05,330.0872268058912,333.37608225813574,329.53580373906595,330.79620361328125,21307100,0.0,0.0
2023-06-06,330.19556121403355,330.23495716570153,327.08397218930753,328.5708312988281,20396200,0.0,0.0
2023-06-07,326.57192107899317,329.36843269361947,317.5620276985379,318.4285583496094,40717100,0.0,0.0
2023-06-08,318.97998914840355,321.6386600689706,318.3990265502694,320.27978515625,23277700,0.0,0.0
2023-06-09,320.0139195478964,324.93736225634893,319.44281341585213,321.786376953125,22529000,0.0,0.0
2023-06-12,323.54896991488965,327.0150930506813,320.1813517003694,326.7689208984375,24260300,0.0,0.0
2023-06-13,329.34877603115035,331.8203538740593,325.3312600240495,329.1715393066406,22951300,0.0,0.0
2023-06-14,329.2207392790675,333.8487871057347,327.71416712277926,332.1748046875,26003800,0.0,0.0
2023-06-15,332.312663682813,344.48339830870674,332.0369521231739,342.7700500488281,38899100,0.0,0.0
2023-06-16,345.9407483756996,346.088445630965,336.7142225430132,337.08837890625,46552000,0.0,0.0
2023-06-20,334.11461836641786,336.8421944144013,330.71743136867053,332.8739013671875,26375400,0.0,0.0
2023-06-21,331.2197008440699,332.55889297136713,326.98555186795784,328.4527282714844,25117800,0.0,0.0
2023-06-22,329.0041394344266,334.91227084067236,328.236083553627,334.508544921875,23556800,0.0,0.0
2023-06-23,329.2404218291187,332.78530632497916,328.34438176725655,329.89031982421875,23146900,0.0,0.0
2023-06-26,328.61026513447996,330.9636551501701,323.4603331837818,323.56866455078125,21520600,0.0,0.0
2023-06-27,326.7787076649522,331.0030296985232,324.2579075361374,329.4472351074219,24354100,0.0,0.0
2023-06-28,329.53585987238114,332.80503293279156,328.6988686300646,330.7076416015625,20259500,0.0,0.0
2023-06-29,329.5851008516896,330.9636588312666,327.52710535890856,329.9198913574219,16997000,0.0,0.0
2023-06-30,332.5785468035808,337.48230643910676,332.0369801390501,335.3258361816406,26832800,0.0,0.0
2023-07-03,333.99645742411604,335.6802661570113,331.4165786502413,332.8148193359375,12508700,0.0,0.0
2023-07-05,329.9592676867089,336.41882187846574,329.6047942488933,332.972412109375,18172400,0.0,0.0
2023-07-06,332.13537218597827,337.73825136478087,330.3629451560821,336.0445861816406,28161200,0.0,0.0
2023-07-07,334.1244923820167,336.5566740578288,331.84000796378285,332.056640625,21214800,0.0,0.0
2023-07-10,329.4767824384207,330.0971410096197,322.5741063466411,326.7491760253906,32791400,0.0,0.0
2023-07-11,325.99098010741216,327.7634074291619,321.9931471069892,327.37939453125,26698200,0.0,0.0
2023-07-12,331.44616817134346,336.4188332721777,330.5304150423304,332.0369873046875,29995300,0.0,0.0
2023-07-13,334.36079003414267,338.47678032587305,333.82904988511615,337.413330078125,20567200,0.0,0.0
2023-07-14,342.2678507449193,346.0490507428633,339.03807386853134,339.9538269042969,28352700,0.0,0.0
2023-07-17,340.3871183937117,341.67705794335393,336.96042159632077,340.4363708496094,20363900,0.0,0.0
2023-07-18,340.5347789596811,361.16401313001876,336.93084583021295,353.9856262207031,64738600,0.0,0.0
2023-07-19,356.21107416498864,356.9101946041354,347.04362639492615,349.6431884765625,39732900,0.0,0.0
2023-07-20,348.15635507516674,352.4889788996425,340.0818965452214,341.5589294433594,33778400,0.0,0.0
2023-07-21,343.80400747725736,344.9363933202969,334.6267028122205,338.5063781738281,69405400,0.0,0.0
2023-07-24,340.5544955279168,341.60811934772215,337.0686901125497,339.8258056640625,26678100,0.0,0.0
2023-07-25,341.79518755329605,346.5020271113136,339.78644478620345,345.60595703125,41637700,0.0,0.0
2023-07-26,336.21202538513404,339.3925798836245,328.00955380229783,332.59820556640625,58383700,0.0,0.0
2023-07-27,335.2667271305917,336.1036882550132,324.01171554866875,325.6561584472656,39635300,0.0,0.0
2023-07-28,328.5609781023416,334.80389869488613,328.0686339226428,333.1889953613281,28484900,0.0,0.0
2023-07-31,331.7612693303981,332.52932517386967,328.2557505534437,330.7765808105469,25446000,0.0,0.0
2023-08-01,330.0577387535238,333.3564512189415,328.5905625133595,331.19012451171875,18311900,0.0,0.0
2023-08-02,328.52161875649267,328.52161875649267,321.3629143538821,322.4854736328125,27761300,0.0,0.0
2023-08-03,321.0084576833229,324.82905395091615,320.9592352774214,321.6583557128906,18253700,0.0,0.0
2023-08-04,326.79839796975773,330.00849183831787,322.22942927216775,322.76116943359375,23741500,0.0,0.0
2023-08-07,323.34216307349016,326.0401999902519,322.50517182513227,325.0555114746094,17741500,0.0,0.0
2023-08-08,321.9537483771396,323.71634923267544,318.05439027271234,321.05767822265625,22327600,0.0,0.0
2023-08-09,321.4712425475284,322.101427535395,316.134217875359,317.2961730957031,22373300,0.0,0.0
2023-08-10,321.0281269074305,323.2338495332389,316.2622382780474,317.9854431152344,20113700,0.0,0.0
2023-08-11,315.3563627423326,317.4734371020371,314.32242174086554,316.0948791503906,24355500,0.0,0.0
2023-08-14,316.46907252216096,319.0981741641378,315.17910285494025,319.0784912109375,18836100,0.0,0.0
2023-08-15,318.05438303591984,320.11237837893884,315.98653119187856,316.93182373046875,16966300,0.0,0.0
2023-08-16,316.55690427692053,320.12904938898345,315.5701308469875,316.1622009277344,20698900,0.68,0.0
2023-08-17,316.30034537916515,317.6127407149827,312.02759981073376,312.6887512207031,21257200,0.0,0.0
2023-08-18,310.3303071193683,314.1688694839408,307.4291913799028,312.29400634765625,24755000,0.0,0.0
2023-08-21,313.7248527414595,318.5008322758043,312.8466400945614,317.62261962890625,24040000,0.0,0.0
2023-08-22,321.1947150908699,321.7670303653258,317.2081424532329,318.1949157714844,16084600,0.0,0.0
2023-08-23,319.5369338888436,324.8457790055064,319.18167984531766,322.67486572265625,21166400,0.0,0.0
2023-08-24,328.44753067209507,328.5758160317228,315.7280071510717,315.7378845214844,23281400,0.0,0.0
2023-08-25,317.21800107114086,321.05653339298726,314.58330321702437,318.7080383300781,21684100,0.0,0.0
2023-08-28,321.3525852347555,321.83609449836024,317.46469615983295,319.41851806640625,14808500,0.0,0.0
2023-08-29,317.62256478776396,324.6286605824637,317.62256478776396,324.0661926269531,19284600,0.0,0.0
2023-08-30,324.3227846525076,325.4476905236703,322.1321467834745,324.4411926269531,15222100,0.0,0.0
2023-08-31,324.84582185633815,326.53319597235986,322.45781693019813,323.42486572265625,26411000,0.0,0.0
2023-09-01,326.92783979218484,327.59883836815857,322.457758218764,324.3128967285156,14942000,0.0,0.0
2023-09-05,324.64837765053704,330.42100680175923,324.31287838153,329.13818359375,18553900,0.0,0.0
2023-09-06,328.9704679193529,330.03616976955755,325.81278150242235,328.4770812988281,17535800,0.0,0.0
2023-09-07,326.90816935169704,328.6744720623306,324.6780518228213,325.5464172363281,18381000,0.0,0.0
2023-09-08,325.72398875980934,331.7137098037089,325.1023167744585,329.84869384765625,19530100,0.0,0.0
2023-09-11,332.779430943847,333.94384636953174,330.9933736107888,333.4701843261719,16583300,0.0,0.0
2023-09-12,331.37819404327416,332.33536528300334,327.0956018294752,327.3817443847656,17565500,0.0,0.0
2023-09-13,326.92781766085665,332.3945494732388,326.7896850758268,331.614990234375,16544400,0.0,0.0
2023-09-14,334.6641837585193,336.3515577961035,332.11832170381217,334.22015380859375,20267000,0.0,0.0
2023-09-15,332.4636572367329,332.93728912466776,325.2897964234444,325.8522644042969,37679800,0.0,0.0
2023-09-18,323.4642671224755,326.0298836572718,322.043311199017,324.7076110839844,16834200,0.0,0.0
2023-09-19,321.85589132300237,325.0333028577392,320.2178438745172,324.3030700683594,16505900,0.0,0.0
2023-09-20,325.1516397386993,325.2305683428645,316.2706811307051,316.5272216796875,21436500,0.0,0.0
2023-09-21,315.0372319704766,321.046677345135,310.8335683618871,315.30364990234375,35560400,0.0,0.0
2023-09-22,317.0700071580314,317.1982925065449,311.96837589582117,312.8170166015625,21447900,0.0,0.0
2023-09-25,312.40258010087473,313.46831221282724,310.83361404365974,313.34002685546875,17836000,0.0,0.0
2023-09-26,310.9618559252266,311.7019358551928,305.9194290098136,308.01141357421875,26297600,0.0,0.0
2023-09-27,308.16929263193225,310.1428392517049,305.593828747816,308.65283203125,19410100,0.0,0.0
2023-09-28,306.8766039400304,311.3072363180732,305.3569948142918,309.4915771484375,19683600,0.0,0.0
2023-09-29,313.5472160333315,315.24446731366316,310.81386483371,311.57366943359375,24147300,0.0,0.0
2023-10-02,312.09666228896396,317.6324762351651,311.0112056216763,317.54364013671875,20570000,0.0,0.0
2023-10-03,316.5865005634567,317.13912137906925,307.093745156998,309.24493408203125,21033500,0.0,0.0
2023-10-04,309.87639563246836,315.80691237012786,309.8467936401809,314.7411804199219,20720100,0.0,0.0
2023-10-05,314.86947683543065,315.74771949407113,310.73489445489207,315.1358947753906,16965600,0.0,0.0
2023-10-06,312.36306369557445,324.8358921681667,312.1163703803469,322.9314270019531,25673600,0.0,0.0
2023-10-09,320.45463265375236,325.93121248263185,318.9053913285908,325.45758056640625,19891200,0.0,0.0
2023-10-10,326.58249336445317,326.720656085552,323.3360307858184,324.0465087890625,20557100,0.0,0.0
2023-10-11,326.82917598535187,328.4178966562557,324.786578142663,328.023193359375,20063200,0.0,0.0
2023-10-12,326.19768402743284,329.2172081664268,324.37214724843665,326.7798767089844,19313100,0.0,0.0
2023-10-13,327.9837540505877,329.4145574407589,322.0433587912117,323.395263671875,21072400,0.0,0.0
2023-10-16,326.6712689412733,331.69397123136065,326.2272390517875,328.2402648925781,22158000,0.0,0.0
2023-10-17,325.23060698695457,329.04941482391666,323.07944842920335,327.6679382324219,18338500,0.0,0.0
2023-10-18,328.0922693438246,331.1512728246969,323.9576864994265,325.7437438964844,23153600,0.0,0.0
2023-10-19,327.75672215339745,332.42417036991503,326.53313298528315,326.9377136230469,25052100,0.0,0.0
2023-10-20,327.33243622169937,327.5298029248246,321.1453785484329,322.3492431640625,25027700,0.0,0.0
2023-10-23,321.1650893461635,328.329072743361,320.09938749138905,324.96417236328125,24374700,0.0,0.0
2023-10-24,326.91800778434316,327.4508738398732,323.2669643574704,326.158203125,31153600,0.0,0.0
2023-10-25,340.4565021251705,341.6209174681372,333.15438596388094,336.1640625,55053800,0.0,0.0
2023-10-26,336.0357446808875,337.11132382551597,322.61562350867393,323.5530700683594,37828500,0.0,0.0
2023-10-27,326.059518061042,332.2663310024127,324.0563693205719,325.4477233886719,29856500,0.0,0.0
2023-10-30,329.0001007639954,334.9602201307453,327.44098203313024,332.8485107421875,22828100,0.0,0.0
2023-10-31,334.368141661427,334.5161516349393,330.2631610837394,333.6379089355469,20265300,0.0,0.0
2023-11-01,335.29571010602456,342.82479524967096,335.15754738848574,341.4926452636719,28158800,0.0,0.0
2023-11-02,342.64712815086057,344.2160939793093,340.2097970582298,343.7128601074219,24348100,0.0,0.0
2023-11-03,345.00555147993623,349.7026019942071,342.7359548361638,348.13360595703125,23637700,0.0,0.0
2023-11-06,348.77505187557927,352.810951254989,348.6763685179985,351.8143005371094,23828300,0.0,0.0
2023-11-07,354.6463243893139,357.66584833262294,352.8997464578491,355.7613830566406,25833900,0.0,0.0
2023-11-08,356.8961425131314,359.0571783438661,355.7810839202766,358.39605712890625,26767800,0.0,0.0
2023-11-09,357.5079716401421,359.9650577521111,355.59362893748545,355.9192810058594,24847300,0.0,0.0
2023-11-10,356.7086886877949,365.2048228913201,356.2942607445592,364.780517578125,28042100,0.0,0.0
2023-11-13,363.3496870103211,363.5963803497688,361.0603655929023,361.8300476074219,19986500,0.0,0.0
2023-11-14,366.1027607739128,367.03033005742196,362.4911669897253,365.3725280761719,27683900,0.0,0.0
2023-11-15,367.1128197102885,368.9420616823199,362.98960975360205,365.5209045410156,26860100,0.75,0.0
2023-11-16,366.79639155264005,372.12590947641365,366.02514736390873,371.94793701171875,27182300,0.0,0.0
2023-11-17,369.41663021620167,370.1681097203814,362.88083457344084,365.6988525390625,40157000,0.0,0.0
2023-11-20,367.0534854259764,374.61761697588884,366.83595346489807,373.20367431640625,52465100,0.0,0.0
2023-11-21,371.45354494039043,371.9973597461241,366.9545954086588,368.8827209472656,28423100,0.0,0.0
2023-11-22,373.75734968023374,375.52726727191356,370.7613594334498,373.6090393066406,23345300,0.0,0.0
2023-11-24,373.09484194903376,373.72767308517814,370.92945022860397,373.1937255859375,10176600,0.0,0.0
2023-11-27,372.55105716724864,376.3677485982953,371.97758030717006,374.3605041503906,22179200,0.0,0.0
2023-11-28,374.1034504184605,378.70125333384794,373.91558054196696,378.4046325683594,20453100,0.0,0.0
2023-11-29,379.45270281593014,379.9866201515638,373.20363100030266,374.5978088378906,28963400,0.0,0.0
2023-11-30,374.24189676114656,375.8239447266378,371.255803480385,374.6571960449219,30554400,0.0,0.0
2023-12-01,372.5312646095913,373.9155450087437,367.1424232065823,370.3065185546875,33040500,0.0,0.0
2023-12-04,364.9572666786292,365.3725357450279,358.82684275276864,364.996826171875,32063300,0.0,0.0
2023-12-05,362.3369890872158,368.89254883397666,361.51628808242225,368.3388366699219,23065000,0.0,0.0
2023-12-06,369.34737143228193,369.98017234004027,363.8992063711221,364.6605529785156,21182100,0.0,0.0
2023-12-07,364.0970571720749,367.2809176222543,362.2084910807366,366.7865295410156,23118900,0.0,0.0
2023-12-08,365.05618109677266,370.2571233325587,364.0970669863145,370.02972412109375,20154400,0.0,0.0
2023-12-11,364.34421229449237,367.42918876388495,361.9909204511594,367.1325378417969,27708800,0.0,0.0
2023-12-12,366.6876305328375,370.2175685270605,366.301993361596,370.1780090332031,24838300,0.0,0.0
2023-12-13,371.7995959454895,373.40143865073276,366.60852117355006,370.1681213378906,30955500,0.0,0.0
2023-12-14,369.1200181959737,369.5649795287377,360.0430604780347,361.8228454589844,43277500,0.0,0.0
2023-12-15,362.73254387781907,368.22023954945644,362.1689342190952,366.5690002441406,78502300,0.0,0.0
2023-12-18,365.30334181505793,368.813484896194,364.5419649068583,368.4674072265625,21802900,0.0,0.0
2023-12-19,367.3204340997758,369.0705871582031,365.68895952374146,369.0705871582031,20603700,0.0,0.0
2023-12-20,370.79101848445333,371.809456608222,366.3711883371166,366.4601745605469,26316700,0.0,0.0
2023-12-21,368.3784007227526,370.2076424400769,365.8866959536453,369.347412109375,17708000,0.0,0.0
2023-12-22,369.4858399809148,370.9690041075322,368.5267259720335,370.375732421875,17107500,0.0,0.0
2023-12-26,370.79107530680284,372.7093035503944,369.30791100557565,370.45489501953125,12673100,0.0,0.0
2023-12-27,369.4957507248787,370.8503691813732,368.6256229112042,369.8714904785156,14905400,0.0,0.0
2023-12-28,371.1568573163463,372.234619578968,369.9604467569295,371.06787109375,14327000,0.0,0.0
2023-12-29,371.77980696276984,372.92679083929943,369.2881020982719,371.8193664550781,18730800,0.0,0.0
2024-01-02,369.6637976615887,371.68090924219496,362.653379124267,366.7073669433594,25258600,0.0,0.0
2024-01-03,364.86824891860044,369.07054700501,364.3738609084346,366.4403991699219,23083500,0.0,0.0
2024-01-04,366.5096417702584,368.91236039556355,363.0489255004596,363.8102722167969,20901500,0.0,0.0
2024-01-05,364.8287446578594,367.88405940220275,362.38646631091734,363.6224365234375,21004600,0.0,0.0
2024-01-08,365.1550098059731,370.988813066157,364.86828645661416,370.4845275878906,23134000,0.0,0.0
2024-01-09,367.83460167151895,371.76991118457596,367.0237980384077,371.5721740722656,20830000,0.0,0.0
2024-01-10,372.14565492996707,379.85812659429405,372.0962281951205,378.47381591796875,25514200,0.0,0.0
2024-01-11,381.6675761983364,386.29504112370273,376.1106593210736,380.3129577636719,27850800,0.0,0.0
2024-01-12,381.1632995596287,384.3174978189153,380.33273123391484,384.10986328125,21661200,0.0,0.0
2024-01-16,389.2416139939335,389.6074563331201,383.2693977344923,385.8896484375,27202300,0.0,0.0
2024-01-17,383.6253660644491,385.7314338319448,380.4909325183697,385.0986328125,22234100,0.0,0.0
2024-01-18,387.32338662433057,389.56789757510035,385.74133878224427,389.4492492675781,23392100,0.0,0.0
2024-01-19,391.31809210774895,394.1954345703125,389.08344816241197,394.1954345703125,29331100,0.0,0.0
2024-01-22,395.53021503062706,396.1234867411943,389.17239178292385,392.05963134765625,27016900,0.0,0.0
2024-01-23,391.30815176623645,394.89741393072353,389.5085719753557,394.42279052734375,20525900,0.0,0.0
2024-01-24,397.03314629680017,401.07723674810927,395.95538401589334,398.04168701171875,24867000,0.0,0.0
2024-01-25,399.78199083712803,402.44180116533613,398.0120730325646,400.3258056640625,21021200,0.0,0.0
2024-01-26,399.83139569486946,401.61121081981145,397.9131676038507,399.3963317871094,17803300,0.0,0.0
2024-01-29,401.5024138062242,405.37842932819404,399.7918203197978,405.121337890625,24510200,0.0,0.0
2024-01-30,407.6328499314226,408.4139613345208,401.8880631298829,404.0040283203125,33477600,0.0,0.0
2024-01-31,402.39234000988097,410.6585244475091,392.7517723927337,393.11761474609375,47871100,0.0,0.0
2024-02-01,397.3199212437322,403.42068358377554,397.2902591651768,399.248046875,30657700,0.0,0.0
2024-02-02,399.2777179046602,408.018495957255,399.03052385280495,406.60455322265625,28256700,0.0,0.0
2024-02-05,405.29931376867506,406.54518129966755,399.4556434483769,401.0970153808594,25352300,0.0,0.0
2024-02-06,401.3244799668953,403.39101855797185,398.3878135111435,400.9388427734375,18382600,0.0,0.0
2024-02-07,402.86697483873127,409.6499650445578,402.8274153419617,409.40277099609375,22340500,0.0,0.0
2024-02-08,409.40274249689327,410.895804101699,407.89981364987307,409.4620666503906,21225300,0.0,0.0
2024-02-09,410.58927173757974,416.0967618057892,410.4310639420329,415.82977294921875,22032800,0.0,0.0
2024-02-12,415.83968350613833,416.0176559661079,410.0948966506066,410.59918212890625,21202900,0.0,0.0
2024-02-13,400.39500560681336,405.4674319451174,398.86241468639423,401.759521484375,27824900,0.0,0.0
2024-02-14,404.23602806912544,405.989387335356,400.7689119546156,405.6426696777344,20401200,0.75,0.0
2024-02-15,404.30537605508795,405.2860649354581,400.49154229797136,402.7402038574219,21825500,0.0,0.0
2024-02-16,404.1270543842311,404.45397083978673,399.6495323619633,400.2637023925781,22296500,0.0,0.0
2024-02-20,399.4513996951192,400.68965547755954,394.27055684913546,399.0056457519531,24307900,0.0,0.0
2024-02-21,396.4103027815034,398.5103799439601,393.4880067749097,398.4013977050781,18518900,0.0,0.0
2024-02-22,406.3361048933316,408.95128532759105,404.7313302719457,407.7823791503906,27009900,0.0,0.0
2024-02-23,411.76461952225566,411.9528065802778,405.1275567366277,406.48468017578125,16295900,0.0,0.0
2024-02-26,407.5941515550284,408.28758685257475,403.53266673551263,403.71099853515625,16193500,0.0,0.0
2024-02-27,404.1567686089776,404.4836850623454,400.055681208624,403.6515808105469,14835800,0.0,0.0
2024-02-28,404.3449824000404,405.45445472615467,401.51186772663095,403.8893127441406,13183100,0.0,0.0
2024-02-29,404.80069987993255,410.3084593316979,402.1062540147567,409.75372314453125,31947300,0.0,0.0
2024-03-01,407.4059534745647,411.9627407983519,407.019633390637,411.5962219238281,17823400,0.0,0.0
2024-03-04,409.55556181237966,413.42882936527116,408.4460895147351,411.02166748046875,17596000,0.0,0.0
2024-03-05,410.0706791695835,410.35796297341943,396.8758486343361,398.866943359375,26919200,0.0,0.0
2024-03-06,399.1839316978577,401.35335816221044,394.6469759902315,398.31219482421875,22344100,0.0,0.0
2024-03-07,402.30437497315796,405.929991794264,398.4608239093344,405.2960205078125,18718500,0.0,0.0
2024-03-08,404.1270542383835,406.56396338142315,400.5311546136932,402.4034118652344,18002200,0.0,0.0
2024-03-11,399.9665518757127,401.8684959158896,397.4900401967336,400.7193908691406,16120800,0.0,0.0
2024-03-12,403.7902307329295,411.66554917132913,402.9680422398846,411.3782653808594,22457000,0.0,0.0
2024-03-13,414.1717955341408,414.25103060175684,407.5842808912539,411.1999816894531,17115900,0.0,0.0
2024-03-14,416.2916924630243,423.8004927118293,414.06283197899603,421.22491455078125,34157300,0.0,0.0
2024-03-15,415.3506293663728,418.62952831732593,408.9116991847294,412.5075988769531,45079900,0.0,0.0
2024-03-18,410.3579455831781,416.77707411837673,409.8923602232522,413.39910888671875,20106000,0.0,0.0
2024-03-19,413.90430223487067,417.7082504608342,411.6457249805596,417.45068359375,19837900,0.0,0.0
2024-03-20,418.03510823968844,421.9578936817544,416.7077018080513,421.2347717285156,17860100,0.0,0.0
2024-03-21,425.791607199822,426.7723264151028,423.14670956581216,425.3359375,21296200,0.0,0.0
2024-03-22,425.6628247277611,425.8212948665726,422.0669250575301,424.7118225097656,17648500,0.0,0.0
2024-03-25,421.2446982721868,423.39432359578046,417.64879867030754,418.8870544433594,18060500,0.0,0.0
2024-03-26,421.61117039922806,421.98760494943645,417.3912157495225,417.6883850097656,16725600,0.0,0.0
2024-03-27,420.4522190231072,420.4621347429845,415.073243298201,417.4704895019531,16705000,0.0,0.0
2024-03-28,417.0049168339557,417.9063706755069,415.1822079413489,416.7671813964844,21871200,0.0,0.0
2024-04-01,419.9668236498753,423.8698081123032,418.253066843913,420.58099365234375,16316000,0.0,0.0
2024-04-02,416.1629170804003,418.41160904891876,413.9142553427375,417.4804382324219,17912000,0.0,0.0
2024-04-03,415.7864888048433,419.2833219106777,415.1524873360607,416.4997253417969,16502300,0.0,0.0
2024-04-04,420.9970416568271,424.6424895808556,413.64677241260966,413.953857421875,19370900,0.0,0.0
2024-04-05,416.0638232237435,422.50275274464576,414.3896991298408,421.52203369140625,16554800,0.0,0.0
2024-04-08,421.1753671524619,423.26552832814343,419.32291117383534,420.6007995605469,14272400,0.0,0.0
2024-04-09,422.43343322697575,423.72120713043927,417.65871174097106,422.2749328613281,12496900,0.0,0.0
2024-04-10,418.2233709862432,420.0460798769914,415.7567751324305,419.2833251953125,16216600,0.0,0.0
2024-04-11,421.8192626102262,425.33589688609106,418.39174889077384,423.909423828125,17966400,0.0,0.0
2024-04-12,420.06585947169174,421.1852474824693,415.82607308443,417.9360656738281,19253800,0.0,0.0
2024-04-15,422.5919509817317,422.80988521460824,409.54567440120263,409.75372314453125,20273500,0.0,0.0
2024-04-16,410.67492896476267,414.46893102886065,409.8428247838056,410.684814453125,16765600,0.0,0.0
2024-04-17,413.3297553873522,414.944445667743,406.4747584853447,407.9705810546875,15855500,0.0,0.0
2024-04-18,406.7720021700929,408.0201737333556,400.15477020238865,400.47174072265625,21029900,0.0,0.0
2024-04-19,400.23398957432255,401.67037838778936,394.03279488372993,395.3701171875,30565800,0.0,0.0
2024-04-22,396.3210731778114,399.06506725448133,392.0317685818269,397.19281005859375,20286900,0.0,0.0
2024-04-23,400.4420226888204,404.36483895374073,399.2731164319855,403.7407531738281,15734500,0.0,0.0
2024-04-24,405.7119770552414,408.59463978116713,402.9580977513957,405.2166748046875,15065300,0.0,0.0
2024-04-25,390.32792438015684,396.1328829826048,384.3842968555106,395.2908630371094,40586500,0.0,0.0
2024-04-26,408.2975149317784,409.1197034555493,401.94773576133974,402.5024719238281,29694700,0.0,0.0
2024-04-29,401.4425169456961,402.50247113048255,395.4394554463583,398.470703125,19582100,0.0,0.0
2024-04-30,397.71784459298715,398.3815629989462,385.51361848485345,385.6720886230469,28781400,0.0,0.0
2024-05-01,388.92127488428895,397.9456989138246,386.64289629476144,391.2294006347656,23562500,0.0,0.0
2024-05-02,393.9238407560063,396.1725023827848,390.9421111461168,394.1021423339844,17709400,0.0,0.0
2024-05-03,398.50041099944804,403.32465048849417,398.0843437724287,402.8392639160156,17446700,0.0,0.0
2024-05-06,404.9195438147948,410.0409526402596,402.55198432258595,409.6546325683594,16996600,0.0,0.0
2024-05-07,410.7641341827589,410.7740499032866,405.2464589410717,405.4941101074219,20018200,0.0,0.0
2024-05-08,404.33507234714784,408.3569244004072,402.88876793839216,406.68280029296875,11792300,0.0,0.0
2024-05-09,406.71254786446275,408.8423417605904,405.2563578574711,408.44610595703125,14689700,0.0,0.0
2024-05-10,409.06027703547176,411.47735474348696,407.9309732500374,410.8433532714844,13402300,0.0,0.0
2024-05-13,414.0826182503801,414.41942017019113,406.9601691065583,409.8329162597656,15440200,0.0,0.0
2024-05-14,408.1489171745,413.56752582141957,407.68333177957805,412.6462707519531,15109300,0.0,0.0
2024-05-15,414.7203814645313,420.58541857629035,414.09517000451575,419.8609619140625,22239500,0.75,0.0
2024-05-16,418.5906387303572,422.1831206804055,417.1516895148504,417.78680419921875,17530100,0.0,0.0
2024-05-17,419.32504512881616,419.7021586835379,414.84935049574557,417.01275634765625,15352200,0.0,0.0
2024-05-20,417.01278697375295,423.52287221703216,416.79445965158396,422.103759765625,16272100,0.0,0.0
2024-05-21,423.58239750259565,429.6756950854867,421.6174819616407,425.7756042480469,21453300,0.0,0.0
2024-05-22,426.8176027078419,429.1199579656232,423.8801327186548,427.24432373046875,18073700,0.0,0.0
2024-05-23,429.6757070386861,430.3009184683396,422.183164058962,423.7511291503906,17211700,0.0,0.0
2024-05-24,423.9396813142882,427.7802311569624,421.180834455013,426.8870849609375,11855300,0.0,0.0
2024-05-28,426.3611154416687,427.54206361225715,423.3541707575322,427.0458679199219,15718000,0.0,0.0
2024-05-29,422.4510693064345,427.6611238088633,422.4510693064345,425.90460205078125,15517100,0.0,0.0
2024-05-30,421.07165731955763,421.07165731955763,411.08820229599854,411.51495361328125,28394500,0.0,0.0
2024-05-31,413.5791353622515,413.5791353622515,401.43227374743395,411.9714660644531,47995300,0.0,0.0
2024-06-03,412.3683735171778,413.2615196687407,405.8086812773789,410.3736572265625,17484700,0.0,0.0
2024-06-04,409.2919473930987,413.2714463024523,406.5628712460692,412.9042663574219,14348900,0.0,0.0
2024-06-05,414.6310359031759,420.8533188907335,413.1325152430589,420.78387451171875,16988000,0.0,0.0
2024-06-06,420.7838790172518,422.07397569799485,417.3799535645987,421.28997802734375,14861300,0.0,0.0
2024-06-07,422.9572173477245,423.03659533238357,419.78155282449774,420.6250915527344,13621700,0.0,0.0
2024-06-10,421.4686078947135,424.82286513391676,420.66477334419267,424.6144714355469,13982900,0.0,0.0
2024-06-11,422.24270893937995,429.52685827022987,422.01444801185045,429.3879089355469,14551100,0.0,0.0
2024-06-12,432.00784546900513,440.02635491441,429.95358793616725,437.70416259765625,22366200,0.0,0.0
2024-06-13,437.4957275143316,440.0164099933339,436.02697743101913,438.22015380859375,15960600,0.0,0.0
2024-06-14,434.94529966913103,439.7683376003339,433.39717151476515,439.2026672363281,13582000,0.0,0.0
2024-06-17,439.22250553797545,447.5089797746042,437.3667384679764,444.9585266113281,20790000,0.0,0.0
2024-06-18,446.28832386783046,446.7150751827561,441.50502038116036,442.9439697265625,17112500,0.0,0.0
2024-06-20,442.9042790324355,443.1325399619797,437.912551396736,442.3088684082031,19877400,0.0,0.0
2024-06-21,443.9760852156284,447.15171963768364,443.11270951249037,446.3578186035156,34187100,0.0,0.0
2024-06-24,446.37765380757656,449.3052206448714,443.0134626029418,444.2638854980469,15913700,0.0,0.0
2024-06-25,444.8394216277891,447.98531552571586,443.3508346061679,447.5188903808594,16413400,0.0,0.0
2024-06-26,445.5837053034348,450.1487114593878,444.7798707523325,448.71966552734375,16507000,0.0,0.0
2024-06-27,448.7395034299803,452.6991654227889,448.3326193512516,449.4044189453125,14806300,0.0,0.0
2024-06-28,449.6227774267188,451.9151991305475,443.0134470896372,443.5493469238281,28362300,0.0,0.0
2024-07-01,445.2463078469115,453.8900280472802,442.2691337894114,453.2549133300781,17662800,0.0,0.0
2024-07-02,449.7517960549086,456.0931613731061,449.6624541774822,455.7855224609375,13979800,0.0,0.0
2024-07-03,454.70377340329327,457.5122274643449,454.39613452228906,457.2641296386719,9932800,0.0,0.0
2024-07-05,456.1129790053472,464.78650009669735,455.4778642825478,464.00250244140625,16000300,0.0,0.0
2024-07-08,463.00017429743497,464.14144858333964,460.9260800009118,462.6925354003906,12962300,0.0,0.0
2024-07-09,463.4467488725584,463.7742246843102,454.5152269456782,456.04351806640625,17207200,0.0,0.0
2024-07-10,457.71075666628917,462.91087784219644,455.36869724486377,462.7024841308594,18196100,0.0,0.0
2024-07-11,459.457386639418,461.2436790661222,448.1143297880847,451.2403869628906,23111200,0.0,0.0
2024-07-12,450.8731546278995,452.8877078833818,447.22116168053736,450.0990905761719,16324300,0.0,0.0
2024-07-15,449.85099950163277,453.7808911637112,447.99523247056425,450.5059814453125,14429400,0.0,0.0
2024-07-16,450.764044396858,450.84342238707205,443.26156747821994,446.09979248046875,17175700,0.0,0.0
2024-07-17,439.22249954002416,441.46531376189114,435.8384412822571,440.1454162597656,21778000,0.0,0.0
2024-07-18,440.95917357547034,441.2668124744543,431.0948010273652,437.0193786621094,20794800,0.0,0.0
2024-07-19,429.80471086507333,437.7835460054657,428.7130742947466,433.7841796875,20940400,0.0,0.0
2024-07-22,438.4286106688719,441.2172281155517,435.5705185548157,439.5698547363281,15808800,0.0,0.0
2024-07-23,440.52254806214466,444.9784061601368,439.7286470352855,441.46533203125,13107100,0.0,0.0
2024-07-24,437.0987963490377,438.12095826115956,424.3366274271562,425.63665771484375,26805800,0.0,0.0
2024-07-25,425.5374484396514,426.5298399054952,414.3333705957519,415.2165832519531,29943800,0.0,0.0
2024-07-26,415.0180872010169,425.6565240052853,414.0951402007918,422.0342712402344,23583800,0.0,0.0
2024-07-29,428.29625878283395,428.86192913835873,421.4686315229256,423.4831848144531,15125800,0.0,0.0
2024-07-30,424.4656455012434,425.7855127211385,414.18445497765873,419.7021789550781,32687600,0.0,0.0
2024-07-31,417.30059719182844,418.57085701348217,409.07366373993483,415.1669616699219,42891400,0.0,0.0
2024-08-01,417.58836350695543,424.20759683358074,409.94693801865395,413.93634033203125,30296400,0.0,0.0
2024-08-02,409.35152365396425,411.84243578824686,401.2635397070065,405.3819580078125,29437900,0.0,0.0
2024-08-05,386.2089818321841,397.98866312927163,382.64626998707365,392.1434631347656,40709200,0.0,0.0
2024-08-06,396.9565662320286,402.5834388839359,395.4679791086585,396.56951904296875,24946500,0.0,0.0
2024-08-07,405.53080524275083,406.95982088699543,394.44578082628846,395.3984680175781,20650900,0.0,0.0
2024-08-08,399.3779702821044,402.77193167950935,396.8969919508049,399.6260681152344,20203000,0.0,0.0
2024-08-09,400.9558760021183,404.945278327108,399.1993542150353,402.93072509765625,19276700,0.0,0.0
2024-08-12,403.9628195165785,405.6498969215895,401.16426864795665,403.7147216796875,16762900,0.0,0.0
2024-08-13,406.47357171655057,411.79280513110314,406.4537347921751,410.8599548339844,19414300,0.0,0.0
2024-08-14,411.64393908583247,414.54173528870035,409.3118435327495,413.6882629394531,18267000,0.0,0.0
2024-08-15,417.3567984201095,418.65917193819183,415.2292687595661,418.57965087890625,20752100,0.75,0.0
2024-08-16,418.15212368395106,418.88780719208,414.871311404525,416.0345153808594,22775600,0.0,0.0
2024-08-19,416.52167114516885,419.2954420190991,414.03622098500824,419.07672119140625,15234000,0.0,0.0
2024-08-20,419.2457333961214,423.3814956474892,419.18608502114756,422.3276672363281,16387600,0.0,0.0
2024-08-21,421.6118911043651,423.9183962597862,419.2656405890008,421.67156982421875,16067300,0.0,0.0
2024-08-22,421.8902550651885,424.30613578026436,412.1969990352219,413.13153076171875,19361900,0.0,0.0
2024-08-23,414.5532154876874,416.8199448280934,409.69166039420327,414.36431884765625,18493800,0.0,0.0
2024-08-26,413.94673947074824,414.85144695028356,408.9460150702165,411.08349609375,13152800,0.0,0.0
2024-08-27,410.4571501735566,411.9484202096587,407.8623548739229,411.43145751953125,13492900,0.0,0.0
2024-08-28,412.46544730687265,412.58474406521935,404.939496621488,408.2103576660156,14882700,0.0,0.0
2024-08-29,412.5250827426797,419.593688512659,408.21034485802835,410.7156677246094,17045200,0.0,0.0
2024-08-30,413.18123450252676,415.0602190186727,409.7314285183125,414.7122802734375,24308300,0.0,0.0
2024-09-03,415.47780496274754,417.43634095322227,404.66112073149435,407.0570983886719,20313600,0.0,0.0
2024-09-04,403.5476443909062,408.8466109265116,402.01659855552833,406.5202331542969,15135800,0.0,0.0
2024-09-05,405.2476455783769,410.69576288507244,403.7663270914325,406.01318359375,14195500,0.0,0.0
2024-09-06,406.6792718819864,408.2600144548305,398.4673353023376,399.36212158203125,19609500,0.0,0.0
2024-09-09,404.8698768958274,406.27167441765806,399.8095040440946,403.3587341308594,15295100,0.0,0.0
2024-09-10,405.8243177579556,413.9069762623546,405.327227721672,411.7893981933594,19594300,0.0,0.0
2024-09-11,413.08181573237965,421.52239474938517,407.19625641616165,420.57794189453125,19266900,0.0,0.0
2024-09-12,420.84636566939764,424.8827343519594,417.30708702498356,424.514892578125,17395700,0.0,0.0
2024-09-13,423.35167762504557,429.3167579290349,422.98383586069434,428.083984375,15874600,0.0,0.0
2024-09-16,428.09393683099876,431.0068771042965,425.72778345078893,428.8296203613281,13834700,0.0,0.0
2024-09-17,437.6679140298658,439.27848092894993,429.75421863095636,432.6174621582031,18874200,0.0,0.0
2024-09-18,432.46835149823806,433.4923558065776,427.9050683956392,428.302734375,18898000,0.0,0.0
2024-09-19,438.6620972919553,438.9305149970845,434.3572804602649,436.1368713378906,21706600,0.0,0.0
2024-09-20,434.6754493302442,436.6836823244085,431.69290886011487,432.7367858886719,55167100,0.0,0.0
2024-09-23,431.75253779309,433.9198431554934,427.88519293448667,430.9870300292969,15128900,0.0,0.0
2024-09-24,430.47996802683457,430.82793711748263,423.62013164821116,426.6722717285156,17015800,0.0,0.0
2024-09-25,427.3284243659067,430.599285430914,426.0757780554542,429.59515380859375,13396400,0.0,0.0
2024-09-26,432.5578041483432,432.766573468399,426.6324994108163,428.7998046875,14492000,0.0,0.0
2024-09-27,429.0085608111411,429.3366572153901,424.982143776937,425.5289306640625,14896100,0.0,0.0
2024-09-30,425.71782167728367,427.91498138591425,422.89435403602215,427.795654296875,16807300,0.0,0.0
2024-10-01,425.95645456288486,425.9862787507864,416.3725443176016,418.2416076660156,19092900,0.0,0.0
2024-10-02,420.12062555956777,420.3592494217051,414.2847930567838,414.7023620605469,16582300,0.0,0.0
2024-10-03,415.19943635003835,417.1082451347957,411.8788784861643,414.11578369140625,13686400,0.0,0.0
2024-10-04,415.80585503539044,417.30707662196244,412.55489718933603,413.6385498046875,19169700,0.0,0.0
2024-10-07,413.5789195776064,414.68244492002515,406.6196589116371,407.1565246582031,20919800,0.0,0.0
2024-10-08,408.5086237522523,413.24093104669487,405.7945313192391,412.29644775390625,19229300,0.0,0.0
2024-10-09,413.4397013585542,417.93341460570645,411.88878290651843,415.0303955078125,14974300,0.0,0.0
2024-10-10,412.81342552487126,414.92108254210694,410.74551386798254,413.41986083984375,13848400,0.0,0.0
2024-10-11,413.7180885691892,414.70231708134946,410.84489374484957,413.89703369140625,14144900,0.0,0.0
2024-10-14,415.3386008817118,421.5721293976272,415.09005586184196,416.7006530761719,16653100,0.0,0.0
2024-10-15,419.7229298265709,420.02120204810905,412.84322081195853,416.3029479980469,18900200,0.0,0.0
2024-10-16,412.7537283462629,413.93677464609624,408.0910216693982,413.69818115234375,15508900,0.0,0.0
2024-10-17,419.9018679111856,420.0410676802283,413.17127995027164,414.2947082519531,14820000,0.0,0.0
2024-10-18,414.7122961104646,417.2076674979936,413.8374127793913,415.7263488769531,17145300,0.0,0.0
2024-10-21,413.6982202013397,416.5216880571269,411.3420182082338,416.3427429199219,14206100,0.0,0.0
2024-10-22,416.0544182638452,428.07405197206367,415.6070554250592,425.0219421386719,25482200,0.0,0.0
2024-10-23,428.35242251551375,428.5711433507003,420.0709156477079,422.1288757324219,19654400,0.0,0.0
2024-10-24,422.85460145374896,423.5008427798279,419.94166109145596,422.25811767578125,13581600,0.0,0.0
2024-10-25,424.2763085648032,430.0027653012564,424.0874119188817,425.658203125,16899100,0.0,0.0
2024-10-28,429.1478003666399,429.4261695906152,423.81897907057987,424.1072998046875,14882400,0.0,0.0
2024-10-29,425.5090727531412,430.64899709836675,423.32186444879665,429.43609619140625,17644100,0.0,0.0
2024-10-30,434.8941538571239,435.9479823564893,429.5852356603292,430.0127258300781,29749100,0.0,0.0
2024-10-31,412.94264988457604,413.73801220344217,403.9353802107126,403.985107421875,53971000,0.0,0.0
2024-11-01,406.6296190582037,413.0818383039077,405.12839737386855,407.981689453125,24230400,0.0,0.0
2024-11-04,407.414991879503,408.03140902561756,403.2096294840388,406.0827941894531,19672300,0.0,0.0
2024-11-05,405.99329495800964,412.4852893556826,405.70497425343626,409.0653076171875,17626000,0.0,0.0
2024-11-06,410.01974169679755,418.00300613139274,408.1307753660983,417.73455810546875,26681800,0.0,0.0
2024-11-07,418.8281688837221,424.3657590257446,417.43632288625736,422.9540100097656,19901800,0.0,0.0
2024-11-08,422.8446603519728,424.0177855133015,419.32525452801985,420.0808410644531,16891400,0.0,0.0
2024-11-11,420.0609408352946,422.3376216288976,413.5788978774876,415.57720947265625,24503300,0.0,0.0
2024-11-12,415.81581365023004,421.969790701444,414.77193671429194,420.5679931640625,19401200,0.0,0.0
2024-11-13,419.1860937392156,426.8313104637277,415.7760330857976,422.7253723144531,21502200,0.0,0.0
2024-11-14,422.526533184943,425.6780973820496,417.5556327945319,424.4055480957031,30246900,0.0,0.0
2024-11-15,417.3767027455775,420.3393400677491,411.23267692258383,412.5847473144531,28247600,0.0,0.0
2024-11-18,412.4554971706168,415.9649517435253,409.7016291897124,413.34033203125,24727000,0.0,0.0
2024-11-19,410.7057043157201,415.5076109291685,409.154785870871,415.3584899902344,18133500,0.0,0.0
2024-11-20,414.4438422518667,414.86141123218795,408.19044109637775,413.0718688964844,19191700,0.0,0.0
2024-11-21,417.8933391524707,418.1722655525636,408.7186214344056,411.2887268066406,20780200,0.83,0.0
2024-11-22,409.79445106089474,415.80135498920845,409.48564079067086,415.40289306640625,24814600,0.0,0.0
2024-11-25,416.7776323033626,419.46727321033643,413.2611532266888,417.1860656738281,27691100,0.0,0.0
2024-11-26,417.98300734363517,427.396826920373,417.24585120009374,426.350830078125,23458900,0.0,0.0
2024-11-27,423.48184026594765,425.59374633298364,420.4036784238945,421.3699645996094,18332400,0.0,0.0
2024-11-29,418.4811073183322,423.25277076525435,416.1998692026867,421.83819580078125,16271900,0.0,0.0
2024-12-02,419.95541246483856,431.3416287639885,419.6963985253484,429.3293762207031,20207200,0.0,0.0
2024-12-03,428.19374634076934,430.8136785324232,426.10178307894205,429.5485534667969,18302000,0.0,0.0
2024-12-04,431.3715193088951,437.98610309109085,430.973057365549,435.7447204589844,26009400,0.0,0.0
2024-12-05,436.2428234590915,442.9570002031869,434.4995257845279,440.9248046875,21697800,0.0,0.0
2024-12-06,440.605999369761,444.3914637865622,440.0780304611881,441.87115478515625,18821000,0.0,0.0
2024-12-09,440.904882933204,446.61291802797285,438.8129196876974,444.311767578125,19144400,0.0,0.0
2024-12-10,442.6880177694449,447.89796761162455,439.9086948512907,441.6320495605469,18469500,0.0,0.0
2024-12-11,442.34933339299914,448.6252234428676,442.34933339299914,447.2704162597656,19200200,0.0,0.0
2024-12-12,447.389907127457,454.4129240722559,447.389907127457,447.83819580078125,20834800,0.0,0.0
2024-12-13,446.722508676707,449.7010474581427,443.8734464678006,445.5569763183594,20177800,0.0,0.0
2024-12-16,445.55695084461104,450.4481492573408,443.57458224663304,449.86041259765625,23598800,0.0,0.0
2024-12-17,449.2826833242326,453.5462901057899,447.84819595840975,452.7194519042969,22733500,0.0,0.0
2024-12-18,449.59148560028365,450.9163784238889,435.34623528561843,435.71484375,24444500,0.0,0.0
2024-12-19,439.92861811038824,441.4826409757379,434.64892893973837,435.356201171875,22963700,0.0,0.0
2024-12-20,431.4512325197303,442.04052591747404,426.98840977197597,434.9278869628906,64263700,0.0,0.0
2024-12-23,435.06732205874545,435.97384050264867,431.1722932989543,433.5830383300781,19152500,0.0,0.0
2024-12-24,432.98533109593694,437.91638528778583,432.52710135873434,437.64739990234375,7164500,0.0,0.0
2024-12-26,437.3983540840164,439.2512462781778,434.9577555797017,436.43206787109375,8194200,0.0,0.0
2024-12-27,432.9355230391817,433.5531436249425,424.71711987555517,428.881103515625,18117700,0.0,0.0
2024-12-30,424.42821148968693,425.91249514442245,420.2841404099869,423.2029113769531,13158700,0.0,0.0
2024-12-31,424.4680695178944,425.09566152109494,419.0489019483089,419.88568115234375,13246500,0.0,0.0
2025-01-02,423.90026204092493,424.43820240788705,413.2611726539346,416.97686767578125,16896500,0.0,0.0
2025-01-03,419.4672816518615,422.40599553232005,417.93320162542307,421.7286071777344,16662900,0.0,0.0
2025-01-06,426.3607841744266,432.6565862275622,423.85044657634234,426.21136474609375,20573600,0.0,0.0
2025-01-07,427.356962317073,429.00063686122985,419.18835553907815,420.7523498535156,18139100,0.0,0.0
2025-01-08,421.8381668103431,425.3347334633813,419.9255373117582,422.9339599609375,15054600,0.0,0.0
2025-01-10,423.0036976315441,423.0833778600729,413.4304875422897,417.345458984375,20201100,0.0,0.0
2025-01-13,413.6496498082875,416.8971739621178,410.71096634455273,415.5921936035156,17604800,0.0,0.0
2025-01-14,416.2098216251219,418.13242259689986,409.1469793562449,414.0780334472656,16935900,0.0,0.0
2025-01-15,417.5247525233758,426.51019531397225,416.6680304830878,424.67724609375,19637800,0.0,0.0
2025-01-16,427.0581034768278,427.8450559110229,422.76461308505725,422.953857421875,15300000,0.0,0.0
2025-01-17,432.4274589059452,432.81597982276594,426.53014915865293,427.3868408203125,26197500,0.0,0.0
2025-01-21,428.55238804454143,429.2496888722742,423.9699995165458,426.85888671875,26085700,0.0,0.0
2025-01-22,435.8841650351672,445.5569677171093,434.33014218783535,444.4910888671875,27803800,0.0,0.0
2025-01-23,440.30716256200645,445.03897030447143,439.8090775364838,444.9991149902344,18389300,0.0,0.0
2025-01-24,443.4550766157881,444.9393603072831,439.70946738545626,442.3592834472656,15549500,0.0,0.0
2025-01-27,422.3860783898249,433.5332238334213,421.8780219291722,432.8956604003906,35647800,0.0,0.0
2025-01-28,432.93552501884864,446.66274757404807,429.72785612913765,445.4872741699219,23491700,0.0,0.0
2025-01-29,444.97921209968376,445.16848684550723,438.7132938317083,440.6358947753906,23581400,0.0,0.0
2025-01-30,417.1661258658952,421.24045777086803,411.57762641112805,413.4006042480469,54586300,0.0,0.0
2025-01-31,417.3753368711932,419.0787791378778,413.32091748728266,413.4703369140625,34161900,0.0,0.0
2025-02-03,410.02361028085903,413.819015846871,407.09486781879804,409.3462219238281,25679100,0.0,0.0
2025-02-04,411.1094311345796,412.3347312724244,408.1707172498281,410.7906494140625,20532100,0.0,0.0
2025-02-05,410.77072053658367,412.2450327338191,408.828176805576,411.7071228027344,16316700,0.0,0.0
2025-02-06,412.41441067873023,416.59833715024297,412.41441067873023,414.2274475097656,16309800,0.0,0.0
2025-02-07,414.8849302333569,417.0466023053385,406.5370200109021,408.1806945800781,22886800,0.0,0.0
2025-02-10,412.12548842823685,413.86878595463395,409.3461959746536,410.6412048339844,20817900,0.0,0.0
2025-02-11,408.07110289586285,410.91016314142485,407.73237833536206,409.86419677734375,18140600,0.0,0.0
2025-02-12,405.6503805324544,409.1768308737253,402.82126135721137,407.473388671875,19121700,0.0,0.0
2025-02-13,405.4412009596675,409.4258810673793,404.8036375500993,408.9676513671875,23891700,0.0,0.0
2025-02-14,406.22818963820515,407.3438952203064,404.3255012113121,406.86572265625,22758500,0.0,0.0
2025-02-18,406.43737251439387,409.0274206742818,404.943117468385,408.07110595703125,21423100,0.0,0.0
2025-02-19,406.3178313932664,413.8986706302125,406.0887013451084,413.1814270019531,24114200,0.0,0.0
2025-02-20,414.52900508229465,418.5416276159257,411.78404435480104,415.3674621582031,23508700,0.83,0.0
2025-02-21,416.57521868274245,417.28390907488637,407.14255413255484,407.4619445800781,27524800,0.0,0.0
2025-02-24,407.7614192904554,408.6198287275297,398.58825743588903,403.2596740722656,26443700,0.0,0.0
2025-02-25,400.3649855487621,401.18349019975926,395.9730546936776,397.17083740234375,29387400,0.0,0.0
2025-02-26,397.28064827533655,402.860400830509,393.5275288045757,398.99749755859375,19619000,0.0,0.0
2025-02-27,400.53467393026557,404.9964840093174,391.45137377356565,391.8106994628906,21127400,0.0,0.0
2025-02-28,391.94046026830176,396.9013540385077,385.86162375466716,396.26251220703125,32845700,0.0,0.0
2025-03-03,398.0891633417286,398.0891633417286,385.4523593369203,387.778076171875,23007700,0.0,0.0
2025-03-04,382.6974135187692,391.86058386063223,380.30181761040467,387.8978576660156,29342900,0.0,0.0
2025-03-05,388.62653647287385,400.9339589862258,388.09750890861034,400.2851257324219,23433100,0.0,0.0
2025-03-06,393.557486671848,401.4130601425524,391.9604125552081,396.1627197265625,23304600,0.0,0.0
2025-03-07,391.601087821307,394.07652376953155,384.83351327034705,392.5892639160156,22034100,0.0,0.0
2025-03-10,385.1329632711281,385.69193466137494,376.5287638766263,379.46337890625,32840100,0.0,0.0
2025-03-11,378.30548307291184,385.29265558349334,376.2193166501511,379.7528381347656,30380200,0.0,0.0
2025-03-12,382.2482670126177,384.5140963348653,378.2555969008229,382.5676574707031,24253600,0.0,0.0
2025-03-13,382.4578672121625,384.6139126915579,376.75833925298997,378.0758972167969,20473000,0.0,0.0
2025-03-14,379.0840519928303,389.51491455417886,378.81455773398244,387.84796142578125,19952800,0.0,0.0
2025-03-17,385.9913968692823,391.99036302361236,384.8634626840814,387.98773193359375,22474300,0.0,0.0
2025-03-18,386.36071271152235,386.6601507855219,380.4016513456866,382.81719970703125,19486900,0.0,0.0
2025-03-19,384.8235322758774,388.9659214939022,383.29633715100766,387.1093444824219,19185500,0.0,0.0
2025-03-20,385.0331131975468,391.07204471614995,382.5776297310475,386.131103515625,18470500,0.0,0.0
2025-03-21,382.5177544739553,391.0221306945889,382.09851071654674,390.54302978515625,39675900,0.0,0.0
2025-03-24,394.67543616141086,394.67543616141086,389.09568331150246,392.35968017578125,21004500,0.0,0.0
2025-03-25,393.19816458592396,395.63366532055824,391.9205113732519,394.4358825683594,15775000,0.0,0.0
2025-03-26,394.27618318122023,394.5856126855185,387.85797313035886,389.2554016113281,16108400,0.0,0.0
2025-03-27,389.4151007040484,391.5212195564284,386.6900923994873,389.8642578125,13766800,0.0,0.0
2025-03-28,387.36882809704144,388.4169222438939,376.2392666189567,378.1058349609375,21632000,0.0,0.0
2025-03-31,371.8573344110368,376.3790320336197,366.5670283067677,374.7021179199219,35184700,0.0,0.0
2025-04-01,373.96346276032,382.1484487727996,372.54608191207893,381.4896545410156,19689500,0.0,0.0
2025-04-02,377.2773862564683,384.3743428432238,375.92985398533636,381.43975830078125,16092600,0.0,0.0
2025-04-03,374.10321411915555,376.788287190408,368.67318036225987,372.42626953125,30198000,0.0,0.0
2025-04-04,363.4627502923482,373.9035742050073,358.8212773354498,359.18060302734375,49209900,0.0,0.0
2025-04-07,350.2370336524557,370.32015981776436,344.1581969485817,357.2042236328125,50425000,0.0,0.0
2025-04-08,367.585185716996,372.9652928837084,349.6081786868937,353.9102783203125,35868900,0.0,0.0
2025-04-09,352.8921435234206,392.50941370351666,352.45294739016697,389.7744140625,50199700,0.0,0.0
2025-04-10,381.3598744812396,383.19649903483815,367.12599611378243,380.65118408203125,38024400,0.0,0.0
2025-04-11,379.9425037151649,389.3352333779351,378.19571053548395,387.7381896972656,23839200,0.0,0.0
2025-04-14,392.4994245329486,393.92679674338564,383.5059256339463,387.0993347167969,19251200,0.0,0.0
2025-04-15,387.79806728846995,391.17187833074144,383.4560325474498,385.0231628417969,17199900,0.0,0.0
2025-04-16,379.97244183574617,380.9106912763521,367.32564600100716,370.92901611328125,21967800,0.0,0.0
2025-04-17,373.0651098854367,373.6340726815441,366.2176953329466,367.1060485839844,21120200,0.0,0.0
2025-04-21,362.1551460624454,363.8121077971333,355.01825440362086,358.4619140625,20807300,0.0,0.0
2025-04-22,362.7141283475077,367.09606804173376,359.20055908423666,366.1478271484375,19485000,0.0,0.0
2025-04-23,375.3708716590499,379.6929540391626,372.33643389707953,373.7039489746094,20545500,0.0,0.0
2025-04-24,375.01155205300716,387.7381880213899,374.5024768665421,386.59027099609375,22232300,0.0,0.0
2025-04-25,386.29083932956814,391.44138750936105,383.8952433175299,391.1319580078125,18973200,0.0,0.0
2025-04-28,391.241728610284,392.0202980494585,385.9315006090283,390.4432067871094,16579400,0.0,0.0
2025-04-29,390.5829324517716,394.3759872470841,389.66463540586307,393.31793212890625,14974000,0.0,0.0
2025-04-30,389.58477271143016,395.93313400867555,383.73552563819743,394.53570556640625,36461100,0.0,0.0
2025-05-01,430.3199808366381,436.1892106723326,424.12136912560175,424.6204528808594,58938100,0.0,0.0
2025-05-02,430.948839257634,438.63474141621873,429.20204608174254,434.48236083984375,30757400,0.0,0.0
2025-05-05,432.07675654489867,438.6946118778074,431.3181395047298,435.3707275390625,20136100,0.0,0.0
2025-05-06,431.408009380462,436.92787448428356,430.3798980651205,432.5159606933594,15104200,0.0,0.0
2025-05-07,433.04500054847074,437.3171563878889,430.319992206568,432.555908203125,23295300,0.0,0.0
2025-05-08,437.12748451655574,442.85698666150637,434.86165526525525,437.3670654296875,23491300,0.0,0.0
2025-05-09,439.19371771814804,439.93235195021686,435.08127232610667,437.9260559082031,15324200,0.0,0.0
2025-05-12,445.12281367736733,448.5465208630377,438.9740982732109,448.4367370605469,22821900,0.0,0.0
2025-05-13,446.9594623818115,449.8441812103938,444.54388351816056,448.3169860839844,23618800,0.0,0.0
2025-05-14,447.3187935842875,453.0682176126866,447.3187935842875,452.1099853515625,19902800,0.0,0.0
2025-05-15,450.7699890136719,456.19000244140625,450.42999267578125,453.1300048828125,21992300,0.83,0.0
2025-05-16,452.04998779296875,454.3599853515625,448.7300109863281,454.2699890136719,23849800,0.0,0.0
2025-05-19,450.8800048828125,459.5899963378906,450.79998779296875,458.8699951171875,21336500,0.0,0.0
2025-05-20,455.5899963378906,458.3399963378906,454.32000732421875,458.1700134277344,15441800,0.0,0.0
2025-05-21,454.57000732421875,457.7799987792969,451.80999755859375,452.57000732421875,19216900,0.0,0.0
2025-05-22,454.95001220703125,460.25,453.8999938964844,454.8599853515625,18025600,0.0,0.0
2025-05-23,449.9800109863281,453.69000244140625,448.9100036621094,450.17999267578125,16883500,0.0,0.0
2025-05-27,456.4800109863281,460.95001220703125,456.1199951171875,460.69000244140625,20974300,0.0,0.0
2025-05-28,461.2200012207031,462.5199890136719,456.92999267578125,457.3599853515625,17086300,0.0,0.0
2025-05-29,461.54998779296875,461.7200012207031,455.30999755859375,458.67999267578125,13974800,0.0,0.0
2025-05-30,459.7200012207031,461.67999267578125,455.5400085449219,460.3599853515625,34770500,0.0,0.0
2025-06-02,457.1400146484375,462.1099853515625,456.8900146484375,461.9700012207031,16626500,0.0,0.0
2025-06-03,461.4700012207031,464.1400146484375,460.8599853515625,462.9700012207031,15743800,0.0,0.0
2025-06-04,464.0,465.69000244140625,463.0199890136719,463.8699951171875,14162700,0.0,0.0
2025-06-05,464.9599914550781,469.6499938964844,464.0299987792969,467.67999267578125,20131700,0.0,0.0
2025-06-06,470.0899963378906,473.3399963378906,468.7799987792969,470.3800048828125,15285600,0.0,0.0
2025-06-09,469.70001220703125,473.42999267578125,468.6199951171875,472.75,16469900,0.0,0.0
2025-06-10,471.19000244140625,472.79998779296875,466.9599914550781,470.9200134277344,15375900,0.0,0.0
2025-06-11,470.0199890136719,475.4700012207031,469.6600036621094,472.6199951171875,16399200,0.0,0.0
2025-06-12,475.0199890136719,480.4200134277344,473.5199890136719,478.8699951171875,18950600,0.0,0.0
2025-06-13,476.4100036621094,479.17999267578125,472.760009765625,474.9599914550781,16814500,0.0,0.0
2025-06-16,475.2099914550781,480.69000244140625,475.0,479.1400146484375,15626100,0.0,0.0
2025-06-17,475.3999938964844,478.739990234375,474.0799865722656,478.0400085449219,15414100,0.0,0.0
2025-06-18,478.0,481.0,474.4599914550781,480.239990234375,17526500,0.0,0.0
2025-06-20,482.2300109863281,483.4599914550781,476.8699951171875,477.3999938964844,37576200,0.0,0.0
2025-06-23,478.2099914550781,487.75,472.510009765625,486.0,24864000,0.0,0.0
2025-06-24,488.95001220703125,491.8500061035156,486.79998779296875,490.1099853515625,22305600,0.0,0.0
2025-06-25,492.0400085449219,494.55999755859375,489.3900146484375,492.2699890136719,17495100,0.0,0.0
2025-06-26,492.9800109863281,498.0400085449219,492.80999755859375,497.45001220703125,21578900,0.0,0.0
2025-06-27,497.54998779296875,499.29998779296875,493.0299987792969,495.94000244140625,34539200,0.0,0.0
2025-06-30,497.0400085449219,500.760009765625,495.3299865722656,497.4100036621094,28369000,0.0,0.0
2025-07-01,496.4700012207031,498.04998779296875,490.9800109863281,492.04998779296875,19945400,0.0,0.0
2025-07-02,489.989990234375,493.5,488.70001220703125,491.0899963378906,16319600,0.0,0.0
2025-07-03,493.80999755859375,500.1300048828125,493.44000244140625,498.8399963378906,13984800,0.0,0.0
2025-07-07,497.3800048828125,498.75,495.2300109863281,497.7200012207031,13981600,0.0,0.0
2025-07-08,497.239990234375,498.20001220703125,494.1099853515625,496.6199951171875,11846600,0.0,0.0
2025-07-09,500.29998779296875,506.7799987792969,499.739990234375,503.510009765625,18659500,0.0,0.0
2025-07-10,503.04998779296875,504.44000244140625,497.75,501.4800109863281,16492100,0.0,0.0
2025-07-11,498.4700012207031,505.0299987792969,497.79998779296875,503.32000732421875,16459500,0.0,0.0
2025-07-14,501.5199890136719,503.9700012207031,501.0299987792969,503.0199890136719,12058800,0.0,0.0
2025-07-15,503.0199890136719,508.29998779296875,502.7900085449219,505.82000732421875,14927200,0.0,0.0
2025-07-16,505.17999267578125,506.7200012207031,501.8900146484375,505.6199951171875,15154400,0.0,0.0
2025-07-17,505.67999267578125,513.3699951171875,505.6199951171875,511.70001220703125,17503100,0.0,0.0
2025-07-18,514.47998046875,514.6400146484375,507.42999267578125,510.04998779296875,21209700,0.0,0.0
2025-07-21,506.7099914550781,512.0900268554688,505.54998779296875,510.05999755859375,14066800,0.0,0.0
2025-07-22,510.9700012207031,511.20001220703125,505.2699890136719,505.2699890136719,13868600,0.0,0.0
2025-07-23,506.75,506.7900085449219,500.70001220703125,505.8699951171875,16396600,0.0,0.0
2025-07-24,508.7699890136719,513.6699829101562,507.29998779296875,510.8800048828125,16107000,0.0,0.0
2025-07-25,512.469970703125,518.2899780273438,510.3599853515625,513.7100219726562,19125700,0.0,0.0
2025-07-28,514.0800170898438,515.0,510.1199951171875,512.5,14308000,0.0,0.0
2025-07-29,515.530029296875,517.6199951171875,511.55999755859375,512.5700073242188,16469200,0.0,0.0
2025-07-30,515.1699829101562,515.9500122070312,509.44000244140625,513.239990234375,26380400,0.0,0.0
2025-07-31,555.22998046875,555.4500122070312,531.9000244140625,533.5,51617300,0.0,0.0
2025-08-01,535.0,535.7999877929688,520.8599853515625,524.1099853515625,28977600,0.0,0.0
2025-08-04,528.27001953125,538.25,528.1300048828125,535.6400146484375,25349000,0.0,0.0
2025-08-05,537.1799926757812,537.2999877929688,527.239990234375,527.75,19171600,0.0,0.0
2025-08-06,530.9000244140625,531.7000122070312,524.030029296875,524.9400024414062,21355700,0.0,0.0
2025-08-07,526.5700073242188,528.030029296875,517.5510864257812,520.8400268554688,15965620,0.0,0.0
