Date,Open,High,Low,Close,Adj Close,Volume,Dividends,StockSplits,Capital Gains
2023-02-16,74.12999725341797,76.41999816894531,73.75,73.8499984741211,71.84679412841797,16007700,0.0,0.0,0.0
2023-02-17,72.62000274658203,73.33999633789062,71.45999908447266,73.19999694824219,71.21441650390625,11919400,0.0,0.0,0.0
2023-02-21,70.91999816894531,71.5,68.62999725341797,68.77999877929688,66.9143295288086,15302900,0.0,0.0,0.0
2023-02-22,68.9800033569336,69.81999969482422,67.72000122070312,68.5,66.64191436767578,22711300,0.0,0.0,0.0
2023-02-23,69.98999786376953,70.31999969482422,67.25,69.48999786376953,67.60505676269531,15793700,0.0,0.0,0.0
2023-02-24,66.7300033569336,67.70999908447266,65.81999969482422,67.2300033569336,65.40636444091797,19089700,0.0,0.0,0.0
2023-02-27,69.0199966430664,69.72000122070312,67.41999816894531,67.87000274658203,66.02899169921875,12635100,0.0,0.0,0.0
2023-02-28,67.6500015258789,68.66999816894531,67.08000183105469,67.12999725341797,65.30908203125,13500300,0.0,0.0,0.0
2023-03-01,66.68000030517578,67.3499984741211,65.6500015258789,66.41999816894531,64.61831665039062,19913800,0.0,0.0,0.0
2023-03-02,65.2699966430664,68.29000091552734,65.0999984741211,67.81999969482422,65.9803466796875,16244500,0.0,0.0,0.0
2023-03-03,68.80000305175781,71.20999908447266,68.41000366210938,71.01000213623047,69.08382415771484,16509000,0.0,0.0,0.0
2023-03-06,71.5199966430664,72.77999877929688,70.98999786376953,71.22000122070312,69.28813934326172,12063200,0.0,0.0,0.0
2023-03-07,71.12000274658203,71.30000305175781,67.56999969482422,67.91999816894531,66.07764434814453,18030500,0.0,0.0,0.0
2023-03-08,67.95999908447266,68.62999725341797,67.02999877929688,68.20999908447266,66.35978698730469,17279500,0.0,0.0,0.0
2023-03-09,68.58999633789062,69.48999786376953,63.849998474121094,64.43000030517578,62.68232345581055,19511800,0.0,0.0,0.0
2023-03-10,64.08000183105469,65.13999938964844,60.779998779296875,61.59000015258789,59.919349670410156,28624600,0.0,0.0,0.0
2023-03-13,59.61000061035156,63.70000076293945,59.060001373291016,61.290000915527344,59.62749099731445,22789800,0.0,0.0,0.0
2023-03-14,63.72999954223633,65.12000274658203,62.04999923706055,64.2300033569336,62.48774337768555,18774200,0.0,0.0,0.0
2023-03-15,61.34000015258789,63.16999816894531,60.310001373291016,63.13999938964844,61.42731475830078,31288500,0.0,0.0,0.0
2023-03-16,61.849998474121094,66.47000122070312,61.56999969482422,66.30000305175781,64.5015869140625,23814300,0.0,0.0,0.0
2023-03-17,65.6500015258789,66.18000030517578,63.2400016784668,64.01000213623047,62.27370834350586,19615100,0.0,0.0,0.0
2023-03-20,64.33000183105469,66.0,63.9900016784668,65.7699966430664,63.9859733581543,14210100,0.0,0.0,0.0
2023-03-21,67.29000091552734,68.36000061035156,66.41999816894531,68.08999633789062,66.50796508789062,10938300,0.262,0.0,0.0
2023-03-22,68.0,69.91999816894531,64.58999633789062,64.68000030517578,63.17720031738281,16604200,0.0,0.0,0.0
2023-03-23,66.02999877929688,68.11000061035156,63.70000076293945,65.02999877929688,63.51907730102539,18413100,0.0,0.0,0.0
2023-03-24,64.41999816894531,66.37999725341797,63.16999816894531,66.30999755859375,64.76932525634766,14070100,0.0,0.0,0.0
2023-03-27,67.51000213623047,67.9000015258789,66.20999908447266,66.6500015258789,65.10143280029297,11815200,0.0,0.0,0.0
2023-03-28,66.30999755859375,66.66000366210938,65.23999786376953,66.22000122070312,64.68142700195312,10817000,0.0,0.0,0.0
2023-03-29,68.37999725341797,69.2300033569336,67.76000213623047,69.11000061035156,67.50425720214844,11417500,0.0,0.0,0.0
2023-03-30,70.47000122070312,70.5999984741211,69.25,70.2300033569336,68.59825897216797,13065200,0.0,0.0,0.0
2023-03-31,70.70999908447266,73.31999969482422,70.6500015258789,73.18000030517578,71.47972106933594,10711800,0.0,0.0,0.0
2023-04-03,72.87000274658203,74.20999908447266,72.62999725341797,73.94999694824219,72.2318115234375,12177900,0.0,0.0,0.0
2023-04-04,74.3499984741211,74.5,71.95999908447266,72.76000213623047,71.0694808959961,13972700,0.0,0.0,0.0
2023-04-05,72.25,72.69999694824219,71.19999694824219,72.11000061035156,70.43457794189453,11163000,0.0,0.0,0.0
2023-04-06,71.63999938964844,73.04000091552734,71.02999877929688,72.86000061035156,71.16715240478516,10565400,0.0,0.0,0.0
2023-04-10,71.4800033569336,73.13999938964844,71.1500015258789,73.11000061035156,71.41133117675781,9575800,0.0,0.0,0.0
2023-04-11,73.4000015258789,73.9000015258789,72.70999908447266,73.08999633789062,71.39179229736328,8626100,0.0,0.0,0.0
2023-04-12,74.2699966430664,74.41999816894531,71.91000366210938,72.26000213623047,70.58108520507812,17729600,0.0,0.0,0.0
2023-04-13,72.80000305175781,75.2300033569336,72.52999877929688,74.98999786376953,73.24765014648438,10435000,0.0,0.0,0.0
2023-04-14,74.6500015258789,75.87000274658203,73.12999725341797,74.5,72.76905059814453,11725200,0.0,0.0,0.0
2023-04-17,74.37000274658203,75.29000091552734,73.68000030517578,75.25,73.50162506103516,10242600,0.0,0.0,0.0
2023-04-18,76.12000274658203,76.18000030517578,74.56999969482422,75.3499984741211,73.59930419921875,9345700,0.0,0.0,0.0
2023-04-19,74.2699966430664,75.81999969482422,74.2300033569336,75.3499984741211,73.59930419921875,11041200,0.0,0.0,0.0
2023-04-20,73.6500015258789,75.01000213623047,73.13999938964844,73.98999786376953,72.2708969116211,11843300,0.0,0.0,0.0
2023-04-21,74.08999633789062,74.38999938964844,73.04000091552734,74.12000274658203,72.39787292480469,9073600,0.0,0.0,0.0
2023-04-24,73.98999786376953,74.58999633789062,73.23999786376953,74.33000183105469,72.60299682617188,7780300,0.0,0.0,0.0
2023-04-25,73.25,73.5199966430664,70.76000213623047,70.83000183105469,69.18431091308594,11346600,0.0,0.0,0.0
2023-04-26,71.13999938964844,71.68000030517578,69.58000183105469,69.9000015258789,68.27591705322266,12637700,0.0,0.0,0.0
2023-04-27,71.19000244140625,74.13999938964844,71.08000183105469,73.98999786376953,72.2708969116211,12998600,0.0,0.0,0.0
2023-04-28,73.48999786376953,75.87000274658203,73.44000244140625,75.87000274658203,74.10720825195312,9661000,0.0,0.0,0.0
2023-05-01,75.55000305175781,76.75,75.44999694824219,75.58000183105469,73.8239517211914,7783300,0.0,0.0,0.0
2023-05-02,75.16999816894531,75.18000030517578,71.37000274658203,73.06999969482422,71.37226104736328,13992500,0.0,0.0,0.0
2023-05-03,73.27999877929688,74.61000061035156,71.36000061035156,71.47000122070312,69.8094482421875,20785000,0.0,0.0,0.0
2023-05-04,70.87000274658203,71.04000091552734,69.19000244140625,69.95999908447266,68.33451843261719,15061700,0.0,0.0,0.0
2023-05-05,71.86000061035156,74.30999755859375,71.69000244140625,73.72000122070312,72.00717163085938,10082500,0.0,0.0,0.0
2023-05-08,73.87000274658203,74.05000305175781,73.0199966430664,73.80000305175781,72.0853042602539,7587800,0.0,0.0,0.0
2023-05-09,72.87999725341797,73.4000015258789,72.66000366210938,72.83999633789062,71.1476058959961,5791000,0.0,0.0,0.0
2023-05-10,74.3499984741211,74.69000244140625,71.69000244140625,73.81999969482422,72.10484313964844,16785600,0.0,0.0,0.0
2023-05-11,73.27999877929688,73.51000213623047,72.19999694824219,73.33000183105469,71.626220703125,9695100,0.0,0.0,0.0
2023-05-12,73.98999786376953,74.08999633789062,71.66000366210938,73.01000213623047,71.31365966796875,10101000,0.0,0.0,0.0
2023-05-15,73.33000183105469,73.95999908447266,72.2699966430664,73.70999908447266,71.99739837646484,8893000,0.0,0.0,0.0
2023-05-16,73.08999633789062,73.5999984741211,72.2300033569336,72.25,70.5713119506836,7032600,0.0,0.0,0.0
2023-05-17,73.33000183105469,75.19000244140625,72.44000244140625,74.83999633789062,73.10114288330078,11161200,0.0,0.0,0.0
2023-05-18,74.62000274658203,77.18000030517578,74.5,76.91000366210938,75.12305450439453,11482500,0.0,0.0,0.0
2023-05-19,77.41999816894531,77.70999908447266,75.86000061035156,76.5999984741211,74.82024383544922,9511500,0.0,0.0,0.0
2023-05-22,76.55999755859375,77.51000213623047,75.86000061035156,76.66000366210938,74.87886047363281,8110000,0.0,0.0,0.0
2023-05-23,75.68000030517578,76.23999786376953,73.80000305175781,74.05999755859375,72.3392562866211,8885700,0.0,0.0,0.0
2023-05-24,73.13999938964844,73.31999969482422,71.75,72.43000030517578,70.74714660644531,16363700,0.0,0.0,0.0
2023-05-25,74.25,75.02999877929688,73.05000305175781,74.20999908447266,72.48577880859375,11940300,0.0,0.0,0.0
2023-05-26,74.52999877929688,77.44000244140625,74.47000122070312,77.06999969482422,75.27932739257812,13126000,0.0,0.0,0.0
2023-05-30,78.12999725341797,78.43000030517578,76.30999755859375,77.08000183105469,75.28910064697266,9094100,0.0,0.0,0.0
2023-05-31,75.9800033569336,76.55999755859375,74.91000366210938,75.83000183105469,74.0681381225586,12182400,0.0,0.0,0.0
2023-06-01,75.87999725341797,78.5,75.19000244140625,77.93000030517578,76.11933898925781,11584500,0.0,0.0,0.0
2023-06-02,79.37000274658203,81.69999694824219,79.04000091552734,81.25,79.36221313476562,10481200,0.0,0.0,0.0
2023-06-05,81.44000244140625,82.16999816894531,80.33000183105469,80.72000122070312,78.84452819824219,10645600,0.0,0.0,0.0
2023-06-06,80.45999908447266,81.55999755859375,80.08999633789062,81.2699966430664,79.38174438476562,7150300,0.0,0.0,0.0
2023-06-07,81.44999694824219,82.13999938964844,80.13999938964844,80.47000122070312,78.60034942626953,14289000,0.0,0.0,0.0
2023-06-08,80.37999725341797,82.04000091552734,79.93000030517578,81.7300033569336,79.83106994628906,8148100,0.0,0.0,0.0
2023-06-09,82.2300033569336,83.36000061035156,81.58000183105469,82.20999908447266,80.29989624023438,8884800,0.0,0.0,0.0
2023-06-12,82.75,84.41000366210938,82.30999755859375,84.33999633789062,82.38040924072266,6507300,0.0,0.0,0.0
2023-06-13,85.2699966430664,86.41000366210938,84.8499984741211,86.0,84.00186157226562,10559700,0.0,0.0,0.0
2023-06-14,86.22000122070312,87.44999694824219,84.19999694824219,86.43000030517578,84.4218521118164,20155900,0.0,0.0,0.0
2023-06-15,85.76000213623047,90.22000122070312,85.69999694824219,89.4000015258789,87.32284545898438,13981000,0.0,0.0,0.0
2023-06-16,90.66000366210938,90.69999694824219,88.16000366210938,88.45999908447266,86.40469360351562,10017400,0.0,0.0,0.0
2023-06-20,87.22000122070312,87.7699966430664,85.7699966430664,87.13999938964844,85.11536407470703,6915800,0.0,0.0,0.0
2023-06-21,86.16999816894531,86.66999816894531,85.08000183105469,85.51000213623047,83.7712631225586,10555800,0.258,0.0,0.0
2023-06-22,84.81999969482422,86.33999633789062,84.5999984741211,86.27999877929688,84.52559661865234,9987200,0.0,0.0,0.0
2023-06-23,84.12000274658203,85.37999725341797,83.8499984741211,84.31999969482422,82.6054458618164,8737800,0.0,0.0,0.0
2023-06-26,83.94000244140625,85.08000183105469,83.0999984741211,83.2300033569336,81.5376205444336,9601100,0.0,0.0,0.0
2023-06-27,83.73999786376953,86.31999969482422,83.45999908447266,85.97000122070312,84.22190856933594,11297600,0.0,0.0,0.0
2023-06-28,85.2699966430664,86.68000030517578,84.87999725341797,86.1500015258789,84.39823913574219,14974900,0.0,0.0,0.0
2023-06-29,85.7300033569336,87.11000061035156,85.5199966430664,87.04000091552734,85.2701416015625,8989900,0.0,0.0,0.0
2023-06-30,88.91999816894531,90.5999984741211,88.72000122070312,89.9800033569336,88.15037536621094,8264600,0.0,0.0,0.0
2023-07-03,89.73999786376953,90.44000244140625,89.55999755859375,90.30000305175781,88.46385955810547,3604500,0.0,0.0,0.0
2023-07-05,89.0999984741211,90.31999969482422,89.0999984741211,89.87000274658203,88.04261016845703,12400100,0.0,0.0,0.0
2023-07-06,87.5199966430664,87.94000244140625,86.08999633789062,87.61000061035156,85.82855987548828,14827000,0.0,0.0,0.0
2023-07-07,86.9800033569336,89.37999725341797,86.77999877929688,86.91000366210938,85.14279174804688,8788800,0.0,0.0,0.0
2023-07-10,86.6500015258789,87.68000030517578,86.33000183105469,87.52999877929688,85.75018310546875,6371500,0.0,0.0,0.0
2023-07-11,88.0,89.52999877929688,87.4000015258789,89.26000213623047,87.44500732421875,10022700,0.0,0.0,0.0
2023-07-12,91.56999969482422,92.2300033569336,90.68000030517578,91.33000183105469,89.47291564941406,20474600,0.0,0.0,0.0
2023-07-13,92.41000366210938,93.94000244140625,92.18000030517578,93.36000061035156,91.46162414550781,7872500,0.0,0.0,0.0
2023-07-14,93.97000122070312,94.5,92.70999908447266,93.16999816894531,91.27550506591797,7729100,0.0,0.0,0.0
2023-07-17,93.04000091552734,94.81999969482422,93.01000213623047,94.12999725341797,92.21597290039062,7687300,0.0,0.0,0.0
2023-07-18,93.91000366210938,96.62000274658203,93.62000274658203,96.16000366210938,94.20470428466797,10001400,0.0,0.0,0.0
2023-07-19,96.70999908447266,97.58999633789062,96.2699966430664,96.69999694824219,94.73371887207031,11096800,0.0,0.0,0.0
2023-07-20,96.05999755859375,96.68000030517578,94.31999969482422,94.83999633789062,92.91154479980469,10804600,0.0,0.0,0.0
2023-07-21,95.86000061035156,96.01000213623047,94.73999786376953,94.7699966430664,92.84295654296875,7187700,0.0,0.0,0.0
2023-07-24,95.47000122070312,96.51000213623047,95.08000183105469,95.95999908447266,94.00878143310547,5986500,0.0,0.0,0.0
2023-07-25,95.77999877929688,97.55999755859375,95.75,96.7699966430664,94.80229187011719,6582100,0.0,0.0,0.0
2023-07-26,96.0999984741211,97.69999694824219,95.41000366210938,96.83000183105469,94.861083984375,15197000,0.0,0.0,0.0
2023-07-27,98.94000244140625,99.19999694824219,94.16000366210938,94.80999755859375,92.88214874267578,11782900,0.0,0.0,0.0
2023-07-28,96.83999633789062,98.05000305175781,96.3499984741211,97.4800033569336,95.49786376953125,8873600,0.0,0.0,0.0
2023-07-31,97.77999877929688,98.27999877929688,96.91999816894531,98.08999633789062,96.095458984375,5720700,0.0,0.0,0.0
2023-08-01,97.02999877929688,97.6500015258789,96.54000091552734,97.12000274658203,95.14517974853516,5450100,0.0,0.0,0.0
2023-08-02,95.05000305175781,95.25,92.58999633789062,93.11000061035156,91.21672821044922,9704600,0.0,0.0,0.0
2023-08-03,91.7300033569336,93.41000366210938,91.29000091552734,92.23999786376953,90.36441040039062,7617400,0.0,0.0,0.0
2023-08-04,93.33000183105469,94.66000366210938,90.56999969482422,90.9000015258789,89.05165100097656,10493700,0.0,0.0,0.0
2023-08-07,92.02999877929688,93.33999633789062,91.5999984741211,93.2300033569336,91.33428192138672,6696200,0.0,0.0,0.0
2023-08-08,91.61000061035156,92.29000091552734,89.83999633789062,92.04000091552734,90.1684799194336,8697300,0.0,0.0,0.0
2023-08-09,92.19000244140625,92.2300033569336,89.63999938964844,90.19000244140625,88.35609436035156,10228400,0.0,0.0,0.0
2023-08-10,91.51000213623047,93.66000366210938,89.4000015258789,90.16999816894531,88.33650207519531,15466100,0.0,0.0,0.0
2023-08-11,88.87999725341797,90.56999969482422,88.52999877929688,89.94000244140625,88.11117553710938,9366200,0.0,0.0,0.0
2023-08-14,89.29000091552734,91.38999938964844,89.12999725341797,91.3499984741211,89.49250793457031,6042800,0.0,0.0,0.0
2023-08-15,90.25,90.44999694824219,87.81999969482422,88.2300033569336,86.43595886230469,8806300,0.0,0.0,0.0
2023-08-16,87.83999633789062,88.9000015258789,86.16000366210938,86.25,84.49620819091797,9315300,0.0,0.0,0.0
2023-08-17,87.0199966430664,87.16000366210938,83.80999755859375,84.13999938964844,82.42910766601562,11069200,0.0,0.0,0.0
2023-08-18,82.33999633789062,84.83000183105469,82.19000244140625,84.1500015258789,82.43890380859375,8221100,0.0,0.0,0.0
2023-08-21,84.76000213623047,86.27999877929688,83.48999786376953,85.83999633789062,84.09453582763672,6650500,0.0,0.0,0.0
2023-08-22,86.77999877929688,86.87999725341797,84.76000213623047,85.05999755859375,83.33041381835938,7012000,0.0,0.0,0.0
2023-08-23,85.66000366210938,88.27999877929688,85.62000274658203,87.87000274658203,86.0832748413086,6090900,0.0,0.0,0.0
2023-08-24,88.81999969482422,89.13999938964844,84.13999938964844,84.22000122070312,82.50749206542969,6831200,0.0,0.0,0.0
2023-08-25,85.18000030517578,86.69000244140625,83.04000091552734,85.93000030517578,84.18272399902344,10681400,0.0,0.0,0.0
2023-08-28,87.20999908447266,87.9000015258789,86.41000366210938,87.45999908447266,85.68161010742188,5712900,0.0,0.0,0.0
2023-08-29,87.44999694824219,91.47000122070312,87.33000183105469,91.2699966430664,89.41413879394531,7596400,0.0,0.0,0.0
2023-08-30,91.52999877929688,92.80000305175781,91.0199966430664,92.47000122070312,90.58973693847656,7348800,0.0,0.0,0.0
2023-08-31,92.70999908447266,93.41000366210938,91.79000091552734,91.91000366210938,90.0411376953125,5453400,0.0,0.0,0.0
2023-09-01,93.62000274658203,93.87999725341797,91.44000244140625,92.37000274658203,90.49176788330078,5485400,0.0,0.0,0.0
2023-09-05,92.06999969482422,92.26000213623047,91.0999984741211,91.13999938964844,89.28677368164062,4136800,0.0,0.0,0.0
2023-09-06,90.5999984741211,90.66000366210938,87.80999755859375,89.29000091552734,87.47441101074219,6308600,0.0,0.0,0.0
2023-09-07,87.33999633789062,88.79000091552734,87.12000274658203,88.33000183105469,86.53392028808594,5910700,0.0,0.0,0.0
2023-09-08,88.38999938964844,89.66000366210938,88.12000274658203,88.72000122070312,86.9159927368164,5419300,0.0,0.0,0.0
2023-09-11,90.27999877929688,90.62999725341797,89.23999786376953,90.44000244140625,88.60101318359375,5197400,0.0,0.0,0.0
2023-09-12,89.48999786376953,90.44999694824219,88.55999755859375,88.91000366210938,87.10211181640625,5367300,0.0,0.0,0.0
2023-09-13,89.0,89.91999816894531,88.33999633789062,89.25,87.43521118164062,6003100,0.0,0.0,0.0
2023-09-14,90.68000030517578,91.8499984741211,89.83000183105469,91.43000030517578,89.57087707519531,5651200,0.0,0.0,0.0
2023-09-15,90.44000244140625,90.58000183105469,87.80000305175781,88.06999969482422,86.27920532226562,9077400,0.0,0.0,0.0
2023-09-18,87.8499984741211,88.9800033569336,87.55999755859375,88.23999786376953,86.44573974609375,5653800,0.0,0.0,0.0
2023-09-19,87.37999725341797,87.76000213623047,85.7699966430664,87.48999786376953,85.89984893798828,7027700,0.194,0.0,0.0
2023-09-20,88.12999725341797,88.41000366210938,84.88999938964844,84.95999908447266,83.41583251953125,10040700,0.0,0.0,0.0
2023-09-21,83.19999694824219,83.36000061035156,80.5999984741211,80.73999786376953,79.27253723144531,10337700,0.0,0.0,0.0
2023-09-22,81.25,82.16999816894531,79.87999725341797,80.08000183105469,78.62454223632812,10096700,0.0,0.0,0.0
2023-09-25,79.36000061035156,81.11000061035156,79.13999938964844,81.08000183105469,79.60636138916016,8551700,0.0,0.0,0.0
2023-09-26,79.29000091552734,79.69999694824219,77.0199966430664,77.47000122070312,76.06196594238281,13269800,0.0,0.0,0.0
2023-09-27,78.12000274658203,78.44000244140625,75.51000213623047,77.51000213623047,76.10124206542969,14746900,0.0,0.0,0.0
2023-09-28,77.25,79.77999877929688,76.83999633789062,78.87000274658203,77.4365234375,11895200,0.0,0.0,0.0
2023-09-29,80.54000091552734,80.62000274658203,77.37000274658203,78.19999694824219,76.77870178222656,15546100,0.0,0.0,0.0
2023-10-02,77.72000122070312,78.80999755859375,76.55999755859375,78.11000061035156,76.6903305053711,13468200,0.0,0.0,0.0
2023-10-03,76.83000183105469,77.70999908447266,74.16999816894531,74.93000030517578,73.5681381225586,13343700,0.0,0.0,0.0
2023-10-04,75.16000366210938,76.97000122070312,74.36000061035156,76.62000274658203,75.22742462158203,12714500,0.0,0.0,0.0
2023-10-05,76.33000183105469,76.86000061035156,74.62000274658203,76.41000366210938,75.02123260498047,8347300,0.0,0.0,0.0
2023-10-06,75.0,79.91000366210938,74.23999786376953,79.0199966430664,77.58379364013672,12329600,0.0,0.0,0.0
2023-10-09,77.94000244140625,80.88999938964844,77.63999938964844,80.5199966430664,79.05653381347656,9563600,0.0,0.0,0.0
2023-10-10,80.91000366210938,83.27999877929688,80.6500015258789,81.79000091552734,80.3034439086914,9483900,0.0,0.0,0.0
2023-10-11,82.4000015258789,82.91999816894531,80.9800033569336,82.80000305175781,81.29509735107422,8294000,0.0,0.0,0.0
2023-10-12,83.05000305175781,83.2699966430664,79.80000305175781,81.23999786376953,79.76344299316406,11726300,0.0,0.0,0.0
2023-10-13,82.02999877929688,82.69999694824219,79.0,79.91999816894531,78.4674301147461,13110800,0.0,0.0,0.0
2023-10-16,81.18000030517578,83.02999877929688,81.02999877929688,82.43000030517578,80.93181610107422,11148700,0.0,0.0,0.0
2023-10-17,80.55999755859375,83.55999755859375,80.3499984741211,82.37000274658203,80.87291717529297,14245700,0.0,0.0,0.0
2023-10-18,81.30999755859375,81.87000274658203,78.41999816894531,79.06999969482422,77.63288116455078,14273500,0.0,0.0,0.0
2023-10-19,79.36000061035156,80.4000015258789,76.51000213623047,76.91000366210938,75.51215362548828,14782300,0.0,0.0,0.0
2023-10-20,76.62999725341797,76.9000015258789,73.93000030517578,74.0199966430664,72.67467498779297,16557500,0.0,0.0,0.0
2023-10-23,73.12000274658203,75.69000244140625,72.18000030517578,73.58000183105469,72.24268341064453,17597900,0.0,0.0,0.0
2023-10-24,74.69000244140625,75.8499984741211,73.70999908447266,75.25,73.88233184814453,13914400,0.0,0.0,0.0
2023-10-25,74.30999755859375,74.30999755859375,71.69000244140625,71.97000122070312,70.66194152832031,14034300,0.0,0.0,0.0
2023-10-26,71.3499984741211,71.77999877929688,68.81999969482422,69.37000274658203,68.10919952392578,13897800,0.0,0.0,0.0
2023-10-27,70.0999984741211,70.30000305175781,67.5999984741211,68.33000183105469,67.08809661865234,16908800,0.0,0.0,0.0
2023-10-30,69.73999786376953,71.29000091552734,69.06999969482422,70.77999877929688,69.49356079101562,13486500,0.0,0.0,0.0
2023-10-31,71.0199966430664,72.22000122070312,70.02999877929688,72.04000091552734,70.73066711425781,14616400,0.0,0.0,0.0
2023-11-01,72.54000091552734,74.77999877929688,72.26000213623047,74.33999633789062,72.98885345458984,14963500,0.0,0.0,0.0
2023-11-02,76.4000015258789,78.6500015258789,76.36000061035156,78.56999969482422,77.14197540283203,10974000,0.0,0.0,0.0
2023-11-03,79.83000183105469,81.55000305175781,79.76000213623047,80.66999816894531,79.20381164550781,13149800,0.0,0.0,0.0
2023-11-06,81.08000183105469,81.45999908447266,80.08999633789062,81.19999694824219,79.72417449951172,11053500,0.0,0.0,0.0
2023-11-07,81.16999816894531,82.2300033569336,80.5199966430664,81.87000274658203,80.38199615478516,8066300,0.0,0.0,0.0
2023-11-08,82.18000030517578,82.48999786376953,80.68000030517578,82.0,80.5096435546875,9689000,0.0,0.0,0.0
2023-11-09,82.62999725341797,82.63999938964844,79.77999877929688,80.0199966430664,78.56562042236328,13341500,0.0,0.0,0.0
2023-11-10,81.1500015258789,83.91000366210938,80.31999969482422,83.70999908447266,82.18856048583984,11454200,0.0,0.0,0.0
2023-11-13,82.93000030517578,84.12999725341797,82.47000122070312,83.41000366210938,81.8940200805664,10214800,0.0,0.0,0.0
2023-11-14,86.97000122070312,89.05999755859375,86.80000305175781,88.29000091552734,86.68531036376953,10930700,0.0,0.0,0.0
2023-11-15,89.08000183105469,89.83999633789062,88.33000183105469,88.83999633789062,87.2253189086914,8035400,0.0,0.0,0.0
2023-11-16,88.51000213623047,89.29000091552734,87.86000061035156,89.05000305175781,87.43151092529297,8829600,0.0,0.0,0.0
2023-11-17,89.05000305175781,89.76000213623047,88.51000213623047,89.52999877929688,87.90277862548828,10775100,0.0,0.0,0.0
2023-11-20,89.20999908447266,91.94999694824219,89.20999908447266,91.4000015258789,89.73878479003906,10069200,0.0,0.0,0.0
2023-11-21,90.72000122070312,91.04000091552734,90.0,90.73999786376953,89.09077453613281,12771000,0.0,0.0,0.0
2023-11-22,91.70999908447266,92.56999969482422,91.08000183105469,91.76000213623047,90.09224700927734,8061700,0.0,0.0,0.0
2023-11-24,91.69999694824219,91.95999908447266,91.5199966430664,91.8499984741211,90.18061065673828,2941200,0.0,0.0,0.0
2023-11-27,91.41000366210938,91.95999908447266,91.0999984741211,91.33000183105469,89.67005920410156,6130200,0.0,0.0,0.0
2023-11-28,91.05000305175781,92.4000015258789,90.72000122070312,91.58000183105469,89.91552734375,6739200,0.0,0.0,0.0
2023-11-29,92.9000015258789,93.58999633789062,91.12999725341797,91.41999816894531,89.7584228515625,7805900,0.0,0.0,0.0
2023-11-30,91.83000183105469,92.58999633789062,90.52999877929688,92.38999938964844,90.7107925415039,10001900,0.0,0.0,0.0
2023-12-01,91.95999908447266,94.30999755859375,91.58999633789062,93.91999816894531,92.21298217773438,10621300,0.0,0.0,0.0
2023-12-04,91.80000305175781,92.63999938964844,91.02999877929688,92.5,90.81878662109375,11775000,0.0,0.0,0.0
2023-12-05,91.52999877929688,92.9800033569336,91.33000183105469,92.41000366210938,90.73043823242188,10406000,0.0,0.0,0.0
2023-12-06,93.68000030517578,93.70999908447266,90.95999908447266,91.19999694824219,89.54241943359375,9167000,0.0,0.0,0.0
2023-12-07,92.44000244140625,93.63999938964844,92.05999755859375,93.22000122070312,91.52571868896484,7221800,0.0,0.0,0.0
2023-12-08,92.70999908447266,94.69999694824219,92.55999755859375,94.33999633789062,92.62535095214844,9790700,0.0,0.0,0.0
2023-12-11,94.23999786376953,95.55999755859375,93.91000366210938,95.47000122070312,93.73481750488281,6082500,0.0,0.0,0.0
2023-12-12,95.20999908447266,96.79000091552734,94.56999969482422,96.73999786376953,94.98172760009766,6052000,0.0,0.0,0.0
2023-12-13,96.94000244140625,100.87999725341797,96.70999908447266,100.66000366210938,98.83049774169922,10743200,0.0,0.0,0.0
2023-12-14,101.88999938964844,102.68000030517578,99.79000091552734,101.55000305175781,99.70431518554688,10282000,0.0,0.0,0.0
2023-12-15,101.12999725341797,101.87000274658203,100.47000122070312,101.12000274658203,99.2821273803711,9053500,0.0,0.0,0.0
2023-12-18,102.12000274658203,103.37000274658203,101.9800033569336,102.7300033569336,100.86287689208984,7070200,0.0,0.0,0.0
2023-12-19,103.08000183105469,104.5999984741211,103.0,104.52999877929688,102.6301498413086,5429400,0.0,0.0,0.0
2023-12-20,103.9000015258789,105.20999908447266,99.91999816894531,100.04000091552734,98.22174835205078,11952500,0.0,0.0,0.0
2023-12-21,101.69999694824219,102.7300033569336,100.12000274658203,102.51000213623047,100.9536361694336,8639100,0.304,0.0,0.0
2023-12-22,103.27999877929688,104.26000213623047,101.87999725341797,103.13999938964844,101.5740737915039,6531300,0.0,0.0,0.0
2023-12-26,103.37999725341797,105.01000213623047,103.30000305175781,104.36000061035156,102.77555084228516,4480100,0.0,0.0,0.0
2023-12-27,104.23999786376953,105.08000183105469,103.91000366210938,105.0,103.40583038330078,7931500,0.0,0.0,0.0
2023-12-28,105.01000213623047,105.4800033569336,104.6500015258789,105.0,103.40583038330078,5232600,0.0,0.0,0.0
2023-12-29,104.6500015258789,105.11000061035156,102.6500015258789,103.98999786376953,102.41117095947266,8692600,0.0,0.0,0.0
2024-01-02,101.87999725341797,102.83999633789062,100.76000213623047,102.12000274658203,100.5695571899414,8732800,0.0,0.0,0.0
2024-01-03,100.69999694824219,101.19999694824219,99.25,99.62999725341797,98.11735534667969,11632600,0.0,0.0,0.0
2024-01-04,99.2699966430664,100.93000030517578,98.44000244140625,98.62999725341797,97.1325454711914,7422300,0.0,0.0,0.0
2024-01-05,98.6500015258789,100.55000305175781,98.0,98.93000030517578,97.42798614501953,10967400,0.0,0.0,0.0
2024-01-08,99.22000122070312,103.2300033569336,99.1500015258789,103.0999984741211,101.53468322753906,8596400,0.0,0.0,0.0
2024-01-09,101.31999969482422,103.33000183105469,100.98999786376953,102.55999755859375,101.00287628173828,11699800,0.0,0.0,0.0
2024-01-10,102.80000305175781,104.93000030517578,102.5999984741211,104.36000061035156,102.77555084228516,9823600,0.0,0.0,0.0
2024-01-11,104.87000274658203,105.22000122070312,101.37999725341797,104.08000183105469,102.49979400634766,8716900,0.0,0.0,0.0
2024-01-12,104.97000122070312,105.4800033569336,103.29000091552734,104.25,102.66720581054688,6557100,0.0,0.0,0.0
2024-01-16,103.26000213623047,104.1500015258789,101.81999969482422,103.05999755859375,101.49529266357422,13261800,0.0,0.0,0.0
2024-01-17,100.95999908447266,101.62000274658203,99.72000122070312,101.31999969482422,99.78170013427734,8442300,0.0,0.0,0.0
2024-01-18,102.27999877929688,104.22000122070312,101.2699966430664,103.9000015258789,102.32254791259766,7684400,0.0,0.0,0.0
2024-01-19,104.5999984741211,107.91000366210938,104.13999938964844,107.66000366210938,106.02543640136719,10010800,0.0,0.0,0.0
2024-01-22,108.70999908447266,109.55999755859375,107.91999816894531,108.3499984741211,106.7049789428711,12762900,0.0,0.0,0.0
2024-01-23,108.68000030517578,109.43000030517578,107.95999908447266,109.23999786376953,107.58145904541016,6720800,0.0,0.0,0.0
2024-01-24,111.18000030517578,111.87000274658203,109.3499984741211,109.55000305175781,107.88674926757812,7679600,0.0,0.0,0.0
2024-01-25,110.94999694824219,111.4800033569336,109.51000213623047,111.31999969482422,109.62987518310547,6089600,0.0,0.0,0.0
2024-01-26,110.93000030517578,111.9800033569336,110.2300033569336,110.91999816894531,109.23595428466797,10774900,0.0,0.0,0.0
2024-01-29,110.95999908447266,113.51000213623047,110.61000061035156,113.37999725341797,111.65859985351562,5696300,0.0,0.0,0.0
2024-01-30,112.87999725341797,113.61000061035156,112.56999969482422,113.13999938964844,111.4222640991211,4861300,0.0,0.0,0.0
2024-01-31,111.5,111.83000183105469,107.48999786376953,107.55999755859375,105.92696380615234,10411500,0.0,0.0,0.0
2024-02-01,108.58000183105469,111.68000030517578,108.02999877929688,111.61000061035156,109.91547393798828,15098100,0.0,0.0,0.0
2024-02-02,111.91000366210938,116.30000305175781,111.68000030517578,115.11000061035156,113.36233520507812,9528000,0.0,0.0,0.0
2024-02-05,114.63999938964844,114.95999908447266,112.2300033569336,113.81999969482422,112.0919189453125,11377300,0.0,0.0,0.0
2024-02-06,114.47000122070312,115.0199966430664,113.44999694824219,114.73999786376953,112.9979476928711,6819200,0.0,0.0,0.0
2024-02-07,116.36000061035156,117.93000030517578,115.73999786376953,117.56999969482422,115.78498840332031,5542800,0.0,0.0,0.0
2024-02-08,117.52999877929688,117.94000244140625,116.91999816894531,117.70999908447266,115.92285919189453,4075700,0.0,0.0,0.0
2024-02-09,118.0,119.98999786376953,117.73999786376953,119.62000274658203,117.8038558959961,5414900,0.0,0.0,0.0
2024-02-12,119.6500015258789,121.26000213623047,118.93000030517578,119.41999816894531,117.60690307617188,5474100,0.0,0.0,0.0
2024-02-13,114.80000305175781,115.75,112.08999633789062,114.51000213623047,112.77144622802734,9210600,0.0,0.0,0.0
2024-02-14,116.33999633789062,117.93000030517578,114.66000366210938,117.55999755859375,115.77513122558594,6561800,0.0,0.0,0.0
2024-02-15,117.98999786376953,119.98999786376953,117.58999633789062,119.81999969482422,118.0008316040039,6601900,0.0,0.0,0.0
2024-02-16,119.61000061035156,120.4000015258789,117.47000122070312,117.97000122070312,116.17890930175781,6946900,0.0,0.0,0.0
2024-02-20,116.70999908447266,117.19000244140625,114.38999938964844,115.94999694824219,114.1895751953125,6589200,0.0,0.0,0.0
2024-02-21,115.0199966430664,116.38999938964844,113.7300033569336,116.25,114.48503112792969,6509200,0.0,0.0,0.0
2024-02-22,120.91000366210938,124.0999984741211,120.2699966430664,123.4000015258789,121.52648162841797,6293300,0.0,0.0,0.0
2024-02-23,124.62999725341797,125.27999877929688,123.05999755859375,123.52999877929688,121.65449523925781,6649300,0.0,0.0,0.0
2024-02-26,123.87999725341797,124.22000122070312,122.12000274658203,122.2300033569336,120.3742446899414,4292600,0.0,0.0,0.0
2024-02-27,122.69000244140625,123.0199966430664,121.27999877929688,122.80999755859375,120.94542694091797,4652400,0.0,0.0,0.0
2024-02-28,121.68000030517578,122.76000213623047,121.37999725341797,122.25,120.3939437866211,3882300,0.0,0.0,0.0
2024-02-29,123.55000305175781,124.73999786376953,121.56999969482422,123.43000030517578,121.5560302734375,6950900,0.0,0.0,0.0
2024-03-01,124.16000366210938,127.30999755859375,123.83000183105469,127.04000091552734,125.11122131347656,6119100,0.0,0.0,0.0
2024-03-04,126.37999725341797,127.94000244140625,126.31999969482422,126.48999786376953,124.5695571899414,4766400,0.0,0.0,0.0
2024-03-05,124.94000244140625,125.31999969482422,121.0,122.69999694824219,120.83709716796875,6849300,0.0,0.0,0.0
2024-03-06,125.12000274658203,126.19999694824219,123.54000091552734,124.54000091552734,122.64916229248047,6240700,0.0,0.0,0.0
2024-03-07,126.93000030517578,128.92999267578125,126.22000122070312,128.14999389648438,126.20436096191406,5795800,0.0,0.0,0.0
2024-03-08,128.57000732421875,130.60000610351562,125.29000091552734,125.7300033569336,123.82109832763672,9774600,0.0,0.0,0.0
2024-03-11,124.75,125.80000305175781,123.33000183105469,125.37000274658203,123.4665756225586,7690100,0.0,0.0,0.0
2024-03-12,126.91999816894531,129.80999755859375,125.0,129.38999938964844,127.42552185058594,6147900,0.0,0.0,0.0
2024-03-13,129.5500030517578,129.7100067138672,127.62000274658203,128.7100067138672,126.75586700439453,3708000,0.0,0.0,0.0
2024-03-14,129.3300018310547,129.4600067138672,125.48999786376953,127.80000305175781,125.85967254638672,5564600,0.0,0.0,0.0
2024-03-15,125.41000366210938,126.52999877929688,124.05000305175781,125.02999877929688,123.13172912597656,6092300,0.0,0.0,0.0
2024-03-18,128.1699981689453,129.24000549316406,126.9800033569336,127.29000091552734,125.35741424560547,6188800,0.0,0.0,0.0
2024-03-19,126.33999633789062,129.2100067138672,125.58000183105469,129.07000732421875,127.50606536865234,5291800,0.395,0.0,0.0
2024-03-20,129.02000427246094,132.63999938964844,128.47999572753906,132.4499969482422,130.8450927734375,6279100,0.0,0.0,0.0
2024-03-21,134.6699981689453,135.1999969482422,133.50999450683594,133.69000244140625,132.070068359375,4330600,0.0,0.0,0.0
2024-03-22,133.49000549316406,133.99000549316406,132.75,132.94000244140625,131.3291778564453,4111700,0.0,0.0,0.0
2024-03-25,131.75999450683594,132.67999267578125,131.64999389648438,131.8800048828125,130.28201293945312,5737500,0.0,0.0,0.0
2024-03-26,132.8699951171875,133.08999633789062,130.67999267578125,130.80999755859375,129.22496032714844,6567800,0.0,0.0,0.0
2024-03-27,133.0,134.13999938964844,131.33999633789062,134.0800018310547,132.45533752441406,4600500,0.0,0.0,0.0
2024-03-28,134.1300048828125,135.16000366210938,133.77999877929688,134.02999877929688,132.4059600830078,3843700,0.0,0.0,0.0
2024-04-01,134.5399932861328,134.9499969482422,132.3300018310547,133.35000610351562,131.7342071533203,5667000,0.0,0.0,0.0
2024-04-02,130.16000366210938,130.75,128.8300018310547,130.67999267578125,129.09654235839844,3696600,0.0,0.0,0.0
2024-04-03,129.74000549316406,132.19000244140625,129.72000122070312,131.0500030517578,129.4620819091797,4613100,0.0,0.0,0.0
2024-04-04,134.02999877929688,134.3000030517578,125.87000274658203,126.18000030517578,124.65106964111328,7072700,0.0,0.0,0.0
2024-04-05,127.0999984741211,131.47999572753906,126.73999786376953,129.92999267578125,128.35562133789062,6946100,0.0,0.0,0.0
2024-04-08,130.5,131.27000427246094,129.5500030517578,130.07000732421875,128.4939422607422,6096000,0.0,0.0,0.0
2024-04-09,131.47999572753906,131.6699981689453,126.83999633789062,130.52000427246094,128.93849182128906,5409100,0.0,0.0,0.0
2024-04-10,126.11000061035156,128.1300048828125,125.08000183105469,126.61000061035156,125.07587432861328,7529400,0.0,0.0,0.0
2024-04-11,127.61000061035156,130.42999267578125,124.9800033569336,129.39999389648438,127.83204650878906,5004700,0.0,0.0,0.0
2024-04-12,126.56999969482422,127.62999725341797,122.58999633789062,123.83999633789062,122.33942413330078,8850300,0.0,0.0,0.0
2024-04-15,127.01000213623047,127.0999984741211,118.5999984741211,119.26000213623047,117.81492614746094,8718500,0.0,0.0,0.0
2024-04-16,119.52999877929688,120.62000274658203,117.58999633789062,118.5199966430664,117.08389282226562,5997700,0.0,0.0,0.0
2024-04-17,120.26000213623047,120.36000061035156,115.36000061035156,116.3499984741211,114.940185546875,6666500,0.0,0.0,0.0
2024-04-18,117.22000122070312,118.72000122070312,114.83999633789062,115.52999877929688,114.130126953125,5587900,0.0,0.0,0.0
2024-04-19,115.37999725341797,116.0999984741211,111.54000091552734,112.55000305175781,111.18624114990234,11659000,0.0,0.0,0.0
2024-04-22,114.20999908447266,117.30999755859375,112.56999969482422,115.44999694824219,114.05109405517578,6315100,0.0,0.0,0.0
2024-04-23,116.87999725341797,119.87000274658203,116.5,119.51000213623047,118.06190490722656,5019700,0.0,0.0,0.0
2024-04-24,120.1500015258789,120.72000122070312,117.73999786376953,119.3499984741211,117.9038314819336,10395500,0.0,0.0,0.0
2024-04-25,114.79000091552734,118.41999816894531,113.5999984741211,117.83999633789062,116.41212463378906,6755700,0.0,0.0,0.0
2024-04-26,119.8499984741211,122.30999755859375,119.37999725341797,121.13999938964844,119.6721420288086,6060500,0.0,0.0,0.0
2024-04-29,122.41000366210938,122.88999938964844,120.38999938964844,122.36000061035156,120.87736511230469,3177100,0.0,0.0,0.0
2024-04-30,121.2699966430664,122.0,116.54000091552734,116.62000274658203,115.20692443847656,5167600,0.0,0.0,0.0
2024-05-01,116.06999969482422,120.8499984741211,115.02999877929688,115.3499984741211,113.95230102539062,6631100,0.0,0.0,0.0
2024-05-02,117.88999938964844,119.06999969482422,114.70999908447266,118.44000244140625,117.00485229492188,4396500,0.0,0.0,0.0
2024-05-03,122.7699966430664,123.63999938964844,120.94000244140625,122.86000061035156,121.37129974365234,4857700,0.0,0.0,0.0
2024-05-06,124.55999755859375,126.62999725341797,124.30000305175781,126.62000274658203,125.08574676513672,3515200,0.0,0.0,0.0
2024-05-07,127.30999755859375,128.0500030517578,126.5,127.0999984741211,125.55992889404297,7257900,0.0,0.0,0.0
2024-05-08,125.58000183105469,127.37999725341797,125.47000122070312,127.02999877929688,125.49077606201172,2878500,0.0,0.0,0.0
2024-05-09,127.01000213623047,129.11000061035156,126.54000091552734,129.10000610351562,127.53569793701172,3182100,0.0,0.0,0.0
2024-05-10,130.22000122070312,130.86000061035156,128.55999755859375,129.5500030517578,127.98026275634766,3421400,0.0,0.0,0.0
2024-05-13,130.75999450683594,130.82000732421875,128.6300048828125,129.57000732421875,128.00001525878906,2517700,0.0,0.0,0.0
2024-05-14,129.60000610351562,131.6300048828125,129.2100067138672,131.2100067138672,129.62013244628906,3804900,0.0,0.0,0.0
2024-05-15,133.13999938964844,136.32000732421875,132.6300048828125,136.08999633789062,134.44097900390625,3676600,0.0,0.0,0.0
2024-05-16,136.02999877929688,137.3000030517578,134.97000122070312,135.07000732421875,133.43336486816406,10316300,0.0,0.0,0.0
2024-05-17,135.13999938964844,135.69000244140625,134.0,135.58999633789062,133.9470672607422,3344400,0.0,0.0,0.0
2024-05-20,135.69000244140625,137.22999572753906,135.38999938964844,136.11000061035156,134.46075439453125,2645700,0.0,0.0,0.0
2024-05-21,135.41000366210938,137.16000366210938,135.27999877929688,137.0,135.33998107910156,2329900,0.0,0.0,0.0
2024-05-22,136.42999267578125,136.99000549316406,134.0800018310547,135.7899932861328,134.14463806152344,4506300,0.0,0.0,0.0
2024-05-23,138.0800018310547,138.1199951171875,131.6999969482422,132.6699981689453,131.06243896484375,4623300,0.0,0.0,0.0
2024-05-24,134.0500030517578,135.8300018310547,133.27999877929688,135.22999572753906,133.59141540527344,2688100,0.0,0.0,0.0
2024-05-28,135.8300018310547,136.00999450683594,133.41000366210938,135.5,133.858154296875,2587100,0.0,0.0,0.0
2024-05-29,132.2899932861328,133.5,132.0500030517578,132.64999389648438,131.04266357421875,6054300,0.0,0.0,0.0
2024-05-30,131.3699951171875,131.8699951171875,128.97999572753906,129.97999572753906,128.405029296875,4307800,0.0,0.0,0.0
2024-05-31,130.52000427246094,133.49000549316406,126.61000061035156,133.3000030517578,131.68479919433594,5937800,0.0,0.0,0.0
2024-06-03,134.57000732421875,134.64999389648438,129.67999267578125,133.55999755859375,131.941650390625,4743100,0.0,0.0,0.0
2024-06-04,132.61000061035156,134.58999633789062,131.38999938964844,133.94000244140625,132.31704711914062,3825400,0.0,0.0,0.0
2024-06-05,135.72999572753906,138.75,134.24000549316406,138.69000244140625,137.00949096679688,3774200,0.0,0.0,0.0
2024-06-06,138.97999572753906,139.2899932861328,137.13999938964844,138.63999938964844,136.96009826660156,2680500,0.0,0.0,0.0
2024-06-07,137.8000030517578,140.2899932861328,136.89999389648438,137.97000122070312,136.29820251464844,3539000,0.0,0.0,0.0
2024-06-10,137.3800048828125,139.5399932861328,136.89999389648438,139.24000549316406,137.55284118652344,2695200,0.0,0.0,0.0
2024-06-11,138.02999877929688,140.2899932861328,136.39999389648438,140.16000366210938,138.46168518066406,2803400,0.0,0.0,0.0
2024-06-12,143.85000610351562,145.77000427246094,142.8000030517578,143.57000732421875,141.8303680419922,4086600,0.0,0.0,0.0
2024-06-13,145.02000427246094,145.14999389648438,142.1999969482422,144.4600067138672,142.70957946777344,6772000,0.0,0.0,0.0
2024-06-14,143.10000610351562,144.6300048828125,142.25,144.57000732421875,142.81825256347656,6709800,0.0,0.0,0.0
2024-06-17,144.02000427246094,149.0800018310547,143.60000610351562,147.9499969482422,146.15728759765625,2904900,0.0,0.0,0.0
2024-06-18,147.97000122070312,149.14999389648438,147.63999938964844,149.02999877929688,147.2241973876953,2066300,0.0,0.0,0.0
2024-06-20,149.7899932861328,150.33999633789062,146.3300018310547,147.7899932861328,145.99923706054688,3665200,0.0,0.0,0.0
2024-06-21,147.02000427246094,147.97000122070312,145.85000610351562,146.74000549316406,144.9619598388672,2250300,0.0,0.0,0.0
2024-06-24,146.82000732421875,148.9499969482422,145.4600067138672,145.49000549316406,143.72711181640625,8573400,0.0,0.0,0.0
2024-06-25,146.13999938964844,147.1699981689453,144.92999267578125,146.86000061035156,145.41732788085938,2334300,0.337,0.0,0.0
2024-06-26,145.89999389648438,147.9499969482422,145.33999633789062,147.42999267578125,145.98171997070312,6060000,0.0,0.0,0.0
2024-06-27,147.22999572753906,148.47999572753906,146.57000732421875,147.92999267578125,146.476806640625,2235000,0.0,0.0,0.0
2024-06-28,148.4600067138672,151.0,145.10000610351562,146.07000732421875,144.63510131835938,3460700,0.0,0.0,0.0
2024-07-01,147.1699981689453,147.35000610351562,144.63999938964844,146.99000549316406,145.54605102539062,2699400,0.0,0.0,0.0
2024-07-02,145.5399932861328,149.82000732421875,145.47999572753906,149.77000427246094,148.2987518310547,2550600,0.0,0.0,0.0
2024-07-03,149.47000122070312,152.00999450683594,149.44000244140625,151.6699981689453,150.18006896972656,5058400,0.0,0.0,0.0
2024-07-05,151.82000732421875,154.5500030517578,151.25999450683594,154.2100067138672,152.69512939453125,2321600,0.0,0.0,0.0
2024-07-08,154.85000610351562,155.5,153.75999450683594,154.69000244140625,153.17041015625,2247500,0.0,0.0,0.0
2024-07-09,155.4600067138672,156.22000122070312,154.80999755859375,155.07000732421875,153.5466766357422,2039400,0.0,0.0,0.0
2024-07-10,156.07000732421875,159.9199981689453,155.82000732421875,159.5500030517578,157.982666015625,2631300,0.0,0.0,0.0
2024-07-11,159.6699981689453,160.4499969482422,154.88999938964844,155.42999267578125,153.9031219482422,4128400,0.0,0.0,0.0
2024-07-12,156.24000549316406,161.3300018310547,155.9600067138672,158.16000366210938,156.6063232421875,3862600,0.0,0.0,0.0
2024-07-15,159.88999938964844,162.27000427246094,157.85000610351562,159.4499969482422,157.88365173339844,7173000,0.0,0.0,0.0
2024-07-16,160.5500030517578,162.49000549316406,159.89999389648438,162.25999450683594,160.66604614257812,2921800,0.0,0.0,0.0
2024-07-17,157.00999450683594,158.39999389648438,155.0500030517578,155.38999938964844,153.86354064941406,3420700,0.0,0.0,0.0
2024-07-18,156.60000610351562,157.42999267578125,149.8800048828125,151.72999572753906,150.23948669433594,4144000,0.0,0.0,0.0
2024-07-19,151.32000732421875,152.6999969482422,147.63999938964844,148.5500030517578,147.09072875976562,3471000,0.0,0.0,0.0
2024-07-22,151.77000427246094,153.55999755859375,150.1199951171875,153.00999450683594,151.5069122314453,2958300,0.0,0.0,0.0
2024-07-23,152.9199981689453,154.75999450683594,151.8800048828125,152.2100067138672,150.7147674560547,2358100,0.0,0.0,0.0
2024-07-24,148.14999389648438,148.39999389648438,141.0800018310547,141.91000366210938,140.5159454345703,4813500,0.0,0.0,0.0
2024-07-25,141.89999389648438,146.7100067138672,138.8300018310547,139.5800018310547,138.20884704589844,5296400,0.0,0.0,0.0
2024-07-26,142.4499969482422,146.27000427246094,141.83999633789062,144.0399932861328,142.625,3872600,0.0,0.0,0.0
2024-07-29,145.36000061035156,146.14999389648438,142.74000549316406,144.2899932861328,142.87255859375,2990200,0.0,0.0,0.0
2024-07-30,145.5,146.3300018310547,139.32000732421875,142.07000732421875,140.6743927001953,4576900,0.0,0.0,0.0
2024-07-31,147.47999572753906,151.0800018310547,146.42999267578125,148.7100067138672,147.24916076660156,5787400,0.0,0.0,0.0
2024-08-01,150.3300018310547,152.1999969482422,139.69000244140625,142.52999877929688,141.12985229492188,8116300,0.0,0.0,0.0
2024-08-02,136.69000244140625,137.67999267578125,131.0800018310547,134.50999450683594,133.18862915039062,10774900,0.0,0.0,0.0
2024-08-05,118.26000213623047,127.3499984741211,117.29000091552734,122.73999786376953,121.53427124023438,11317000,0.0,0.0,0.0
2024-08-06,123.91000366210938,131.3699951171875,122.95999908447266,125.94999694824219,124.71273040771484,5711200,0.0,0.0,0.0
2024-08-07,130.5500030517578,132.75999450683594,122.95999908447266,123.44000244140625,122.2273941040039,10799500,0.0,0.0,0.0
2024-08-08,127.06999969482422,132.3300018310547,125.5999984741211,131.82000732421875,130.52508544921875,4320700,0.0,0.0,0.0
2024-08-09,131.14999389648438,134.6199951171875,130.1699981689453,133.35000610351562,132.04005432128906,8065000,0.0,0.0,0.0
2024-08-12,134.3699951171875,135.5,131.88999938964844,133.60000610351562,132.28759765625,3327100,0.0,0.0,0.0
2024-08-13,136.08999633789062,140.35000610351562,135.88999938964844,140.1300048828125,138.75344848632812,3235200,0.0,0.0,0.0
2024-08-14,140.82000732421875,142.39999389648438,138.6699981689453,141.50999450683594,140.119873046875,2989300,0.0,0.0,0.0
2024-08-15,145.9199981689453,148.94000244140625,145.44000244140625,148.6699981689453,147.20953369140625,3578500,0.0,0.0,0.0
2024-08-16,147.25999450683594,150.1199951171875,147.1199951171875,149.47999572753906,148.01158142089844,2597600,0.0,0.0,0.0
2024-08-19,149.8699951171875,153.7899932861328,149.19000244140625,153.7899932861328,152.2792205810547,2768100,0.0,0.0,0.0
2024-08-20,153.41000366210938,154.77999877929688,151.8800048828125,152.97999572753906,151.47720336914062,2297900,0.0,0.0,0.0
2024-08-21,153.77000427246094,155.72000122070312,152.38999938964844,154.50999450683594,152.99217224121094,3040600,0.0,0.0,0.0
2024-08-22,156.0500030517578,156.5500030517578,149.7899932861328,150.75999450683594,149.2790069580078,3765200,0.0,0.0,0.0
2024-08-23,153.3699951171875,156.25,151.5500030517578,155.3800048828125,153.8536376953125,4743200,0.0,0.0,0.0
2024-08-26,156.27000427246094,156.86000061035156,152.83999633789062,154.2899932861328,152.77432250976562,2804300,0.0,0.0,0.0
2024-08-27,153.17999267578125,155.27000427246094,152.2100067138672,154.8699951171875,153.3486328125,3837300,0.0,0.0,0.0
2024-08-28,154.50999450683594,154.88999938964844,149.41000366210938,152.16000366210938,150.66526794433594,3511300,0.0,0.0,0.0
2024-08-29,153.74000549316406,156.47000122070312,151.14999389648438,152.16000366210938,150.66526794433594,4573200,0.0,0.0,0.0
2024-08-30,153.88999938964844,156.67999267578125,150.92999267578125,156.17999267578125,154.645751953125,3453600,0.0,0.0,0.0
2024-09-03,153.50999450683594,153.80999755859375,144.38999938964844,146.60000610351562,145.15988159179688,10244100,0.0,0.0,0.0
2024-09-04,145.0,148.3699951171875,144.41000366210938,145.47999572753906,144.05087280273438,3761000,0.0,0.0,0.0
2024-09-05,145.50999450683594,147.77000427246094,142.47000122070312,144.39999389648438,142.9814910888672,3801300,0.0,0.0,0.0
2024-09-06,144.60000610351562,145.91000366210938,136.25999450683594,137.1300048828125,135.78289794921875,6112800,0.0,0.0,0.0
2024-09-09,140.25,142.52999877929688,138.72000122070312,141.5800018310547,140.18919372558594,3600400,0.0,0.0,0.0
2024-09-10,143.0399932861328,143.6300048828125,139.22000122070312,143.3699951171875,141.96160888671875,3421000,0.0,0.0,0.0
2024-09-11,143.22999572753906,148.44000244140625,136.35000610351562,147.6699981689453,146.2193603515625,5710000,0.0,0.0,0.0
2024-09-12,148.11000061035156,151.6300048828125,146.32000732421875,151.35000610351562,149.8632049560547,3872100,0.0,0.0,0.0
2024-09-13,151.74000549316406,154.4499969482422,151.5399932861328,153.52999877929688,152.02178955078125,3245400,0.0,0.0,0.0
2024-09-16,153.3699951171875,154.4499969482422,151.83999633789062,154.17999267578125,152.6654052734375,5514200,0.0,0.0,0.0
2024-09-17,156.0500030517578,157.25,152.47000122070312,154.3800048828125,152.8634490966797,2924900,0.0,0.0,0.0
2024-09-18,154.8800048828125,158.94000244140625,152.4499969482422,152.85000610351562,151.34848022460938,5223200,0.0,0.0,0.0
2024-09-19,160.74000549316406,162.27999877929688,158.3300018310547,160.63999938964844,159.06195068359375,3716300,0.0,0.0,0.0
2024-09-20,159.3800048828125,160.6199951171875,157.1300048828125,159.5500030517578,157.982666015625,3322900,0.0,0.0,0.0
2024-09-23,160.5800018310547,161.39999389648438,159.52999877929688,160.82000732421875,159.2401885986328,2099500,0.0,0.0,0.0
2024-09-24,161.32000732421875,162.0500030517578,158.83999633789062,161.92999267578125,160.53192138671875,2788500,0.193,0.0,0.0
2024-09-25,161.7899932861328,162.42999267578125,159.9199981689453,160.77999877929688,159.39187622070312,5808500,0.0,0.0,0.0
2024-09-26,164.5500030517578,164.77000427246094,160.72000122070312,162.77000427246094,161.36468505859375,3407200,0.0,0.0,0.0
2024-09-27,163.5399932861328,164.25,161.0,161.83999633789062,160.4427032470703,2367600,0.0,0.0,0.0
2024-09-30,160.9499969482422,164.30999755859375,159.02000427246094,163.9499969482422,162.53448486328125,2960000,0.0,0.0,0.0
2024-10-01,163.38999938964844,163.4600067138672,157.0500030517578,159.32000732421875,157.94447326660156,4132200,0.0,0.0,0.0
2024-10-02,158.50999450683594,160.3300018310547,156.44000244140625,159.4499969482422,158.07334899902344,2898700,0.0,0.0,0.0
2024-10-03,158.19000244140625,160.2100067138672,156.60000610351562,158.50999450683594,157.14146423339844,2641100,0.0,0.0,0.0
2024-10-04,162.1999969482422,163.0399932861328,158.6999969482422,162.63999938964844,161.23580932617188,3457000,0.0,0.0,0.0
2024-10-07,161.27000427246094,161.7899932861328,157.25999450683594,158.27999877929688,156.91343688964844,3427800,0.0,0.0,0.0
2024-10-08,160.3699951171875,163.13999938964844,159.66000366210938,162.63999938964844,161.23580932617188,2280700,0.0,0.0,0.0
2024-10-09,162.6699981689453,166.47999572753906,162.1300048828125,165.9199981689453,164.48748779296875,2653200,0.0,0.0,0.0
2024-10-10,164.8000030517578,166.33999633789062,163.6699981689453,165.0500030517578,163.625,3037400,0.0,0.0,0.0
2024-10-11,164.82000732421875,168.47999572753906,164.72000122070312,167.77000427246094,166.321533203125,2558400,0.0,0.0,0.0
2024-10-14,169.2100067138672,172.7100067138672,168.94000244140625,171.89999389648438,170.4158477783203,2107300,0.0,0.0,0.0
2024-10-15,172.1699981689453,172.4199981689453,166.80999755859375,167.89999389648438,166.45037841796875,2916300,0.0,0.0,0.0
2024-10-16,167.8699951171875,170.5,167.14999389648438,169.9499969482422,168.48269653320312,2130800,0.0,0.0,0.0
2024-10-17,173.19000244140625,173.3300018310547,169.8800048828125,170.0399932861328,168.57191467285156,2881400,0.0,0.0,0.0
2024-10-18,171.3800048828125,172.52999877929688,170.08999633789062,171.75999450683594,170.27706909179688,1942400,0.0,0.0,0.0
2024-10-21,171.16000366210938,171.99000549316406,168.25999450683594,170.97000122070312,169.49388122558594,2997100,0.0,0.0,0.0
2024-10-22,168.60000610351562,171.58999633789062,167.97000122070312,170.5399932861328,169.06759643554688,2744700,0.0,0.0,0.0
2024-10-23,168.69000244140625,169.08999633789062,162.67999267578125,165.7899932861328,164.3585968017578,4029100,0.0,0.0,0.0
2024-10-24,167.5399932861328,167.5500030517578,164.6199951171875,166.8300018310547,165.38963317871094,2580500,0.0,0.0,0.0
2024-10-25,168.7100067138672,171.25999450683594,165.7100067138672,166.5399932861328,165.1021270751953,3395400,0.0,0.0,0.0
2024-10-28,169.58999633789062,169.58999633789062,167.7899932861328,168.07000732421875,166.6189422607422,2245000,0.0,0.0,0.0
2024-10-29,167.2100067138672,169.8000030517578,165.9499969482422,168.7899932861328,167.33270263671875,2111100,0.0,0.0,0.0
2024-10-30,168.38999938964844,170.13999938964844,166.66000366210938,167.25,165.80599975585938,2960500,0.0,0.0,0.0
2024-10-31,163.36000061035156,163.42999267578125,157.2100067138672,157.3300018310547,155.97164916992188,4449600,0.0,0.0,0.0
2024-11-01,159.41000366210938,162.99000549316406,158.83999633789062,159.17999267578125,157.80567932128906,2965300,0.0,0.0,0.0
2024-11-04,159.25,160.38999938964844,156.52000427246094,158.16000366210938,156.79449462890625,2184900,0.0,0.0,0.0
2024-11-05,158.9199981689453,163.80999755859375,158.75,163.8000030517578,162.38580322265625,2332900,0.0,0.0,0.0
2024-11-06,174.47000122070312,176.77999877929688,171.19000244140625,175.97999572753906,174.4606170654297,4871700,0.0,0.0,0.0
2024-11-07,177.75999450683594,180.97000122070312,177.6999969482422,180.08999633789062,178.53515625,3284300,0.0,0.0,0.0
2024-11-08,180.3800048828125,183.5,180.36000061035156,182.22999572753906,180.6566619873047,2296600,0.0,0.0,0.0
2024-11-11,183.66000366210938,183.9600067138672,181.10000610351562,182.6999969482422,181.1226043701172,2620300,0.0,0.0,0.0
2024-11-12,182.60000610351562,183.1199951171875,178.61000061035156,180.86000061035156,179.2985076904297,2664100,0.0,0.0,0.0
2024-11-13,181.25,182.97999572753906,179.10000610351562,181.16000366210938,179.5959014892578,2840800,0.0,0.0,0.0
2024-11-14,181.14999389648438,181.6199951171875,176.9600067138672,177.5500030517578,176.01707458496094,2691600,0.0,0.0,0.0
2024-11-15,174.16000366210938,174.5800018310547,168.8800048828125,170.5500030517578,169.0775146484375,4853700,0.0,0.0,0.0
2024-11-18,170.9499969482422,173.8000030517578,170.16000366210938,172.69000244140625,171.1990509033203,2639600,0.0,0.0,0.0
2024-11-19,169.5,175.0800018310547,168.91000366210938,174.47999572753906,172.9735870361328,3473700,0.0,0.0,0.0
2024-11-20,174.38999938964844,174.74000549316406,169.27999877929688,174.5,172.99342346191406,3790800,0.0,0.0,0.0
2024-11-21,177.02000427246094,178.52000427246094,171.75,177.16000366210938,175.6304473876953,4258700,0.0,0.0,0.0
2024-11-22,177.1300048828125,179.35000610351562,176.67999267578125,178.74000549316406,177.19680786132812,2961800,0.0,0.0,0.0
2024-11-25,182.32000732421875,183.5,178.42999267578125,180.42999267578125,178.87220764160156,3279800,0.0,0.0,0.0
2024-11-26,181.63999938964844,183.92999267578125,180.97000122070312,183.32000732421875,181.73727416992188,2197000,0.0,0.0,0.0
2024-11-27,183.02000427246094,183.4499969482422,180.0800018310547,181.4199981689453,179.85366821289062,2578700,0.0,0.0,0.0
2024-11-29,182.08999633789062,185.44000244140625,181.88999938964844,184.69000244140625,183.09544372558594,1492700,0.0,0.0,0.0
2024-12-02,185.0800018310547,186.3000030517578,184.6300048828125,185.67999267578125,184.07687377929688,2172200,0.0,0.0,0.0
2024-12-03,185.41000366210938,186.11000061035156,184.42999267578125,185.86000061035156,184.25534057617188,1916700,0.0,0.0,0.0
2024-12-04,187.39999389648438,189.47999572753906,186.77000427246094,189.1699981689453,187.53675842285156,2323000,0.0,0.0,0.0
2024-12-05,189.17999267578125,189.97000122070312,187.9600067138672,188.2899932861328,186.6643524169922,2068900,0.0,0.0,0.0
2024-12-06,188.82000732421875,190.33999633789062,188.4199981689453,189.22000122070312,187.58631896972656,2718100,0.0,0.0,0.0
2024-12-09,189.0,189.16000366210938,185.61000061035156,186.16000366210938,184.55274963378906,2350200,0.0,0.0,0.0
2024-12-10,186.75,187.0500030517578,183.74000549316406,184.47999572753906,182.88723754882812,2396300,0.0,0.0,0.0
2024-12-11,187.10000610351562,189.52000427246094,186.77000427246094,188.63999938964844,187.01132202148438,2438600,0.0,0.0,0.0
2024-12-12,187.72000122070312,188.25,185.64999389648438,185.69000244140625,184.08680725097656,2141900,0.0,0.0,0.0
2024-12-13,187.39999389648438,188.02999877929688,184.0500030517578,185.4199981689453,183.81912231445312,2494500,0.0,0.0,0.0
2024-12-16,186.9199981689453,188.55999755859375,186.19000244140625,187.64999389648438,186.02987670898438,6451400,0.0,0.0,0.0
2024-12-17,185.14999389648438,186.07000732421875,183.97000122070312,185.14999389648438,183.55145263671875,3083100,0.0,0.0,0.0
2024-12-18,184.88999938964844,187.13999938964844,168.19000244140625,168.72999572753906,167.27322387695312,4801400,0.0,0.0,0.0
2024-12-19,172.8800048828125,174.36000061035156,168.17999267578125,168.3699951171875,166.91632080078125,4162000,0.0,0.0,0.0
2024-12-20,166.1300048828125,178.2100067138672,165.39999389648438,173.94000244140625,172.43824768066406,4783800,0.0,0.0,0.0
2024-12-23,173.63999938964844,177.57000732421875,170.77999877929688,177.11000061035156,175.90550231933594,7031100,0.321,0.0,0.0
2024-12-24,178.07000732421875,182.75,177.57000732421875,182.63999938964844,181.3979034423828,2183200,0.0,0.0,0.0
2024-12-26,181.07000732421875,183.7899932861328,179.80999755859375,182.64999389648438,181.4078369140625,2446700,0.0,0.0,0.0
2024-12-27,179.0500030517578,179.3300018310547,172.94000244140625,176.88999938964844,175.68701171875,4005300,0.0,0.0,0.0
2024-12-30,170.42999267578125,173.8000030517578,167.3000030517578,170.74000549316406,169.57882690429688,3726900,0.0,0.0,0.0
2024-12-31,172.08999633789062,172.6699981689453,167.30999755859375,168.6999969482422,167.5526885986328,3802500,0.0,0.0,0.0
2025-01-02,171.52999877929688,173.0399932861328,163.82000732421875,167.30999755859375,166.1721649169922,5967200,0.0,0.0,0.0
2025-01-03,169.72999572753906,174.0500030517578,168.75999450683594,173.3699951171875,172.19093322753906,7668000,0.0,0.0,0.0
2025-01-06,177.24000549316406,180.2899932861328,174.91000366210938,176.47000122070312,175.2698516845703,3588000,0.0,0.0,0.0
2025-01-07,178.2100067138672,178.5500030517578,168.77999877929688,170.52999877929688,169.37025451660156,4255700,0.0,0.0,0.0
2025-01-08,170.38999938964844,172.0,167.36000061035156,170.97000122070312,169.8072509765625,4246400,0.0,0.0,0.0
2025-01-10,167.72999572753906,167.75,161.3800048828125,163.08999633789062,161.98085021972656,7967500,0.0,0.0,0.0
2025-01-13,158.97999572753906,164.0,158.63999938964844,163.7899932861328,162.67608642578125,3609100,0.0,0.0,0.0
2025-01-14,166.1999969482422,166.74000549316406,161.13999938964844,164.22000122070312,163.10316467285156,3542200,0.0,0.0,0.0
2025-01-15,171.25,174.22999572753906,170.25,173.14999389648438,171.97244262695312,2980000,0.0,0.0,0.0
2025-01-16,174.3699951171875,174.6199951171875,171.61000061035156,172.3000030517578,171.1282196044922,2327800,0.0,0.0,0.0
2025-01-17,176.6300048828125,178.72999572753906,175.4199981689453,177.11000061035156,175.90550231933594,2967800,0.0,0.0,0.0
2025-01-21,179.92999267578125,181.94000244140625,178.14999389648438,181.83999633789062,180.60333251953125,4732500,0.0,0.0,0.0
2025-01-22,184.50999450683594,186.2100067138672,184.0800018310547,184.7899932861328,183.53326416015625,2074800,0.0,0.0,0.0
2025-01-23,184.3300018310547,187.89999389648438,184.10000610351562,187.8300018310547,186.5526123046875,1996100,0.0,0.0,0.0
2025-01-24,187.8300018310547,188.72000122070312,184.99000549316406,185.99000549316406,184.72512817382812,2318400,0.0,0.0,0.0
2025-01-27,173.94000244140625,178.4199981689453,173.77000427246094,178.1999969482422,176.9880828857422,3714300,0.0,0.0,0.0
2025-01-28,179.1699981689453,183.38999938964844,176.25,182.52000427246094,181.27871704101562,2542500,0.0,0.0,0.0
2025-01-29,181.8000030517578,182.22999572753906,177.82000732421875,180.22999572753906,179.00428771972656,2515300,0.0,0.0,0.0
2025-01-30,182.0500030517578,184.4199981689453,179.14999389648438,183.02999877929688,181.7852325439453,2688300,0.0,0.0,0.0
2025-01-31,185.1999969482422,187.3800048828125,179.25999450683594,179.97999572753906,178.7559814453125,3496200,0.0,0.0,0.0
2025-02-03,171.6300048828125,178.4600067138672,169.6999969482422,176.14999389648438,174.9520263671875,4077300,0.0,0.0,0.0
2025-02-04,176.2100067138672,180.13999938964844,175.72000122070312,179.52999877929688,178.30905151367188,2073400,0.0,0.0,0.0
2025-02-05,178.6999969482422,181.9600067138672,176.8300018310547,181.82000732421875,180.58348083496094,2030500,0.0,0.0,0.0
2025-02-06,183.30999755859375,183.74000549316406,180.36000061035156,183.6699981689453,182.42088317871094,2003300,0.0,0.0,0.0
2025-02-07,183.94000244140625,185.10000610351562,177.7899932861328,178.49000549316406,177.276123046875,3280600,0.0,0.0,0.0
2025-02-10,181.2899932861328,182.6199951171875,180.1199951171875,181.94000244140625,180.70265197753906,4471300,0.0,0.0,0.0
2025-02-11,179.8699951171875,182.88999938964844,179.77999877929688,182.32000732421875,181.080078125,1807900,0.0,0.0,0.0
2025-02-12,176.7899932861328,181.64999389648438,176.25,180.66000366210938,179.43136596679688,2622700,0.0,0.0,0.0
2025-02-13,181.55999755859375,186.41000366210938,180.39999389648438,186.13999938964844,184.87408447265625,2325600,0.0,0.0,0.0
2025-02-14,186.1699981689453,187.13999938964844,185.39999389648438,185.97000122070312,184.7052459716797,1542800,0.0,0.0,0.0
2025-02-18,187.00999450683594,187.47999572753906,184.6999969482422,187.41000366210938,186.1354522705078,1500000,0.0,0.0,0.0
2025-02-19,186.17999267578125,189.07000732421875,185.7100067138672,188.75,187.4663543701172,1804400,0.0,0.0,0.0
2025-02-20,187.47999572753906,187.57000732421875,183.30999755859375,186.32000732421875,185.05287170410156,2364200,0.0,0.0,0.0
2025-02-21,186.02000427246094,186.0500030517578,176.25,176.75999450683594,175.55787658691406,3413500,0.0,0.0,0.0
2025-02-24,178.38999938964844,179.32000732421875,173.5500030517578,174.19000244140625,173.00537109375,2548900,0.0,0.0,0.0
2025-02-25,174.11000061035156,174.7100067138672,167.44000244140625,171.5,170.3336639404297,3707600,0.0,0.0,0.0
2025-02-26,172.9600067138672,176.1199951171875,169.42999267578125,171.6300048828125,170.46278381347656,3217300,0.0,0.0,0.0
2025-02-27,173.66000366210938,174.67999267578125,163.10000610351562,163.5500030517578,162.43772888183594,3875300,0.0,0.0,0.0
2025-02-28,163.75999450683594,171.3699951171875,161.1199951171875,170.8699951171875,169.70794677734375,6333800,0.0,0.0,0.0
2025-03-03,172.58999633789062,173.6199951171875,158.57000732421875,162.0,160.8982696533203,4012000,0.0,0.0,0.0
2025-03-04,158.4600067138672,163.1300048828125,152.2100067138672,156.2100067138672,155.14764404296875,5799400,0.0,0.0,0.0
2025-03-05,155.85000610351562,162.50999450683594,152.9600067138672,160.5,159.40846252441406,4771000,0.0,0.0,0.0
2025-03-06,154.67999267578125,158.58999633789062,150.3000030517578,152.5399932861328,151.50259399414062,5562300,0.0,0.0,0.0
2025-03-07,150.80999755859375,155.9600067138672,146.66000366210938,154.6999969482422,153.64791870117188,6690100,0.0,0.0,0.0
2025-03-10,148.02999877929688,149.61000061035156,138.35000610351562,142.5,141.5308837890625,6907200,0.0,0.0,0.0
2025-03-11,141.41000366210938,144.0500030517578,135.80999755859375,138.8000030517578,137.85604858398438,5825000,0.0,0.0,0.0
2025-03-12,143.44000244140625,144.1300048828125,137.07000732421875,140.86000061035156,139.90203857421875,5739400,0.0,0.0,0.0
2025-03-13,140.58999633789062,141.02000427246094,133.94000244140625,135.33999633789062,134.41957092285156,6311200,0.0,0.0,0.0
2025-03-14,138.5800018310547,144.24000549316406,138.16000366210938,143.39999389648438,142.42474365234375,4291700,0.0,0.0,0.0
2025-03-17,143.44000244140625,148.77000427246094,143.10000610351562,146.5399932861328,145.54339599609375,10771000,0.0,0.0,0.0
2025-03-18,144.91000366210938,145.0500030517578,140.47000122070312,142.08999633789062,141.12367248535156,4032600,0.0,0.0,0.0
2025-03-19,143.27000427246094,149.47000122070312,142.4199981689453,146.4199981689453,145.42420959472656,4179300,0.0,0.0,0.0
2025-03-20,143.5500030517578,149.1699981689453,143.0,145.39999389648438,144.41114807128906,4695700,0.0,0.0,0.0
2025-03-21,141.58999633789062,145.9199981689453,140.63999938964844,145.32000732421875,144.3317108154297,3962500,0.0,0.0,0.0
2025-03-24,150.47999572753906,153.80999755859375,150.0,152.9199981689453,151.88002014160156,3407300,0.0,0.0,0.0
2025-03-25,153.4499969482422,154.33999633789062,152.1699981689453,153.52000427246094,152.97010803222656,2468800,0.494,0.0,0.0
2025-03-26,153.33999633789062,154.14999389648438,146.92999267578125,148.16000366210938,147.62930297851562,3513500,0.0,0.0,0.0
2025-03-27,146.92999267578125,149.7899932861328,145.14999389648438,146.8000030517578,146.274169921875,3465300,0.0,0.0,0.0
2025-03-28,145.44000244140625,146.02999877929688,137.36000061035156,137.92999267578125,137.43592834472656,7069400,0.0,0.0,0.0
2025-03-31,133.4199981689453,141.47999572753906,131.24000549316406,140.38999938964844,139.8871307373047,5325900,0.0,0.0,0.0
2025-04-01,139.0399932861328,143.16000366210938,136.19000244140625,141.7100067138672,141.20240783691406,3831700,0.0,0.0,0.0
2025-04-02,137.13999938964844,146.52000427246094,136.97999572753906,144.35000610351562,143.83294677734375,4748400,0.0,0.0,0.0
2025-04-03,129.3800048828125,131.5800018310547,123.11000061035156,123.81999969482422,123.37648010253906,7706000,0.0,0.0,0.0
2025-04-04,113.88999938964844,115.37999725341797,101.12000274658203,101.5,101.13643646240234,17536900,0.0,0.0,0.0
2025-04-07,91.45999908447266,111.93000030517578,87.08000183105469,100.75,100.38912200927734,19566300,0.0,0.0,0.0
2025-04-08,111.0999984741211,112.94000244140625,91.56999969482422,96.11000061035156,95.76573944091797,19905100,0.0,0.0,0.0
2025-04-09,94.08000183105469,124.66000366210938,93.83000183105469,122.5999984741211,122.16085052490234,22776600,0.0,0.0,0.0
2025-04-10,115.31999969482422,116.16999816894531,99.94000244140625,110.08999633789062,109.69566345214844,16152200,0.0,0.0,0.0
2025-04-11,109.06999969482422,117.5199966430664,107.19000244140625,115.73999786376953,115.32542419433594,9627100,0.0,0.0,0.0
2025-04-14,122.54000091552734,122.66000366210938,115.88999938964844,119.13999938964844,118.71324920654297,6601600,0.0,0.0,0.0
2025-04-15,119.62999725341797,121.94999694824219,117.7300033569336,118.29000091552734,117.86629486083984,5973800,0.0,0.0,0.0
2025-04-16,114.2699966430664,116.56999969482422,106.80999755859375,110.38999938964844,109.99459075927734,8068400,0.0,0.0,0.0
2025-04-17,111.37000274658203,113.5999984741211,109.08000183105469,110.63999938964844,110.24369049072266,6780000,0.0,0.0,0.0
2025-04-21,107.31999969482422,107.61000061035156,99.30999755859375,102.76000213623047,102.39192199707031,7740100,0.0,0.0,0.0
2025-04-22,106.4800033569336,111.91000366210938,105.8499984741211,110.43000030517578,110.0344467163086,6813100,0.0,0.0,0.0
2025-04-23,118.9800033569336,122.0199966430664,114.81999969482422,115.83999633789062,115.42506408691406,7358700,0.0,0.0,0.0
2025-04-24,116.56999969482422,123.5,115.80000305175781,123.01000213623047,122.56938934326172,4818000,0.0,0.0,0.0
2025-04-25,123.01000213623047,125.91000366210938,120.95999908447266,125.62000274658203,125.17003631591797,5054200,0.0,0.0,0.0
2025-04-28,126.11000061035156,127.56999969482422,121.7699966430664,125.81999969482422,125.36931610107422,5281800,0.0,0.0,0.0
2025-04-29,124.41000366210938,128.83999633789062,124.19999694824219,128.00999450683594,127.55146789550781,3640400,0.0,0.0,0.0
2025-04-30,123.4000015258789,129.47000122070312,119.19000244140625,128.08999633789062,127.63118743896484,6637100,0.0,0.0,0.0
2025-05-01,132.22999572753906,134.77999877929688,130.47000122070312,130.8000030517578,130.33148193359375,4671300,0.0,0.0,0.0
2025-05-02,135.22000122070312,137.75,133.50999450683594,136.5500030517578,136.06088256835938,9120400,0.0,0.0,0.0
2025-05-05,133.5399932861328,136.52000427246094,132.89999389648438,134.22999572753906,133.7491912841797,7693300,0.0,0.0,0.0
2025-05-06,130.1699981689453,134.02999877929688,129.49000549316406,130.88999938964844,130.42115783691406,3660700,0.0,0.0,0.0
2025-05-07,131.74000549316406,134.2899932861328,128.82000732421875,132.5,132.025390625,5290900,0.0,0.0,0.0
2025-05-08,135.30999755859375,138.89999389648438,132.75999450683594,135.1999969482422,134.71571350097656,5376700,0.0,0.0,0.0
2025-05-09,136.07000732421875,136.77000427246094,133.44000244140625,134.52000427246094,134.0381622314453,3287000,0.0,0.0,0.0
2025-05-12,146.72999572753906,147.8000030517578,143.5800018310547,147.72999572753906,147.20083618164062,4961600,0.0,0.0,0.0
2025-05-13,148.14999389648438,152.4199981689453,147.6999969482422,150.64999389648438,150.11038208007812,4033000,0.0,0.0,0.0
2025-05-14,151.47000122070312,152.32000732421875,149.6300048828125,151.1999969482422,150.6584014892578,3133600,0.0,0.0,0.0
2025-05-15,149.60000610351562,153.80999755859375,149.25999450683594,153.3300018310547,152.78077697753906,3577900,0.0,0.0,0.0
2025-05-16,153.88999938964844,156.42999267578125,152.3699951171875,156.25,155.69032287597656,3894300,0.0,0.0,0.0
2025-05-19,151.3800048828125,157.19000244140625,151.30999755859375,156.67999267578125,156.1187744140625,3712200,0.0,0.0,0.0
2025-05-20,155.22999572753906,155.97000122070312,152.50999450683594,154.92999267578125,154.3750457763672,3303300,0.0,0.0,0.0
2025-05-21,151.50999450683594,154.77999877929688,146.3000030517578,147.22000122070312,146.6926727294922,6423800,0.0,0.0,0.0
2025-05-22,146.94000244140625,149.9199981689453,146.0399932861328,147.14999389648438,146.62290954589844,3330800,0.0,0.0,0.0
2025-05-23,141.72999572753906,146.1199951171875,141.3800048828125,144.14999389648438,143.63365173339844,5231900,0.0,0.0,0.0
2025-05-27,149.3000030517578,153.14999389648438,147.97000122070312,153.02000427246094,152.47189331054688,7967800,0.0,0.0,0.0
2025-05-28,153.3699951171875,154.27999877929688,149.7899932861328,150.17999267578125,149.64205932617188,9107900,0.0,0.0,0.0
2025-05-29,154.39999389648438,154.49000549316406,149.00999450683594,152.22000122070312,151.6747589111328,9198800,0.0,0.0,0.0
2025-05-30,151.0800018310547,152.75999450683594,146.6999969482422,151.44000244140625,150.89755249023438,4948600,0.0,0.0,0.0
2025-06-02,150.1300048828125,154.02000427246094,148.05999755859375,153.9600067138672,153.4085235595703,3406700,0.0,0.0,0.0
2025-06-03,153.64999389648438,157.3300018310547,153.25,156.61000061035156,156.0490264892578,3018300,0.0,0.0,0.0
2025-06-04,157.22000122070312,157.97000122070312,156.0500030517578,156.3000030517578,155.74014282226562,7565500,0.0,0.0,0.0
2025-06-05,157.74000549316406,158.72000122070312,152.50999450683594,154.0500030517578,153.49819946289062,3782100,0.0,0.0,0.0
2025-06-06,158.27999877929688,159.97999572753906,156.88999938964844,158.57000732421875,158.00201416015625,2813200,0.0,0.0,0.0
2025-06-09,159.0800018310547,160.3000030517578,158.13999938964844,158.99000549316406,158.42051696777344,2091900,0.0,0.0,0.0
2025-06-10,159.4199981689453,162.00999450683594,158.52999877929688,161.6699981689453,161.09091186523438,2635100,0.0,0.0,0.0
2025-06-11,162.5500030517578,163.3000030517578,158.6300048828125,160.3300018310547,159.75570678710938,3205600,0.0,0.0,0.0
2025-06-12,159.1999969482422,162.1300048828125,158.77999877929688,162.02999877929688,161.44961547851562,2346200,0.0,0.0,0.0
2025-06-13,157.82000732421875,160.4600067138672,155.35000610351562,156.55999755859375,155.99920654296875,4041600,0.0,0.0,0.0
2025-06-16,159.25999450683594,162.39999389648438,159.13999938964844,161.02999877929688,160.4532012939453,2247500,0.0,0.0,0.0
2025-06-17,158.99000549316406,160.2100067138672,156.22999572753906,156.8300018310547,156.26824951171875,2824600,0.0,0.0,0.0
2025-06-18,157.47000122070312,159.64999389648438,155.94000244140625,156.6300048828125,156.0689697265625,2670000,0.0,0.0,0.0
2025-06-20,158.66000366210938,159.52999877929688,154.3000030517578,155.07000732421875,154.51455688476562,3006900,0.0,0.0,0.0
2025-06-23,155.9499969482422,160.32000732421875,153.4600067138672,159.97000122070312,159.39700317382812,8424500,0.0,0.0,0.0
2025-06-24,162.66000366210938,165.49000549316406,161.99000549316406,164.47000122070312,164.47000122070312,7873600,0.573,0.0,0.0
2025-06-25,165.52000427246094,165.97999572753906,163.60000610351562,164.75,164.75,5010800,0.0,0.0,0.0
2025-06-26,166.35000610351562,169.00999450683594,165.8699951171875,168.67999267578125,168.67999267578125,2286500,0.0,0.0,0.0
2025-06-27,169.49000549316406,172.2899932861328,167.69000244140625,170.92999267578125,170.92999267578125,3089300,0.0,0.0,0.0
2025-06-30,173.0800018310547,174.57000732421875,171.16000366210938,173.52999877929688,173.52999877929688,2878100,0.0,0.0,0.0
2025-07-01,172.1300048828125,174.22999572753906,171.5,173.22999572753906,173.22999572753906,2748400,0.0,0.0,0.0
2025-07-02,172.83999633789062,175.50999450683594,172.36000061035156,175.42999267578125,175.42999267578125,2045000,0.0,0.0,0.0
2025-07-03,177.0800018310547,180.24000549316406,177.0399932861328,179.41000366210938,179.41000366210938,4986000,0.0,0.0,0.0
2025-07-07,177.7100067138672,178.30999755859375,172.97000122070312,175.41000366210938,175.41000366210938,7478400,0.0,0.0,0.0
2025-07-08,175.9499969482422,176.5800018310547,174.38999938964844,175.07000732421875,175.07000732421875,2787500,0.0,0.0,0.0
2025-07-09,177.08999633789062,178.75,175.52999877929688,178.1199951171875,178.1199951171875,2502000,0.0,0.0,0.0
2025-07-10,178.25,180.5500030517578,177.25,179.63999938964844,179.63999938964844,2247700,0.0,0.0,0.0
2025-07-11,176.86000061035156,178.63999938964844,175.85000610351562,177.5399932861328,177.5399932861328,2303400,0.0,0.0,0.0
2025-07-14,177.14999389648438,178.85000610351562,176.0,178.49000549316406,178.49000549316406,2292400,0.0,0.0,0.0
2025-07-15,180.8699951171875,181.08999633789062,176.14999389648438,176.17999267578125,176.17999267578125,2427800,0.0,0.0,0.0
2025-07-16,177.55999755859375,178.3300018310547,172.7100067138672,177.86000061035156,177.86000061035156,2619500,0.0,0.0,0.0
2025-07-17,178.11000061035156,181.4600067138672,177.8699951171875,181.0399932861328,181.0399932861328,2268000,0.0,0.0,0.0
2025-07-18,182.0500030517578,182.1300048828125,179.6300048828125,180.60000610351562,180.60000610351562,1946600,0.0,0.0,0.0
2025-07-21,181.60000610351562,184.0,181.2100067138672,181.5500030517578,181.5500030517578,2388300,0.0,0.0,0.0
2025-07-22,181.77999877929688,182.2899932861328,179.3699951171875,181.5399932861328,181.5399932861328,1938600,0.0,0.0,0.0
2025-07-23,183.91000366210938,186.17999267578125,182.3000030517578,186.13999938964844,186.13999938964844,2472000,0.0,0.0,0.0
2025-07-24,186.5,187.8000030517578,185.9600067138672,186.3699951171875,186.3699951171875,2018400,0.0,0.0,0.0
2025-07-25,186.77999877929688,188.91000366210938,186.5500030517578,188.42999267578125,188.42999267578125,1606600,0.0,0.0,0.0
2025-07-28,188.83999633789062,189.30999755859375,187.13999938964844,188.2899932861328,188.2899932861328,1925700,0.0,0.0,0.0
2025-07-29,189.55999755859375,189.7899932861328,185.97000122070312,186.75999450683594,186.75999450683594,2123900,0.0,0.0,0.0
2025-07-30,187.39999389648438,188.8699951171875,183.4199981689453,186.05999755859375,186.05999755859375,2895500,0.0,0.0,0.0
2025-07-31,190.3699951171875,190.72000122070312,182.7100067138672,183.8000030517578,183.8000030517578,3018700,0.0,0.0,0.0
2025-08-01,178.7100067138672,178.7100067138672,172.6300048828125,174.64999389648438,174.64999389648438,4788400,0.0,0.0,0.0
2025-08-04,178.02000427246094,182.6300048828125,177.89999389648438,182.52999877929688,182.52999877929688,2112600,0.0,0.0,0.0
2025-08-05,183.14999389648438,183.83999633789062,179.0,179.8300018310547,179.8300018310547,1928100,0.0,0.0,0.0
2025-08-06,180.7100067138672,184.41000366210938,179.9199981689453,183.75999450683594,183.75999450683594,1941900,0.0,0.0,0.0
2025-08-07,186.86000061035156,187.47999572753906,180.66000366210938,183.42999267578125,183.42999267578125,2431100,0.0,0.0,0.0
2025-08-08,184.75999450683594,187.8800048828125,184.52999877929688,187.39999389648438,187.39999389648438,1965600,0.0,0.0,0.0
2025-08-11,187.66000366210938,188.99000549316406,185.24000549316406,186.2899932861328,186.2899932861328,5326300,0.0,0.0,0.0
2025-08-12,188.33999633789062,192.3800048828125,187.0500030517578,192.14999389648438,192.14999389648438,7123800,0.0,0.0,0.0
